,company,company_tier,ID
0,1kosmos,Tier_C,2938
1,6sense,Tier_C,2571
2,6sense,Tier_C,1105
3,6sense,Tier_C,1894
4,6sense,Tier_C,1497
5,6sense,Tier_C,250
6,6sense,Tier_C,968
7,6sense,Tier_C,528
8,accelya,Tier_C,2951
9,accenture,Tier_A,1
10,accenture,Tier_A,2
11,accenture,Tier_A,3
12,accenture,Tier_A,5
13,accenture,Tier_A,7
14,accenture,Tier_A,9
15,accenture,Tier_A,11
16,accenture,Tier_A,13
17,accenture,Tier_A,14
18,accenture,Tier_A,15
19,accenture,Tier_A,20
20,accenture,Tier_A,4
21,accenture,Tier_A,26
22,accenture,Tier_A,2859
23,accenture,Tier_A,34
24,accenture,Tier_A,48
25,accenture,Tier_A,53
26,accenture,Tier_A,54
27,accenture,Tier_A,56
28,accenture,Tier_A,70
29,accenture,Tier_A,72
30,accenture,Tier_A,88
31,accenture,Tier_A,104
32,accenture,Tier_A,118
33,accenture,Tier_A,121
34,accenture,Tier_A,125
35,accenture,Tier_A,135
36,accenture,Tier_A,2960
37,accenture,Tier_A,151
38,accenture,Tier_A,2099
39,accenture,Tier_A,162
40,accenture,Tier_A,176
41,accenture,Tier_A,179
42,accenture,Tier_A,3000
43,accenture,Tier_A,189
44,accenture,Tier_A,202
45,accenture,Tier_A,204
46,accenture,Tier_A,217
47,accenture,Tier_A,238
48,accenture,Tier_A,3028
49,accenture,Tier_A,242
50,accenture,Tier_A,279
51,accenture,Tier_A,300
52,accenture,Tier_A,319
53,accenture,Tier_A,3146
54,accenture,Tier_A,343
55,accenture,Tier_A,507
56,accenture,Tier_A,740
57,accenture,Tier_A,2855
58,accenture,Tier_A,509
59,accenture,Tier_A,1636
60,accenture,Tier_A,169
61,accenture,Tier_A,198
62,accenture,Tier_A,206
63,accenture,Tier_A,455
64,accenture,Tier_A,66
65,accenture,Tier_A,852
66,accenture,Tier_A,12
67,accenture,Tier_A,496
68,accenture,Tier_A,345
69,accenture,Tier_A,322
70,accenture,Tier_A,485
71,accenture,Tier_A,400
72,accenture,Tier_A,739
73,accenture,Tier_A,62
74,accenture,Tier_A,875
75,accenture,Tier_A,215
76,accenture,Tier_A,1823
77,accenture,Tier_A,214
78,accenture,Tier_A,542
79,accenture,Tier_A,185
80,accenture,Tier_A,1518
81,accenture,Tier_A,1512
82,accenture,Tier_A,962
83,accenture,Tier_A,2938
84,accenture,Tier_A,197
85,accenture,Tier_A,876
86,accenture,Tier_A,1742
87,accenture,Tier_A,17
88,accenture,Tier_A,219
89,accenture,Tier_A,2684
90,accenture,Tier_A,389
91,accenture,Tier_A,3345
92,accenture,Tier_A,3348
93,accenture,Tier_A,8
94,accenture,Tier_A,35
95,accenture,Tier_A,438
96,accenture,Tier_A,1312
97,accenture,Tier_A,136
98,accenture,Tier_A,344
99,accenture,Tier_A,387
100,accenture,Tier_A,283
101,accenture,Tier_A,200
102,accenture,Tier_A,10
103,accenture,Tier_A,22
104,accenture,Tier_A,131
105,accenture,Tier_A,2493
106,accenture,Tier_A,1661
107,accenture,Tier_A,19
108,accenture,Tier_A,1143
109,accenture,Tier_A,177
110,accenture,Tier_A,349
111,accenture,Tier_A,190
112,accenture,Tier_A,108
113,accenture,Tier_A,409
114,accenture,Tier_A,141
115,accenture,Tier_A,1903
116,accenture,Tier_A,451
117,accenture,Tier_A,181
118,accenture,Tier_A,2215
119,accenture,Tier_A,103
120,accenture,Tier_A,516
121,accenture,Tier_A,541
122,accenture,Tier_A,796
123,accenture,Tier_A,122
124,accenture,Tier_A,402
125,accenture,Tier_A,42
126,accenture,Tier_A,2235
127,accenture,Tier_A,18
128,accenture,Tier_A,525
129,accenture,Tier_A,32
130,accenture,Tier_A,3432
131,accenture,Tier_A,907
132,accenture,Tier_A,912
133,accenture,Tier_A,79
134,accenture,Tier_A,3779
135,accenture,Tier_A,50
136,accenture,Tier_A,81
137,accenture,Tier_A,178
138,accenture,Tier_A,396
139,accenture,Tier_A,560
140,accenture,Tier_A,724
141,accenture,Tier_A,977
142,accenture,Tier_A,199
143,accenture,Tier_A,51
144,accenture,Tier_A,21
145,accenture,Tier_A,670
146,accenture,Tier_A,1148
147,accenture,Tier_A,31
148,accenture,Tier_A,100
149,accenture,Tier_A,33
150,accenture,Tier_A,2011
151,accolite,Tier_C,1
152,accolite,Tier_C,3
153,accolite,Tier_C,5
154,accolite,Tier_C,2422
155,accolite,Tier_C,70
156,accolite,Tier_C,1234
157,accolite,Tier_C,1143
158,accolite,Tier_C,80
159,accolite,Tier_C,11
160,accolite,Tier_C,735
161,accolite,Tier_C,121
162,accolite,Tier_C,2
163,accolite,Tier_C,1654
164,accolite,Tier_C,134
165,accolite,Tier_C,321
166,accolite,Tier_C,49
167,accolite,Tier_C,53
168,accolite,Tier_C,322
169,accolite,Tier_C,3819
170,accolite,Tier_C,283
171,acko,Tier_C,2050
172,acko,Tier_C,1683
173,acko,Tier_C,2887
174,acko,Tier_C,1359
175,acorns,Tier_C,289
176,activision,Tier_C,1694
177,activision,Tier_C,394
178,activision,Tier_C,2964
179,adobe,Tier_A,1
180,adobe,Tier_A,2
181,adobe,Tier_A,3
182,adobe,Tier_A,4
183,adobe,Tier_A,5
184,adobe,Tier_A,7
185,adobe,Tier_A,8
186,adobe,Tier_A,11
187,adobe,Tier_A,12
188,adobe,Tier_A,13
189,adobe,Tier_A,14
190,adobe,Tier_A,15
191,adobe,Tier_A,20
192,adobe,Tier_A,22
193,adobe,Tier_A,25
194,adobe,Tier_A,27
195,adobe,Tier_A,31
196,adobe,Tier_A,33
197,adobe,Tier_A,40
198,adobe,Tier_A,42
199,adobe,Tier_A,45
200,adobe,Tier_A,48
201,adobe,Tier_A,49
202,adobe,Tier_A,50
203,adobe,Tier_A,51
204,adobe,Tier_A,54
205,adobe,Tier_A,55
206,adobe,Tier_A,56
207,adobe,Tier_A,69
208,adobe,Tier_A,70
209,adobe,Tier_A,74
210,adobe,Tier_A,75
211,adobe,Tier_A,76
212,adobe,Tier_A,83
213,adobe,Tier_A,84
214,adobe,Tier_A,91
215,adobe,Tier_A,93
216,adobe,Tier_A,102
217,adobe,Tier_A,103
218,adobe,Tier_A,105
219,adobe,Tier_A,121
220,adobe,Tier_A,125
221,adobe,Tier_A,127
222,adobe,Tier_A,128
223,adobe,Tier_A,130
224,adobe,Tier_A,134
225,adobe,Tier_A,136
226,adobe,Tier_A,146
227,adobe,Tier_A,152
228,adobe,Tier_A,155
229,adobe,Tier_A,167
230,adobe,Tier_A,169
231,adobe,Tier_A,173
232,adobe,Tier_A,179
233,adobe,Tier_A,195
234,adobe,Tier_A,198
235,adobe,Tier_A,200
236,adobe,Tier_A,206
237,adobe,Tier_A,207
238,adobe,Tier_A,208
239,adobe,Tier_A,215
240,adobe,Tier_A,217
241,adobe,Tier_A,227
242,adobe,Tier_A,236
243,adobe,Tier_A,237
244,adobe,Tier_A,238
245,adobe,Tier_A,239
246,adobe,Tier_A,253
247,adobe,Tier_A,258
248,adobe,Tier_A,268
249,adobe,Tier_A,283
250,adobe,Tier_A,292
251,adobe,Tier_A,322
252,adobe,Tier_A,347
253,adobe,Tier_A,387
254,adobe,Tier_A,394
255,adobe,Tier_A,402
256,adobe,Tier_A,417
257,adobe,Tier_A,424
258,adobe,Tier_A,540
259,adobe,Tier_A,542
260,adobe,Tier_A,547
261,adobe,Tier_A,556
262,adobe,Tier_A,560
263,adobe,Tier_A,567
264,adobe,Tier_A,584
265,adobe,Tier_A,703
266,adobe,Tier_A,793
267,adobe,Tier_A,795
268,adobe,Tier_A,864
269,adobe,Tier_A,875
270,adobe,Tier_A,528
271,adobe,Tier_A,904
272,adobe,Tier_A,908
273,adobe,Tier_A,910
274,adobe,Tier_A,977
275,adobe,Tier_A,993
276,adobe,Tier_A,994
277,adobe,Tier_A,1190
278,adobe,Tier_A,1916
279,adobe,Tier_A,1268
280,adobe,Tier_A,1581
281,adobe,Tier_A,1863
282,adobe,Tier_A,2055
283,adobe,Tier_A,2143
284,adobe,Tier_A,2328
285,adobe,Tier_A,2385
286,adobe,Tier_A,2406
287,adobe,Tier_A,2429
288,adobe,Tier_A,2422
289,adobe,Tier_A,2704
290,adobe,Tier_A,2892
291,adobe,Tier_A,2962
292,adobe,Tier_A,3173
293,adobe,Tier_A,2134
294,adobe,Tier_A,2895
295,adobe,Tier_A,2506
296,adobe,Tier_A,224
297,adobe,Tier_A,307
298,adobe,Tier_A,638
299,adobe,Tier_A,525
300,adobe,Tier_A,692
301,adobe,Tier_A,3046
302,adobe,Tier_A,329
303,adobe,Tier_A,355
304,adobe,Tier_A,1293
305,adobe,Tier_A,2536
306,adobe,Tier_A,761
307,adobe,Tier_A,1004
308,adobe,Tier_A,222
309,adobe,Tier_A,3636
310,adobe,Tier_A,669
311,adobe,Tier_A,468
312,adobe,Tier_A,2275
313,adobe,Tier_A,545
314,adobe,Tier_A,3528
315,adobe,Tier_A,339
316,adobe,Tier_A,1636
317,adobe,Tier_A,1507
318,adobe,Tier_A,219
319,adobe,Tier_A,1963
320,adobe,Tier_A,3736
321,adobe,Tier_A,2291
322,adobe,Tier_A,338
323,adobe,Tier_A,392
324,adobe,Tier_A,475
325,adobe,Tier_A,332
326,adobe,Tier_A,2215
327,adobe,Tier_A,124
328,adobe,Tier_A,67
329,adobe,Tier_A,1482
330,adobe,Tier_A,983
331,adobe,Tier_A,289
332,adobe,Tier_A,59
333,adobe,Tier_A,341
334,adobe,Tier_A,1326
335,adp,Tier_C,3463
336,adp,Tier_C,283
337,aetion,Tier_C,413
338,affinity,Tier_C,1106
339,affirm,Tier_C,3076
340,affirm,Tier_C,49
341,affirm,Tier_C,362
342,affirm,Tier_C,380
343,affirm,Tier_C,381
344,affirm,Tier_C,443
345,affirm,Tier_C,736
346,affirm,Tier_C,242
347,affirm,Tier_C,322
348,affirm,Tier_C,465
349,agoda,Tier_B,3
350,agoda,Tier_B,15
351,agoda,Tier_B,20
352,agoda,Tier_B,1011
353,agoda,Tier_B,120
354,agoda,Tier_B,121
355,agoda,Tier_B,198
356,agoda,Tier_B,3178
357,agoda,Tier_B,1636
358,agoda,Tier_B,2734
359,agoda,Tier_B,1190
360,agoda,Tier_B,394
361,agoda,Tier_B,63
362,agoda,Tier_B,380
363,agoda,Tier_B,12
364,agoda,Tier_B,496
365,agoda,Tier_B,1283
366,agoda,Tier_B,1200
367,agoda,Tier_B,977
368,agoda,Tier_B,739
369,agoda,Tier_B,1
370,agoda,Tier_B,713
371,agoda,Tier_B,844
372,agoda,Tier_B,724
373,agoda,Tier_B,1921
374,agoda,Tier_B,46
375,agoda,Tier_B,300
376,agoda,Tier_B,726
377,agoda,Tier_B,412
378,agoda,Tier_B,1048
379,agoda,Tier_B,767
380,agoda,Tier_B,70
381,agoda,Tier_B,239
382,agoda,Tier_B,202
383,agoda,Tier_B,1071
384,agoda,Tier_B,3787
385,agoda,Tier_B,322
386,agoda,Tier_B,560
387,agoda,Tier_B,122
388,agoda,Tier_B,1209
389,agoda,Tier_B,1331
390,agoda,Tier_B,75
391,agoda,Tier_B,55
392,agoda,Tier_B,3893
393,airbnb,Tier_B,1
394,airbnb,Tier_B,2
395,airbnb,Tier_B,10
396,airbnb,Tier_B,20
397,airbnb,Tier_B,23
398,airbnb,Tier_B,1058
399,airbnb,Tier_B,39
400,airbnb,Tier_B,42
401,airbnb,Tier_B,1017
402,airbnb,Tier_B,68
403,airbnb,Tier_B,76
404,airbnb,Tier_B,1166
405,airbnb,Tier_B,108
406,airbnb,Tier_B,2043
407,airbnb,Tier_B,136
408,airbnb,Tier_B,160
409,airbnb,Tier_B,1257
410,airbnb,Tier_B,190
411,airbnb,Tier_B,198
412,airbnb,Tier_B,202
413,airbnb,Tier_B,212
414,airbnb,Tier_B,217
415,airbnb,Tier_B,219
416,airbnb,Tier_B,220
417,airbnb,Tier_B,221
418,airbnb,Tier_B,227
419,airbnb,Tier_B,251
420,airbnb,Tier_B,269
421,airbnb,Tier_B,3076
422,airbnb,Tier_B,1235
423,airbnb,Tier_B,336
424,airbnb,Tier_B,348
425,airbnb,Tier_B,2189
426,airbnb,Tier_B,385
427,airbnb,Tier_B,1284
428,airbnb,Tier_B,1298
429,airbnb,Tier_B,415
430,airbnb,Tier_B,1041
431,airbnb,Tier_B,1557
432,airbnb,Tier_B,1554
433,airbnb,Tier_B,751
434,airbnb,Tier_B,755
435,airbnb,Tier_B,756
436,airbnb,Tier_B,759
437,airbnb,Tier_B,773
438,airbnb,Tier_B,787
439,airbnb,Tier_B,864
440,airbnb,Tier_B,981
441,airbnb,Tier_B,1091
442,airbnb,Tier_B,827
443,airbnb,Tier_B,713
444,airbnb,Tier_B,432
445,airbnb,Tier_B,605
446,airbnb,Tier_B,631
447,airbnb,Tier_B,400
448,airbnb,Tier_B,638
449,airbnb,Tier_B,53
450,airbnb,Tier_B,721
451,airbnb,Tier_B,727
452,airbnb,Tier_B,829
453,airbnb,Tier_B,1928
454,airbus,Tier_C,3164
455,airbus,Tier_C,3162
456,airbus,Tier_C,3224
457,airbus,Tier_C,1
458,airtel,Tier_C,3
459,airtel,Tier_C,1310
460,airtel,Tier_C,2971
461,airtel,Tier_C,34
462,airtel,Tier_C,31
463,airtel,Tier_C,121
464,airtel,Tier_C,11
465,airwallex,Tier_C,739
466,akamai,Tier_C,1
467,akamai,Tier_C,121
468,akamai,Tier_C,961
469,akamai,Tier_C,387
470,akamai,Tier_C,2235
471,akamai,Tier_C,62
472,akamai,Tier_C,54
473,akamai,Tier_C,3
474,akamai,Tier_C,525
475,akamai,Tier_C,647
476,akuna-capital,Tier_C,677
477,akuna-capital,Tier_C,740
478,akuna-capital,Tier_C,741
479,akuna-capital,Tier_C,743
480,akuna-capital,Tier_C,1649
481,akuna-capital,Tier_C,1665
482,akuna-capital,Tier_C,1177
483,akuna-capital,Tier_C,1425
484,akuna-capital,Tier_C,1223
485,akuna-capital,Tier_C,1819
486,akuna-capital,Tier_C,1319
487,akuna-capital,Tier_C,1326
488,akuna-capital,Tier_C,1338
489,akuna-capital,Tier_C,1370
490,akuna-capital,Tier_C,2497
491,akuna-capital,Tier_C,1192
492,akuna-capital,Tier_C,146
493,alibaba,Tier_C,548
494,alibaba,Tier_C,555
495,alibaba,Tier_C,666
496,alibaba,Tier_C,678
497,alibaba,Tier_C,215
498,allincall,Tier_C,1725
499,alphonso,Tier_C,1898
500,alten,Tier_C,14
501,altimetrik,Tier_C,1
502,altimetrik,Tier_C,2341
503,altimetrik,Tier_C,24
504,altimetrik,Tier_C,20
505,amadeus,Tier_C,2079
506,amadeus,Tier_C,242
507,amazon,Tier_A,1
508,amazon,Tier_A,2
509,amazon,Tier_A,3
510,amazon,Tier_A,4
511,amazon,Tier_A,5
512,amazon,Tier_A,6
513,amazon,Tier_A,7
514,amazon,Tier_A,8
515,amazon,Tier_A,9
516,amazon,Tier_A,10
517,amazon,Tier_A,11
518,amazon,Tier_A,12
519,amazon,Tier_A,13
520,amazon,Tier_A,14
521,amazon,Tier_A,15
522,amazon,Tier_A,16
523,amazon,Tier_A,17
524,amazon,Tier_A,18
525,amazon,Tier_A,19
526,amazon,Tier_A,20
527,amazon,Tier_A,21
528,amazon,Tier_A,22
529,amazon,Tier_A,23
530,amazon,Tier_A,24
531,amazon,Tier_A,25
532,amazon,Tier_A,26
533,amazon,Tier_A,27
534,amazon,Tier_A,28
535,amazon,Tier_A,29
536,amazon,Tier_A,30
537,amazon,Tier_A,31
538,amazon,Tier_A,32
539,amazon,Tier_A,33
540,amazon,Tier_A,34
541,amazon,Tier_A,35
542,amazon,Tier_A,36
543,amazon,Tier_A,37
544,amazon,Tier_A,38
545,amazon,Tier_A,39
546,amazon,Tier_A,40
547,amazon,Tier_A,41
548,amazon,Tier_A,42
549,amazon,Tier_A,43
550,amazon,Tier_A,44
551,amazon,Tier_A,45
552,amazon,Tier_A,46
553,amazon,Tier_A,47
554,amazon,Tier_A,48
555,amazon,Tier_A,49
556,amazon,Tier_A,50
557,amazon,Tier_A,51
558,amazon,Tier_A,52
559,amazon,Tier_A,53
560,amazon,Tier_A,54
561,amazon,Tier_A,55
562,amazon,Tier_A,56
563,amazon,Tier_A,57
564,amazon,Tier_A,58
565,amazon,Tier_A,59
566,amazon,Tier_A,60
567,amazon,Tier_A,61
568,amazon,Tier_A,62
569,amazon,Tier_A,63
570,amazon,Tier_A,64
571,amazon,Tier_A,65
572,amazon,Tier_A,66
573,amazon,Tier_A,67
574,amazon,Tier_A,68
575,amazon,Tier_A,69
576,amazon,Tier_A,70
577,amazon,Tier_A,71
578,amazon,Tier_A,72
579,amazon,Tier_A,73
580,amazon,Tier_A,74
581,amazon,Tier_A,75
582,amazon,Tier_A,76
583,amazon,Tier_A,77
584,amazon,Tier_A,78
585,amazon,Tier_A,79
586,amazon,Tier_A,80
587,amazon,Tier_A,81
588,amazon,Tier_A,82
589,amazon,Tier_A,83
590,amazon,Tier_A,84
591,amazon,Tier_A,85
592,amazon,Tier_A,86
593,amazon,Tier_A,87
594,amazon,Tier_A,88
595,amazon,Tier_A,89
596,amazon,Tier_A,90
597,amazon,Tier_A,91
598,amazon,Tier_A,92
599,amazon,Tier_A,93
600,amazon,Tier_A,94
601,amazon,Tier_A,95
602,amazon,Tier_A,96
603,amazon,Tier_A,97
604,amazon,Tier_A,98
605,amazon,Tier_A,99
606,amazon,Tier_A,100
607,amazon,Tier_A,101
608,amazon,Tier_A,102
609,amazon,Tier_A,103
610,amazon,Tier_A,104
611,amazon,Tier_A,105
612,amazon,Tier_A,106
613,amazon,Tier_A,107
614,amazon,Tier_A,108
615,amazon,Tier_A,109
616,amazon,Tier_A,110
617,amazon,Tier_A,111
618,amazon,Tier_A,112
619,amazon,Tier_A,113
620,amazon,Tier_A,114
621,amazon,Tier_A,115
622,amazon,Tier_A,116
623,amazon,Tier_A,117
624,amazon,Tier_A,118
625,amazon,Tier_A,119
626,amazon,Tier_A,120
627,amazon,Tier_A,121
628,amazon,Tier_A,122
629,amazon,Tier_A,123
630,amazon,Tier_A,124
631,amazon,Tier_A,125
632,amazon,Tier_A,126
633,amazon,Tier_A,127
634,amazon,Tier_A,128
635,amazon,Tier_A,129
636,amazon,Tier_A,130
637,amazon,Tier_A,131
638,amazon,Tier_A,132
639,amazon,Tier_A,133
640,amazon,Tier_A,134
641,amazon,Tier_A,135
642,amazon,Tier_A,136
643,amazon,Tier_A,137
644,amazon,Tier_A,138
645,amazon,Tier_A,139
646,amazon,Tier_A,140
647,amazon,Tier_A,141
648,amazon,Tier_A,142
649,amazon,Tier_A,143
650,amazon,Tier_A,144
651,amazon,Tier_A,145
652,amazon,Tier_A,146
653,amazon,Tier_A,148
654,amazon,Tier_A,149
655,amazon,Tier_A,150
656,amazon,Tier_A,151
657,amazon,Tier_A,152
658,amazon,Tier_A,153
659,amazon,Tier_A,154
660,amazon,Tier_A,155
661,amazon,Tier_A,159
662,amazon,Tier_A,160
663,amazon,Tier_A,162
664,amazon,Tier_A,164
665,amazon,Tier_A,165
666,amazon,Tier_A,166
667,amazon,Tier_A,167
668,amazon,Tier_A,168
669,amazon,Tier_A,169
670,amazon,Tier_A,171
671,amazon,Tier_A,172
672,amazon,Tier_A,173
673,amazon,Tier_A,174
674,amazon,Tier_A,175
675,amazon,Tier_A,176
676,amazon,Tier_A,177
677,amazon,Tier_A,178
678,amazon,Tier_A,179
679,amazon,Tier_A,180
680,amazon,Tier_A,181
681,amazon,Tier_A,182
682,amazon,Tier_A,183
683,amazon,Tier_A,184
684,amazon,Tier_A,185
685,amazon,Tier_A,186
686,amazon,Tier_A,187
687,amazon,Tier_A,188
688,amazon,Tier_A,189
689,amazon,Tier_A,190
690,amazon,Tier_A,191
691,amazon,Tier_A,193
692,amazon,Tier_A,196
693,amazon,Tier_A,197
694,amazon,Tier_A,198
695,amazon,Tier_A,199
696,amazon,Tier_A,200
697,amazon,Tier_A,201
698,amazon,Tier_A,202
699,amazon,Tier_A,203
700,amazon,Tier_A,204
701,amazon,Tier_A,205
702,amazon,Tier_A,206
703,amazon,Tier_A,207
704,amazon,Tier_A,208
705,amazon,Tier_A,209
706,amazon,Tier_A,210
707,amazon,Tier_A,211
708,amazon,Tier_A,212
709,amazon,Tier_A,213
710,amazon,Tier_A,214
711,amazon,Tier_A,215
712,amazon,Tier_A,216
713,amazon,Tier_A,217
714,amazon,Tier_A,218
715,amazon,Tier_A,219
716,amazon,Tier_A,220
717,amazon,Tier_A,221
718,amazon,Tier_A,222
719,amazon,Tier_A,224
720,amazon,Tier_A,225
721,amazon,Tier_A,226
722,amazon,Tier_A,227
723,amazon,Tier_A,228
724,amazon,Tier_A,229
725,amazon,Tier_A,230
726,amazon,Tier_A,231
727,amazon,Tier_A,232
728,amazon,Tier_A,233
729,amazon,Tier_A,234
730,amazon,Tier_A,235
731,amazon,Tier_A,236
732,amazon,Tier_A,237
733,amazon,Tier_A,238
734,amazon,Tier_A,239
735,amazon,Tier_A,240
736,amazon,Tier_A,241
737,amazon,Tier_A,242
738,amazon,Tier_A,243
739,amazon,Tier_A,252
740,amazon,Tier_A,253
741,amazon,Tier_A,257
742,amazon,Tier_A,258
743,amazon,Tier_A,260
744,amazon,Tier_A,261
745,amazon,Tier_A,262
746,amazon,Tier_A,263
747,amazon,Tier_A,264
748,amazon,Tier_A,268
749,amazon,Tier_A,269
750,amazon,Tier_A,271
751,amazon,Tier_A,272
752,amazon,Tier_A,273
753,amazon,Tier_A,274
754,amazon,Tier_A,277
755,amazon,Tier_A,278
756,amazon,Tier_A,279
757,amazon,Tier_A,283
758,amazon,Tier_A,286
759,amazon,Tier_A,287
760,amazon,Tier_A,289
761,amazon,Tier_A,290
762,amazon,Tier_A,295
763,amazon,Tier_A,296
764,amazon,Tier_A,297
765,amazon,Tier_A,299
766,amazon,Tier_A,300
767,amazon,Tier_A,301
768,amazon,Tier_A,303
769,amazon,Tier_A,304
770,amazon,Tier_A,309
771,amazon,Tier_A,310
772,amazon,Tier_A,312
773,amazon,Tier_A,314
774,amazon,Tier_A,315
775,amazon,Tier_A,316
776,amazon,Tier_A,317
777,amazon,Tier_A,318
778,amazon,Tier_A,319
779,amazon,Tier_A,321
780,amazon,Tier_A,322
781,amazon,Tier_A,323
782,amazon,Tier_A,324
783,amazon,Tier_A,325
784,amazon,Tier_A,326
785,amazon,Tier_A,327
786,amazon,Tier_A,328
787,amazon,Tier_A,329
788,amazon,Tier_A,330
789,amazon,Tier_A,332
790,amazon,Tier_A,334
791,amazon,Tier_A,336
792,amazon,Tier_A,337
793,amazon,Tier_A,338
794,amazon,Tier_A,339
795,amazon,Tier_A,340
796,amazon,Tier_A,341
797,amazon,Tier_A,342
798,amazon,Tier_A,343
799,amazon,Tier_A,344
800,amazon,Tier_A,345
801,amazon,Tier_A,346
802,amazon,Tier_A,347
803,amazon,Tier_A,348
804,amazon,Tier_A,349
805,amazon,Tier_A,350
806,amazon,Tier_A,354
807,amazon,Tier_A,355
808,amazon,Tier_A,359
809,amazon,Tier_A,362
810,amazon,Tier_A,366
811,amazon,Tier_A,367
812,amazon,Tier_A,368
813,amazon,Tier_A,369
814,amazon,Tier_A,371
815,amazon,Tier_A,372
816,amazon,Tier_A,373
817,amazon,Tier_A,374
818,amazon,Tier_A,377
819,amazon,Tier_A,378
820,amazon,Tier_A,380
821,amazon,Tier_A,381
822,amazon,Tier_A,383
823,amazon,Tier_A,384
824,amazon,Tier_A,385
825,amazon,Tier_A,386
826,amazon,Tier_A,387
827,amazon,Tier_A,388
828,amazon,Tier_A,389
829,amazon,Tier_A,390
830,amazon,Tier_A,392
831,amazon,Tier_A,394
832,amazon,Tier_A,395
833,amazon,Tier_A,396
834,amazon,Tier_A,398
835,amazon,Tier_A,399
836,amazon,Tier_A,402
837,amazon,Tier_A,403
838,amazon,Tier_A,404
839,amazon,Tier_A,405
840,amazon,Tier_A,406
841,amazon,Tier_A,407
842,amazon,Tier_A,408
843,amazon,Tier_A,409
844,amazon,Tier_A,410
845,amazon,Tier_A,412
846,amazon,Tier_A,413
847,amazon,Tier_A,414
848,amazon,Tier_A,415
849,amazon,Tier_A,416
850,amazon,Tier_A,417
851,amazon,Tier_A,419
852,amazon,Tier_A,420
853,amazon,Tier_A,421
854,amazon,Tier_A,424
855,amazon,Tier_A,432
856,amazon,Tier_A,433
857,amazon,Tier_A,435
858,amazon,Tier_A,436
859,amazon,Tier_A,437
860,amazon,Tier_A,438
861,amazon,Tier_A,441
862,amazon,Tier_A,442
863,amazon,Tier_A,443
864,amazon,Tier_A,445
865,amazon,Tier_A,446
866,amazon,Tier_A,448
867,amazon,Tier_A,449
868,amazon,Tier_A,450
869,amazon,Tier_A,451
870,amazon,Tier_A,452
871,amazon,Tier_A,453
872,amazon,Tier_A,454
873,amazon,Tier_A,455
874,amazon,Tier_A,456
875,amazon,Tier_A,457
876,amazon,Tier_A,459
877,amazon,Tier_A,460
878,amazon,Tier_A,461
879,amazon,Tier_A,462
880,amazon,Tier_A,463
881,amazon,Tier_A,464
882,amazon,Tier_A,465
883,amazon,Tier_A,468
884,amazon,Tier_A,472
885,amazon,Tier_A,475
886,amazon,Tier_A,480
887,amazon,Tier_A,481
888,amazon,Tier_A,485
889,amazon,Tier_A,486
890,amazon,Tier_A,493
891,amazon,Tier_A,494
892,amazon,Tier_A,496
893,amazon,Tier_A,498
894,amazon,Tier_A,500
895,amazon,Tier_A,502
896,amazon,Tier_A,503
897,amazon,Tier_A,504
898,amazon,Tier_A,506
899,amazon,Tier_A,507
900,amazon,Tier_A,508
901,amazon,Tier_A,2036
902,amazon,Tier_A,513
903,amazon,Tier_A,515
904,amazon,Tier_A,516
905,amazon,Tier_A,517
906,amazon,Tier_A,518
907,amazon,Tier_A,523
908,amazon,Tier_A,525
909,amazon,Tier_A,526
910,amazon,Tier_A,1721
911,amazon,Tier_A,529
912,amazon,Tier_A,532
913,amazon,Tier_A,535
914,amazon,Tier_A,536
915,amazon,Tier_A,537
916,amazon,Tier_A,538
917,amazon,Tier_A,539
918,amazon,Tier_A,540
919,amazon,Tier_A,541
920,amazon,Tier_A,542
921,amazon,Tier_A,543
922,amazon,Tier_A,545
923,amazon,Tier_A,547
924,amazon,Tier_A,553
925,amazon,Tier_A,554
926,amazon,Tier_A,556
927,amazon,Tier_A,557
928,amazon,Tier_A,560
929,amazon,Tier_A,561
930,amazon,Tier_A,564
931,amazon,Tier_A,567
932,amazon,Tier_A,570
933,amazon,Tier_A,572
934,amazon,Tier_A,577
935,amazon,Tier_A,579
936,amazon,Tier_A,581
937,amazon,Tier_A,582
938,amazon,Tier_A,583
939,amazon,Tier_A,584
940,amazon,Tier_A,585
941,amazon,Tier_A,587
942,amazon,Tier_A,588
943,amazon,Tier_A,594
944,amazon,Tier_A,595
945,amazon,Tier_A,601
946,amazon,Tier_A,602
947,amazon,Tier_A,605
948,amazon,Tier_A,606
949,amazon,Tier_A,607
950,amazon,Tier_A,610
951,amazon,Tier_A,611
952,amazon,Tier_A,617
953,amazon,Tier_A,620
954,amazon,Tier_A,621
955,amazon,Tier_A,626
956,amazon,Tier_A,627
957,amazon,Tier_A,628
958,amazon,Tier_A,630
959,amazon,Tier_A,632
960,amazon,Tier_A,633
961,amazon,Tier_A,636
962,amazon,Tier_A,638
963,amazon,Tier_A,640
964,amazon,Tier_A,642
965,amazon,Tier_A,643
966,amazon,Tier_A,645
967,amazon,Tier_A,646
968,amazon,Tier_A,647
969,amazon,Tier_A,648
970,amazon,Tier_A,649
971,amazon,Tier_A,650
972,amazon,Tier_A,652
973,amazon,Tier_A,653
974,amazon,Tier_A,655
975,amazon,Tier_A,658
976,amazon,Tier_A,661
977,amazon,Tier_A,662
978,amazon,Tier_A,663
979,amazon,Tier_A,664
980,amazon,Tier_A,669
981,amazon,Tier_A,670
982,amazon,Tier_A,673
983,amazon,Tier_A,675
984,amazon,Tier_A,678
985,amazon,Tier_A,680
986,amazon,Tier_A,682
987,amazon,Tier_A,684
988,amazon,Tier_A,686
989,amazon,Tier_A,692
990,amazon,Tier_A,694
991,amazon,Tier_A,695
992,amazon,Tier_A,696
993,amazon,Tier_A,698
994,amazon,Tier_A,711
995,amazon,Tier_A,712
996,amazon,Tier_A,713
997,amazon,Tier_A,714
998,amazon,Tier_A,715
999,amazon,Tier_A,716
1000,amazon,Tier_A,718
1001,amazon,Tier_A,719
1002,amazon,Tier_A,720
1003,amazon,Tier_A,721
1004,amazon,Tier_A,724
1005,amazon,Tier_A,725
1006,amazon,Tier_A,726
1007,amazon,Tier_A,729
1008,amazon,Tier_A,730
1009,amazon,Tier_A,731
1010,amazon,Tier_A,733
1011,amazon,Tier_A,735
1012,amazon,Tier_A,738
1013,amazon,Tier_A,739
1014,amazon,Tier_A,740
1015,amazon,Tier_A,742
1016,amazon,Tier_A,743
1017,amazon,Tier_A,744
1018,amazon,Tier_A,746
1019,amazon,Tier_A,752
1020,amazon,Tier_A,754
1021,amazon,Tier_A,426
1022,amazon,Tier_A,759
1023,amazon,Tier_A,429
1024,amazon,Tier_A,428
1025,amazon,Tier_A,430
1026,amazon,Tier_A,762
1027,amazon,Tier_A,763
1028,amazon,Tier_A,427
1029,amazon,Tier_A,767
1030,amazon,Tier_A,771
1031,amazon,Tier_A,700
1032,amazon,Tier_A,701
1033,amazon,Tier_A,772
1034,amazon,Tier_A,703
1035,amazon,Tier_A,775
1036,amazon,Tier_A,776
1037,amazon,Tier_A,704
1038,amazon,Tier_A,778
1039,amazon,Tier_A,779
1040,amazon,Tier_A,780
1041,amazon,Tier_A,781
1042,amazon,Tier_A,784
1043,amazon,Tier_A,785
1044,amazon,Tier_A,787
1045,amazon,Tier_A,788
1046,amazon,Tier_A,790
1047,amazon,Tier_A,791
1048,amazon,Tier_A,792
1049,amazon,Tier_A,796
1050,amazon,Tier_A,797
1051,amazon,Tier_A,705
1052,amazon,Tier_A,706
1053,amazon,Tier_A,801
1054,amazon,Tier_A,802
1055,amazon,Tier_A,812
1056,amazon,Tier_A,814
1057,amazon,Tier_A,815
1058,amazon,Tier_A,817
1059,amazon,Tier_A,818
1060,amazon,Tier_A,819
1061,amazon,Tier_A,707
1062,amazon,Tier_A,826
1063,amazon,Tier_A,827
1064,amazon,Tier_A,828
1065,amazon,Tier_A,622
1066,amazon,Tier_A,832
1067,amazon,Tier_A,834
1068,amazon,Tier_A,489
1069,amazon,Tier_A,836
1070,amazon,Tier_A,839
1071,amazon,Tier_A,841
1072,amazon,Tier_A,842
1073,amazon,Tier_A,843
1074,amazon,Tier_A,844
1075,amazon,Tier_A,845
1076,amazon,Tier_A,846
1077,amazon,Tier_A,847
1078,amazon,Tier_A,849
1079,amazon,Tier_A,851
1080,amazon,Tier_A,852
1081,amazon,Tier_A,853
1082,amazon,Tier_A,857
1083,amazon,Tier_A,860
1084,amazon,Tier_A,862
1085,amazon,Tier_A,863
1086,amazon,Tier_A,867
1087,amazon,Tier_A,869
1088,amazon,Tier_A,870
1089,amazon,Tier_A,871
1090,amazon,Tier_A,872
1091,amazon,Tier_A,874
1092,amazon,Tier_A,875
1093,amazon,Tier_A,876
1094,amazon,Tier_A,878
1095,amazon,Tier_A,879
1096,amazon,Tier_A,528
1097,amazon,Tier_A,880
1098,amazon,Tier_A,881
1099,amazon,Tier_A,885
1100,amazon,Tier_A,887
1101,amazon,Tier_A,888
1102,amazon,Tier_A,889
1103,amazon,Tier_A,890
1104,amazon,Tier_A,894
1105,amazon,Tier_A,895
1106,amazon,Tier_A,896
1107,amazon,Tier_A,897
1108,amazon,Tier_A,899
1109,amazon,Tier_A,901
1110,amazon,Tier_A,902
1111,amazon,Tier_A,904
1112,amazon,Tier_A,905
1113,amazon,Tier_A,907
1114,amazon,Tier_A,909
1115,amazon,Tier_A,910
1116,amazon,Tier_A,912
1117,amazon,Tier_A,913
1118,amazon,Tier_A,918
1119,amazon,Tier_A,921
1120,amazon,Tier_A,922
1121,amazon,Tier_A,926
1122,amazon,Tier_A,930
1123,amazon,Tier_A,931
1124,amazon,Tier_A,932
1125,amazon,Tier_A,933
1126,amazon,Tier_A,934
1127,amazon,Tier_A,935
1128,amazon,Tier_A,937
1129,amazon,Tier_A,938
1130,amazon,Tier_A,941
1131,amazon,Tier_A,945
1132,amazon,Tier_A,946
1133,amazon,Tier_A,947
1134,amazon,Tier_A,950
1135,amazon,Tier_A,951
1136,amazon,Tier_A,953
1137,amazon,Tier_A,957
1138,amazon,Tier_A,958
1139,amazon,Tier_A,959
1140,amazon,Tier_A,962
1141,amazon,Tier_A,968
1142,amazon,Tier_A,509
1143,amazon,Tier_A,973
1144,amazon,Tier_A,974
1145,amazon,Tier_A,976
1146,amazon,Tier_A,977
1147,amazon,Tier_A,979
1148,amazon,Tier_A,980
1149,amazon,Tier_A,981
1150,amazon,Tier_A,983
1151,amazon,Tier_A,986
1152,amazon,Tier_A,987
1153,amazon,Tier_A,992
1154,amazon,Tier_A,993
1155,amazon,Tier_A,994
1156,amazon,Tier_A,995
1157,amazon,Tier_A,997
1158,amazon,Tier_A,1000
1159,amazon,Tier_A,1002
1160,amazon,Tier_A,1004
1161,amazon,Tier_A,1008
1162,amazon,Tier_A,1010
1163,amazon,Tier_A,1011
1164,amazon,Tier_A,1060
1165,amazon,Tier_A,1062
1166,amazon,Tier_A,1067
1167,amazon,Tier_A,1019
1168,amazon,Tier_A,1020
1169,amazon,Tier_A,1086
1170,amazon,Tier_A,1065
1171,amazon,Tier_A,1021
1172,amazon,Tier_A,1022
1173,amazon,Tier_A,1085
1174,amazon,Tier_A,1099
1175,amazon,Tier_A,1100
1176,amazon,Tier_A,1025
1177,amazon,Tier_A,1027
1178,amazon,Tier_A,1118
1179,amazon,Tier_A,1119
1180,amazon,Tier_A,1134
1181,amazon,Tier_A,1120
1182,amazon,Tier_A,1026
1183,amazon,Tier_A,1028
1184,amazon,Tier_A,1029
1185,amazon,Tier_A,1032
1186,amazon,Tier_A,1133
1187,amazon,Tier_A,1102
1188,amazon,Tier_A,1135
1189,amazon,Tier_A,1035
1190,amazon,Tier_A,1152
1191,amazon,Tier_A,1039
1192,amazon,Tier_A,1160
1193,amazon,Tier_A,1038
1194,amazon,Tier_A,1161
1195,amazon,Tier_A,1162
1196,amazon,Tier_A,1041
1197,amazon,Tier_A,1043
1198,amazon,Tier_A,1044
1199,amazon,Tier_A,1166
1200,amazon,Tier_A,1167
1201,amazon,Tier_A,1046
1202,amazon,Tier_A,1047
1203,amazon,Tier_A,1048
1204,amazon,Tier_A,1163
1205,amazon,Tier_A,1045
1206,amazon,Tier_A,1050
1207,amazon,Tier_A,1051
1208,amazon,Tier_A,1052
1209,amazon,Tier_A,1054
1210,amazon,Tier_A,1197
1211,amazon,Tier_A,1074
1212,amazon,Tier_A,1071
1213,amazon,Tier_A,1214
1214,amazon,Tier_A,1068
1215,amazon,Tier_A,1069
1216,amazon,Tier_A,1070
1217,amazon,Tier_A,1080
1218,amazon,Tier_A,1081
1219,amazon,Tier_A,1075
1220,amazon,Tier_A,1229
1221,amazon,Tier_A,1089
1222,amazon,Tier_A,1092
1223,amazon,Tier_A,1091
1224,amazon,Tier_A,1082
1225,amazon,Tier_A,1083
1226,amazon,Tier_A,1084
1227,amazon,Tier_A,1244
1228,amazon,Tier_A,511
1229,amazon,Tier_A,550
1230,amazon,Tier_A,1094
1231,amazon,Tier_A,1095
1232,amazon,Tier_A,1105
1233,amazon,Tier_A,1106
1234,amazon,Tier_A,1108
1235,amazon,Tier_A,1109
1236,amazon,Tier_A,1110
1237,amazon,Tier_A,1259
1238,amazon,Tier_A,1122
1239,amazon,Tier_A,1123
1240,amazon,Tier_A,1287
1241,amazon,Tier_A,1288
1242,amazon,Tier_A,1128
1243,amazon,Tier_A,1129
1244,amazon,Tier_A,1299
1245,amazon,Tier_A,1137
1246,amazon,Tier_A,1140
1247,amazon,Tier_A,1315
1248,amazon,Tier_A,1141
1249,amazon,Tier_A,1146
1250,amazon,Tier_A,1143
1251,amazon,Tier_A,1329
1252,amazon,Tier_A,1302
1253,amazon,Tier_A,1148
1254,amazon,Tier_A,1155
1255,amazon,Tier_A,1171
1256,amazon,Tier_A,1169
1257,amazon,Tier_A,1360
1258,amazon,Tier_A,1362
1259,amazon,Tier_A,1363
1260,amazon,Tier_A,1164
1261,amazon,Tier_A,1175
1262,amazon,Tier_A,1176
1263,amazon,Tier_A,1382
1264,amazon,Tier_A,1186
1265,amazon,Tier_A,1174
1266,amazon,Tier_A,1550
1267,amazon,Tier_A,1954
1268,amazon,Tier_A,1483
1269,amazon,Tier_A,1190
1270,amazon,Tier_A,1192
1271,amazon,Tier_A,1179
1272,amazon,Tier_A,2139
1273,amazon,Tier_A,1405
1274,amazon,Tier_A,1944
1275,amazon,Tier_A,1193
1276,amazon,Tier_A,1207
1277,amazon,Tier_A,1209
1278,amazon,Tier_A,1514
1279,amazon,Tier_A,1204
1280,amazon,Tier_A,1219
1281,amazon,Tier_A,1211
1282,amazon,Tier_A,1232
1283,amazon,Tier_A,1233
1284,amazon,Tier_A,1235
1285,amazon,Tier_A,2273
1286,amazon,Tier_A,1225
1287,amazon,Tier_A,1429
1288,amazon,Tier_A,1248
1289,amazon,Tier_A,1249
1290,amazon,Tier_A,1254
1291,amazon,Tier_A,1255
1292,amazon,Tier_A,1260
1293,amazon,Tier_A,1251
1294,amazon,Tier_A,2215
1295,amazon,Tier_A,1268
1296,amazon,Tier_A,1275
1297,amazon,Tier_A,1282
1298,amazon,Tier_A,1283
1299,amazon,Tier_A,1290
1300,amazon,Tier_A,1292
1301,amazon,Tier_A,1293
1302,amazon,Tier_A,1280
1303,amazon,Tier_A,2305
1304,amazon,Tier_A,1295
1305,amazon,Tier_A,1304
1306,amazon,Tier_A,1305
1307,amazon,Tier_A,1310
1308,amazon,Tier_A,1311
1309,amazon,Tier_A,1312
1310,amazon,Tier_A,1303
1311,amazon,Tier_A,1319
1312,amazon,Tier_A,1342
1313,amazon,Tier_A,1344
1314,amazon,Tier_A,1345
1315,amazon,Tier_A,1323
1316,amazon,Tier_A,1325
1317,amazon,Tier_A,1326
1318,amazon,Tier_A,1321
1319,amazon,Tier_A,1332
1320,amazon,Tier_A,1334
1321,amazon,Tier_A,1335
1322,amazon,Tier_A,1356
1323,amazon,Tier_A,1358
1324,amazon,Tier_A,1327
1325,amazon,Tier_A,1337
1326,amazon,Tier_A,1339
1327,amazon,Tier_A,1346
1328,amazon,Tier_A,1347
1329,amazon,Tier_A,1372
1330,amazon,Tier_A,1373
1331,amazon,Tier_A,1351
1332,amazon,Tier_A,1352
1333,amazon,Tier_A,1353
1334,amazon,Tier_A,1341
1335,amazon,Tier_A,1350
1336,amazon,Tier_A,1365
1337,amazon,Tier_A,1367
1338,amazon,Tier_A,1376
1339,amazon,Tier_A,1381
1340,amazon,Tier_A,1379
1341,amazon,Tier_A,1389
1342,amazon,Tier_A,1392
1343,amazon,Tier_A,1378
1344,amazon,Tier_A,1395
1345,amazon,Tier_A,1396
1346,amazon,Tier_A,1404
1347,amazon,Tier_A,1408
1348,amazon,Tier_A,1409
1349,amazon,Tier_A,1431
1350,amazon,Tier_A,1422
1351,amazon,Tier_A,1423
1352,amazon,Tier_A,1424
1353,amazon,Tier_A,1448
1354,amazon,Tier_A,1436
1355,amazon,Tier_A,1438
1356,amazon,Tier_A,1421
1357,amazon,Tier_A,1463
1358,amazon,Tier_A,1456
1359,amazon,Tier_A,1457
1360,amazon,Tier_A,1458
1361,amazon,Tier_A,1478
1362,amazon,Tier_A,1464
1363,amazon,Tier_A,1466
1364,amazon,Tier_A,1470
1365,amazon,Tier_A,1472
1366,amazon,Tier_A,1492
1367,amazon,Tier_A,1493
1368,amazon,Tier_A,1480
1369,amazon,Tier_A,1481
1370,amazon,Tier_A,1482
1371,amazon,Tier_A,1489
1372,amazon,Tier_A,1509
1373,amazon,Tier_A,1496
1374,amazon,Tier_A,1497
1375,amazon,Tier_A,1498
1376,amazon,Tier_A,1479
1377,amazon,Tier_A,1485
1378,amazon,Tier_A,1502
1379,amazon,Tier_A,1523
1380,amazon,Tier_A,1526
1381,amazon,Tier_A,1490
1382,amazon,Tier_A,1512
1383,amazon,Tier_A,1531
1384,amazon,Tier_A,1495
1385,amazon,Tier_A,1518
1386,amazon,Tier_A,1520
1387,amazon,Tier_A,1539
1388,amazon,Tier_A,1529
1389,amazon,Tier_A,1511
1390,amazon,Tier_A,1534
1391,amazon,Tier_A,1558
1392,amazon,Tier_A,1544
1393,amazon,Tier_A,1545
1394,amazon,Tier_A,1547
1395,amazon,Tier_A,1533
1396,amazon,Tier_A,1552
1397,amazon,Tier_A,1572
1398,amazon,Tier_A,1574
1399,amazon,Tier_A,1561
1400,amazon,Tier_A,1567
1401,amazon,Tier_A,1588
1402,amazon,Tier_A,1590
1403,amazon,Tier_A,1584
1404,amazon,Tier_A,1603
1405,amazon,Tier_A,1570
1406,amazon,Tier_A,1571
1407,amazon,Tier_A,1598
1408,amazon,Tier_A,1601
1409,amazon,Tier_A,1581
1410,amazon,Tier_A,1621
1411,amazon,Tier_A,1608
1412,amazon,Tier_A,1597
1413,amazon,Tier_A,1614
1414,amazon,Tier_A,1636
1415,amazon,Tier_A,1637
1416,amazon,Tier_A,1631
1417,amazon,Tier_A,1652
1418,amazon,Tier_A,1654
1419,amazon,Tier_A,1613
1420,amazon,Tier_A,1642
1421,amazon,Tier_A,1623
1422,amazon,Tier_A,1668
1423,amazon,Tier_A,1669
1424,amazon,Tier_A,1671
1425,amazon,Tier_A,1670
1426,amazon,Tier_A,1628
1427,amazon,Tier_A,1646
1428,amazon,Tier_A,1647
1429,amazon,Tier_A,1634
1430,amazon,Tier_A,1658
1431,amazon,Tier_A,1657
1432,amazon,Tier_A,1662
1433,amazon,Tier_A,1685
1434,amazon,Tier_A,1650
1435,amazon,Tier_A,1672
1436,amazon,Tier_A,1679
1437,amazon,Tier_A,1680
1438,amazon,Tier_A,1661
1439,amazon,Tier_A,1700
1440,amazon,Tier_A,1701
1441,amazon,Tier_A,1688
1442,amazon,Tier_A,1689
1443,amazon,Tier_A,1695
1444,amazon,Tier_A,1676
1445,amazon,Tier_A,1716
1446,amazon,Tier_A,1717
1447,amazon,Tier_A,1718
1448,amazon,Tier_A,1723
1449,amazon,Tier_A,1683
1450,amazon,Tier_A,1710
1451,amazon,Tier_A,1732
1452,amazon,Tier_A,1734
1453,amazon,Tier_A,1735
1454,amazon,Tier_A,1699
1455,amazon,Tier_A,1750
1456,amazon,Tier_A,1751
1457,amazon,Tier_A,1764
1458,amazon,Tier_A,1752
1459,amazon,Tier_A,1731
1460,amazon,Tier_A,1740
1461,amazon,Tier_A,1760
1462,amazon,Tier_A,1761
1463,amazon,Tier_A,1779
1464,amazon,Tier_A,1781
1465,amazon,Tier_A,1782
1466,amazon,Tier_A,1741
1467,amazon,Tier_A,1768
1468,amazon,Tier_A,1769
1469,amazon,Tier_A,1773
1470,amazon,Tier_A,1757
1471,amazon,Tier_A,1762
1472,amazon,Tier_A,1790
1473,amazon,Tier_A,1791
1474,amazon,Tier_A,1792
1475,amazon,Tier_A,1772
1476,amazon,Tier_A,1777
1477,amazon,Tier_A,1783
1478,amazon,Tier_A,1788
1479,amazon,Tier_A,1795
1480,amazon,Tier_A,1823
1481,amazon,Tier_A,1846
1482,amazon,Tier_A,1847
1483,amazon,Tier_A,1809
1484,amazon,Tier_A,1832
1485,amazon,Tier_A,1833
1486,amazon,Tier_A,1834
1487,amazon,Tier_A,1811
1488,amazon,Tier_A,1838
1489,amazon,Tier_A,1859
1490,amazon,Tier_A,1854
1491,amazon,Tier_A,1876
1492,amazon,Tier_A,1863
1493,amazon,Tier_A,1842
1494,amazon,Tier_A,1852
1495,amazon,Tier_A,1882
1496,amazon,Tier_A,1886
1497,amazon,Tier_A,1889
1498,amazon,Tier_A,1909
1499,amazon,Tier_A,1910
1500,amazon,Tier_A,1903
1501,amazon,Tier_A,1905
1502,amazon,Tier_A,1926
1503,amazon,Tier_A,1901
1504,amazon,Tier_A,1920
1505,amazon,Tier_A,1922
1506,amazon,Tier_A,1923
1507,amazon,Tier_A,1942
1508,amazon,Tier_A,2297
1509,amazon,Tier_A,1929
1510,amazon,Tier_A,1930
1511,amazon,Tier_A,2307
1512,amazon,Tier_A,1950
1513,amazon,Tier_A,1958
1514,amazon,Tier_A,1955
1515,amazon,Tier_A,1934
1516,amazon,Tier_A,1976
1517,amazon,Tier_A,1963
1518,amazon,Tier_A,1969
1519,amazon,Tier_A,1981
1520,amazon,Tier_A,1984
1521,amazon,Tier_A,1986
1522,amazon,Tier_A,2006
1523,amazon,Tier_A,1971
1524,amazon,Tier_A,1998
1525,amazon,Tier_A,2000
1526,amazon,Tier_A,2022
1527,amazon,Tier_A,2011
1528,amazon,Tier_A,2012
1529,amazon,Tier_A,2013
1530,amazon,Tier_A,2037
1531,amazon,Tier_A,2028
1532,amazon,Tier_A,2035
1533,amazon,Tier_A,2053
1534,amazon,Tier_A,2055
1535,amazon,Tier_A,2058
1536,amazon,Tier_A,2064
1537,amazon,Tier_A,2073
1538,amazon,Tier_A,2075
1539,amazon,Tier_A,2099
1540,amazon,Tier_A,2100
1541,amazon,Tier_A,2101
1542,amazon,Tier_A,2102
1543,amazon,Tier_A,2092
1544,amazon,Tier_A,2095
1545,amazon,Tier_A,2096
1546,amazon,Tier_A,2115
1547,amazon,Tier_A,2116
1548,amazon,Tier_A,2104
1549,amazon,Tier_A,2109
1550,amazon,Tier_A,2110
1551,amazon,Tier_A,2111
1552,amazon,Tier_A,2130
1553,amazon,Tier_A,2125
1554,amazon,Tier_A,2127
1555,amazon,Tier_A,2145
1556,amazon,Tier_A,2134
1557,amazon,Tier_A,2123
1558,amazon,Tier_A,2140
1559,amazon,Tier_A,2160
1560,amazon,Tier_A,2161
1561,amazon,Tier_A,2149
1562,amazon,Tier_A,2181
1563,amazon,Tier_A,2195
1564,amazon,Tier_A,2196
1565,amazon,Tier_A,2197
1566,amazon,Tier_A,2207
1567,amazon,Tier_A,2173
1568,amazon,Tier_A,2220
1569,amazon,Tier_A,2221
1570,amazon,Tier_A,2222
1571,amazon,Tier_A,2223
1572,amazon,Tier_A,2250
1573,amazon,Tier_A,2259
1574,amazon,Tier_A,2261
1575,amazon,Tier_A,2262
1576,amazon,Tier_A,2256
1577,amazon,Tier_A,2258
1578,amazon,Tier_A,2266
1579,amazon,Tier_A,2239
1580,amazon,Tier_A,2214
1581,amazon,Tier_A,2274
1582,amazon,Tier_A,2270
1583,amazon,Tier_A,2272
1584,amazon,Tier_A,2244
1585,amazon,Tier_A,2246
1586,amazon,Tier_A,2279
1587,amazon,Tier_A,2281
1588,amazon,Tier_A,2219
1589,amazon,Tier_A,2228
1590,amazon,Tier_A,2287
1591,amazon,Tier_A,2288
1592,amazon,Tier_A,2238
1593,amazon,Tier_A,2285
1594,amazon,Tier_A,2235
1595,amazon,Tier_A,2236
1596,amazon,Tier_A,2294
1597,amazon,Tier_A,2295
1598,amazon,Tier_A,2296
1599,amazon,Tier_A,2300
1600,amazon,Tier_A,2322
1601,amazon,Tier_A,2316
1602,amazon,Tier_A,2268
1603,amazon,Tier_A,2325
1604,amazon,Tier_A,2336
1605,amazon,Tier_A,2337
1606,amazon,Tier_A,2333
1607,amazon,Tier_A,2352
1608,amazon,Tier_A,2353
1609,amazon,Tier_A,2292
1610,amazon,Tier_A,2347
1611,amazon,Tier_A,2357
1612,amazon,Tier_A,2360
1613,amazon,Tier_A,2364
1614,amazon,Tier_A,2398
1615,amazon,Tier_A,2324
1616,amazon,Tier_A,2329
1617,amazon,Tier_A,2375
1618,amazon,Tier_A,2323
1619,amazon,Tier_A,2385
1620,amazon,Tier_A,2386
1621,amazon,Tier_A,2380
1622,amazon,Tier_A,2330
1623,amazon,Tier_A,2390
1624,amazon,Tier_A,2391
1625,amazon,Tier_A,2342
1626,amazon,Tier_A,2340
1627,amazon,Tier_A,2401
1628,amazon,Tier_A,2402
1629,amazon,Tier_A,2396
1630,amazon,Tier_A,2405
1631,amazon,Tier_A,2355
1632,amazon,Tier_A,2413
1633,amazon,Tier_A,2415
1634,amazon,Tier_A,2356
1635,amazon,Tier_A,2410
1636,amazon,Tier_A,2411
1637,amazon,Tier_A,2412
1638,amazon,Tier_A,2434
1639,amazon,Tier_A,2441
1640,amazon,Tier_A,2444
1641,amazon,Tier_A,2439
1642,amazon,Tier_A,2394
1643,amazon,Tier_A,2449
1644,amazon,Tier_A,2443
1645,amazon,Tier_A,2460
1646,amazon,Tier_A,2461
1647,amazon,Tier_A,2408
1648,amazon,Tier_A,2469
1649,amazon,Tier_A,2471
1650,amazon,Tier_A,2465
1651,amazon,Tier_A,2468
1652,amazon,Tier_A,2422
1653,amazon,Tier_A,2485
1654,amazon,Tier_A,2486
1655,amazon,Tier_A,2487
1656,amazon,Tier_A,2501
1657,amazon,Tier_A,2502
1658,amazon,Tier_A,2497
1659,amazon,Tier_A,2482
1660,amazon,Tier_A,2474
1661,amazon,Tier_A,2534
1662,amazon,Tier_A,2527
1663,amazon,Tier_A,2535
1664,amazon,Tier_A,2537
1665,amazon,Tier_A,2542
1666,amazon,Tier_A,2583
1667,amazon,Tier_A,2578
1668,amazon,Tier_A,2519
1669,amazon,Tier_A,2606
1670,amazon,Tier_A,2641
1671,amazon,Tier_A,2551
1672,amazon,Tier_A,2558
1673,amazon,Tier_A,2597
1674,amazon,Tier_A,2563
1675,amazon,Tier_A,2575
1676,amazon,Tier_A,2616
1677,amazon,Tier_A,2620
1678,amazon,Tier_A,2621
1679,amazon,Tier_A,2619
1680,amazon,Tier_A,2643
1681,amazon,Tier_A,2638
1682,amazon,Tier_A,2629
1683,amazon,Tier_A,2634
1684,amazon,Tier_A,2635
1685,amazon,Tier_A,2653
1686,amazon,Tier_A,2707
1687,amazon,Tier_A,2706
1688,amazon,Tier_A,2622
1689,amazon,Tier_A,2657
1690,amazon,Tier_A,2665
1691,amazon,Tier_A,2666
1692,amazon,Tier_A,2694
1693,amazon,Tier_A,2742
1694,amazon,Tier_A,2667
1695,amazon,Tier_A,2769
1696,amazon,Tier_A,2704
1697,amazon,Tier_A,2697
1698,amazon,Tier_A,2703
1699,amazon,Tier_A,2747
1700,amazon,Tier_A,2766
1701,amazon,Tier_A,2799
1702,amazon,Tier_A,2762
1703,amazon,Tier_A,2816
1704,amazon,Tier_A,2798
1705,amazon,Tier_A,2781
1706,amazon,Tier_A,2824
1707,amazon,Tier_A,2801
1708,amazon,Tier_A,2841
1709,amazon,Tier_A,2828
1710,amazon,Tier_A,2830
1711,amazon,Tier_A,2782
1712,amazon,Tier_A,2825
1713,amazon,Tier_A,2855
1714,amazon,Tier_A,2864
1715,amazon,Tier_A,2877
1716,amazon,Tier_A,2879
1717,amazon,Tier_A,2832
1718,amazon,Tier_A,2870
1719,amazon,Tier_A,2916
1720,amazon,Tier_A,2898
1721,amazon,Tier_A,2917
1722,amazon,Tier_A,2926
1723,amazon,Tier_A,2942
1724,amazon,Tier_A,2928
1725,amazon,Tier_A,2929
1726,amazon,Tier_A,2937
1727,amazon,Tier_A,2949
1728,amazon,Tier_A,2947
1729,amazon,Tier_A,2945
1730,amazon,Tier_A,2962
1731,amazon,Tier_A,2927
1732,amazon,Tier_A,2973
1733,amazon,Tier_A,2958
1734,amazon,Tier_A,2965
1735,amazon,Tier_A,2952
1736,amazon,Tier_A,2966
1737,amazon,Tier_A,3005
1738,amazon,Tier_A,2997
1739,amazon,Tier_A,2979
1740,amazon,Tier_A,3014
1741,amazon,Tier_A,3016
1742,amazon,Tier_A,3020
1743,amazon,Tier_A,3032
1744,amazon,Tier_A,3108
1745,amazon,Tier_A,3075
1746,amazon,Tier_A,3081
1747,amazon,Tier_A,3134
1748,amazon,Tier_A,3092
1749,amazon,Tier_A,3110
1750,amazon,Tier_A,3113
1751,amazon,Tier_A,3133
1752,amazon,Tier_A,3139
1753,amazon,Tier_A,3121
1754,amazon,Tier_A,3120
1755,amazon,Tier_A,3104
1756,amazon,Tier_A,3154
1757,amazon,Tier_A,3152
1758,amazon,Tier_A,3151
1759,amazon,Tier_A,3164
1760,amazon,Tier_A,3211
1761,amazon,Tier_A,3194
1762,amazon,Tier_A,3202
1763,amazon,Tier_A,3199
1764,amazon,Tier_A,3215
1765,amazon,Tier_A,1484
1766,amazon,Tier_A,978
1767,amazon,Tier_A,2191
1768,amazon,Tier_A,400
1769,amazon,Tier_A,1789
1770,amazon,Tier_A,2976
1771,amazon,Tier_A,2685
1772,amazon,Tier_A,1653
1773,amazon,Tier_A,1216
1774,amazon,Tier_A,1460
1775,amazon,Tier_A,313
1776,amazon,Tier_A,1508
1777,amazon,Tier_A,1851
1778,amazon,Tier_A,2365
1779,amazon,Tier_A,2977
1780,amazon,Tier_A,1221
1781,amazon,Tier_A,840
1782,amazon,Tier_A,2094
1783,amazon,Tier_A,2074
1784,amazon,Tier_A,1568
1785,amazon,Tier_A,3235
1786,amazon,Tier_A,3136
1787,amazon,Tier_A,2477
1788,amazon,Tier_A,365
1789,amazon,Tier_A,1633
1790,amazon,Tier_A,624
1791,amazon,Tier_A,599
1792,amazon,Tier_A,2915
1793,amazon,Tier_A,1937
1794,amazon,Tier_A,1606
1795,amazon,Tier_A,3191
1796,amazon,Tier_A,590
1797,amazon,Tier_A,697
1798,amazon,Tier_A,989
1799,amazon,Tier_A,2645
1800,amazon,Tier_A,1410
1801,amazon,Tier_A,2334
1802,amazon,Tier_A,1261
1803,amazon,Tier_A,576
1804,amazon,Tier_A,3217
1805,amazon,Tier_A,1172
1806,amazon,Tier_A,3281
1807,amazon,Tier_A,2807
1808,amazon,Tier_A,3274
1809,amazon,Tier_A,674
1810,amazon,Tier_A,794
1811,amazon,Tier_A,3105
1812,amazon,Tier_A,2734
1813,amazon,Tier_A,2602
1814,amazon,Tier_A,2049
1815,amazon,Tier_A,2419
1816,amazon,Tier_A,1371
1817,amazon,Tier_A,3193
1818,amazon,Tier_A,884
1819,amazon,Tier_A,170
1820,amazon,Tier_A,2724
1821,amazon,Tier_A,1131
1822,amazon,Tier_A,1525
1823,amazon,Tier_A,2290
1824,amazon,Tier_A,2192
1825,amazon,Tier_A,813
1826,amazon,Tier_A,1625
1827,amazon,Tier_A,2227
1828,amazon,Tier_A,2751
1829,amazon,Tier_A,3043
1830,amazon,Tier_A,2416
1831,amazon,Tier_A,3163
1832,amazon,Tier_A,641
1833,amazon,Tier_A,1331
1834,amazon,Tier_A,619
1835,amazon,Tier_A,774
1836,amazon,Tier_A,2491
1837,amazon,Tier_A,1813
1838,amazon,Tier_A,3019
1839,amazon,Tier_A,2696
1840,amazon,Tier_A,1541
1841,amazon,Tier_A,291
1842,amazon,Tier_A,1049
1843,amazon,Tier_A,2406
1844,amazon,Tier_A,866
1845,amazon,Tier_A,3317
1846,amazon,Tier_A,490
1847,amazon,Tier_A,710
1848,amazon,Tier_A,2530
1849,amazon,Tier_A,967
1850,amazon,Tier_A,2938
1851,amazon,Tier_A,358
1852,amazon,Tier_A,2044
1853,amazon,Tier_A,919
1854,amazon,Tier_A,1593
1855,amazon,Tier_A,1403
1856,amazon,Tier_A,440
1857,amazon,Tier_A,2418
1858,amazon,Tier_A,1972
1859,amazon,Tier_A,3326
1860,amazon,Tier_A,1817
1861,amazon,Tier_A,1549
1862,amazon,Tier_A,1277
1863,amazon,Tier_A,635
1864,amazon,Tier_A,3159
1865,amazon,Tier_A,2017
1866,amazon,Tier_A,2663
1867,amazon,Tier_A,3011
1868,amazon,Tier_A,2275
1869,amazon,Tier_A,2043
1870,amazon,Tier_A,2601
1871,amazon,Tier_A,2070
1872,amazon,Tier_A,942
1873,amazon,Tier_A,1343
1874,amazon,Tier_A,3264
1875,amazon,Tier_A,2414
1876,amazon,Tier_A,1780
1877,amazon,Tier_A,3349
1878,amazon,Tier_A,505
1879,amazon,Tier_A,2516
1880,amazon,Tier_A,2933
1881,amazon,Tier_A,1072
1882,amazon,Tier_A,2889
1883,amazon,Tier_A,1898
1884,amazon,Tier_A,1975
1885,amazon,Tier_A,1301
1886,amazon,Tier_A,281
1887,amazon,Tier_A,1713
1888,amazon,Tier_A,2163
1889,amazon,Tier_A,2577
1890,amazon,Tier_A,2097
1891,amazon,Tier_A,3371
1892,amazon,Tier_A,3369
1893,amazon,Tier_A,3366
1894,amazon,Tier_A,1596
1895,amazon,Tier_A,2054
1896,amazon,Tier_A,1455
1897,amazon,Tier_A,2050
1898,amazon,Tier_A,2981
1899,amazon,Tier_A,1871
1900,amazon,Tier_A,2593
1901,amazon,Tier_A,769
1902,amazon,Tier_A,1139
1903,amazon,Tier_A,3229
1904,amazon,Tier_A,1748
1905,amazon,Tier_A,2872
1906,amazon,Tier_A,2940
1907,amazon,Tier_A,3077
1908,amazon,Tier_A,2211
1909,amazon,Tier_A,3386
1910,amazon,Tier_A,2193
1911,amazon,Tier_A,1270
1912,amazon,Tier_A,1014
1913,amazon,Tier_A,689
1914,amazon,Tier_A,2466
1915,amazon,Tier_A,761
1916,amazon,Tier_A,292
1917,amazon,Tier_A,2559
1918,amazon,Tier_A,2348
1919,amazon,Tier_A,2381
1920,amazon,Tier_A,3396
1921,amazon,Tier_A,3407
1922,amazon,Tier_A,2587
1923,amazon,Tier_A,916
1924,amazon,Tier_A,2789
1925,amazon,Tier_A,690
1926,amazon,Tier_A,3413
1927,amazon,Tier_A,1400
1928,amazon,Tier_A,3223
1929,amazon,Tier_A,1517
1930,amazon,Tier_A,2429
1931,amazon,Tier_A,2683
1932,amazon,Tier_A,1368
1933,amazon,Tier_A,3429
1934,amazon,Tier_A,1245
1935,amazon,Tier_A,1765
1936,amazon,Tier_A,2467
1937,amazon,Tier_A,1267
1938,amazon,Tier_A,1443
1939,amazon,Tier_A,1383
1940,amazon,Tier_A,2948
1941,amazon,Tier_A,1856
1942,amazon,Tier_A,2317
1943,amazon,Tier_A,1462
1944,amazon,Tier_A,2658
1945,amazon,Tier_A,2517
1946,amazon,Tier_A,944
1947,amazon,Tier_A,3309
1948,amazon,Tier_A,1800
1949,amazon,Tier_A,353
1950,amazon,Tier_A,1609
1951,amazon,Tier_A,2772
1952,amazon,Tier_A,768
1953,amazon,Tier_A,1726
1954,amazon,Tier_A,3160
1955,amazon,Tier_A,795
1956,amazon,Tier_A,2034
1957,amazon,Tier_A,3449
1958,amazon,Tier_A,3174
1959,amazon,Tier_A,2656
1960,amazon,Tier_A,631
1961,amazon,Tier_A,3026
1962,amazon,Tier_A,3066
1963,amazon,Tier_A,1036
1964,amazon,Tier_A,2492
1965,amazon,Tier_A,2698
1966,amazon,Tier_A,2790
1967,amazon,Tier_A,3455
1968,amazon,Tier_A,3459
1969,amazon,Tier_A,1475
1970,amazon,Tier_A,1415
1971,amazon,Tier_A,370
1972,amazon,Tier_A,2319
1973,amazon,Tier_A,728
1974,amazon,Tier_A,2493
1975,amazon,Tier_A,3453
1976,amazon,Tier_A,3458
1977,amazon,Tier_A,1031
1978,amazon,Tier_A,1827
1979,amazon,Tier_A,3462
1980,amazon,Tier_A,3170
1981,amazon,Tier_A,3461
1982,amazon,Tier_A,250
1983,amazon,Tier_A,1749
1984,amazon,Tier_A,1524
1985,amazon,Tier_A,898
1986,amazon,Tier_A,3454
1987,amazon,Tier_A,873
1988,amazon,Tier_A,657
1989,amazon,Tier_A,1366
1990,amazon,Tier_A,147
1991,amazon,Tier_A,737
1992,amazon,Tier_A,2579
1993,amazon,Tier_A,1559
1994,amazon,Tier_A,2523
1995,amazon,Tier_A,2379
1996,amazon,Tier_A,2554
1997,amazon,Tier_A,773
1998,amazon,Tier_A,609
1999,amazon,Tier_A,3356
2000,amazon,Tier_A,2560
2001,amazon,Tier_A,2226
2002,amazon,Tier_A,589
2003,amazon,Tier_A,3364
2004,amazon,Tier_A,2594
2005,amazon,Tier_A,2206
2006,amazon,Tier_A,1136
2007,amazon,Tier_A,2956
2008,amazon,Tier_A,352
2009,amazon,Tier_A,2170
2010,amazon,Tier_A,2062
2011,amazon,Tier_A,2484
2012,amazon,Tier_A,1439
2013,amazon,Tier_A,1200
2014,amazon,Tier_A,3169
2015,amazon,Tier_A,3394
2016,amazon,Tier_A,2780
2017,amazon,Tier_A,3414
2018,amazon,Tier_A,495
2019,amazon,Tier_A,3306
2020,amazon,Tier_A,886
2021,amazon,Tier_A,1262
2022,amazon,Tier_A,1962
2023,amazon,Tier_A,2874
2024,amazon,Tier_A,3230
2025,amazon,Tier_A,1158
2026,amazon,Tier_A,3034
2027,amazon,Tier_A,1848
2028,amazon,Tier_A,3483
2029,amazon,Tier_A,563
2030,amazon,Tier_A,1943
2031,amazon,Tier_A,984
2032,amazon,Tier_A,2672
2033,amazon,Tier_A,3206
2034,amazon,Tier_A,2426
2035,amazon,Tier_A,488
2036,amazon,Tier_A,2570
2037,amazon,Tier_A,3050
2038,amazon,Tier_A,1865
2039,amazon,Tier_A,282
2040,amazon,Tier_A,2338
2041,amazon,Tier_A,3434
2042,amazon,Tier_A,3531
2043,amazon,Tier_A,3392
2044,amazon,Tier_A,2302
2045,amazon,Tier_A,1991
2046,amazon,Tier_A,401
2047,amazon,Tier_A,2071
2048,amazon,Tier_A,838
2049,amazon,Tier_A,1007
2050,amazon,Tier_A,308
2051,amazon,Tier_A,2291
2052,amazon,Tier_A,3342
2053,amazon,Tier_A,2918
2054,amazon,Tier_A,1864
2055,amazon,Tier_A,3335
2056,amazon,Tier_A,3273
2057,amazon,Tier_A,1931
2058,amazon,Tier_A,434
2059,amazon,Tier_A,3355
2060,amazon,Tier_A,2481
2061,amazon,Tier_A,3426
2062,amazon,Tier_A,2550
2063,amazon,Tier_A,3424
2064,amazon,Tier_A,2894
2065,amazon,Tier_A,397
2066,amazon,Tier_A,2815
2067,amazon,Tier_A,1691
2068,amazon,Tier_A,1388
2069,amazon,Tier_A,2359
2070,amazon,Tier_A,1240
2071,amazon,Tier_A,3234
2072,amazon,Tier_A,1061
2073,amazon,Tier_A,3403
2074,amazon,Tier_A,3388
2075,amazon,Tier_A,298
2076,amazon,Tier_A,2873
2077,amazon,Tier_A,637
2078,amazon,Tier_A,3572
2079,amazon,Tier_A,3442
2080,amazon,Tier_A,3362
2081,amazon,Tier_A,3445
2082,amazon,Tier_A,3423
2083,amazon,Tier_A,2032
2084,amazon,Tier_A,1432
2085,amazon,Tier_A,2016
2086,amazon,Tier_A,3214
2087,amazon,Tier_A,3405
2088,amazon,Tier_A,892
2089,amazon,Tier_A,1941
2090,amazon,Tier_A,2200
2091,amazon,Tier_A,1893
2092,amazon,Tier_A,2427
2093,amazon,Tier_A,2040
2094,amazon,Tier_A,1198
2095,amazon,Tier_A,2265
2096,amazon,Tier_A,2500
2097,amazon,Tier_A,2311
2098,amazon,Tier_A,783
2099,amazon,Tier_A,2014
2100,amazon,Tier_A,1928
2101,amazon,Tier_A,2187
2102,amazon,Tier_A,3330
2103,amazon,Tier_A,3333
2104,amazon,Tier_A,3304
2105,amazon,Tier_A,1763
2106,amazon,Tier_A,3307
2107,amazon,Tier_A,3598
2108,amazon,Tier_A,1217
2109,amazon,Tier_A,821
2110,amazon,Tier_A,3610
2111,amazon,Tier_A,3439
2112,amazon,Tier_A,305
2113,amazon,Tier_A,1643
2114,amazon,Tier_A,3440
2115,amazon,Tier_A,858
2116,amazon,Tier_A,1900
2117,amazon,Tier_A,2001
2118,amazon,Tier_A,2779
2119,amazon,Tier_A,3612
2120,amazon,Tier_A,3201
2121,amazon,Tier_A,741
2122,amazon,Tier_A,1667
2123,amazon,Tier_A,2571
2124,amazon,Tier_A,924
2125,amazon,Tier_A,829
2126,amazon,Tier_A,3456
2127,amazon,Tier_A,512
2128,amazon,Tier_A,492
2129,amazon,Tier_A,1957
2130,amazon,Tier_A,1970
2131,amazon,Tier_A,2596
2132,amazon,Tier_A,3507
2133,amazon,Tier_A,3487
2134,amazon,Tier_A,1306
2135,amazon,Tier_A,3340
2136,amazon,Tier_A,2210
2137,amazon,Tier_A,3480
2138,amazon,Tier_A,2488
2139,amazon,Tier_A,2771
2140,amazon,Tier_A,1610
2141,amazon,Tier_A,2119
2142,amazon,Tier_A,3357
2143,amazon,Tier_A,559
2144,amazon,Tier_A,2561
2145,amazon,Tier_A,2106
2146,amazon,Tier_A,3638
2147,amazon,Tier_A,285
2148,amazon,Tier_A,3002
2149,amazon,Tier_A,3477
2150,amazon,Tier_A,1527
2151,amazon,Tier_A,3479
2152,amazon,Tier_A,808
2153,amazon,Tier_A,2566
2154,amazon,Tier_A,3644
2155,amazon,Tier_A,3645
2156,amazon,Tier_A,2438
2157,amazon,Tier_A,223
2158,amazon,Tier_A,2787
2159,amazon,Tier_A,3639
2160,amazon,Tier_A,3605
2161,amazon,Tier_A,3637
2162,amazon,Tier_A,3636
2163,amazon,Tier_A,3640
2164,amazon,Tier_A,3627
2165,amazon,Tier_A,3634
2166,amazon,Tier_A,3482
2167,amazon,Tier_A,837
2168,amazon,Tier_A,3542
2169,amazon,Tier_A,1370
2170,amazon,Tier_A,473
2171,amazon,Tier_A,3438
2172,amazon,Tier_A,1394
2173,amazon,Tier_A,2735
2174,amazon,Tier_A,940
2175,amazon,Tier_A,1504
2176,amazon,Tier_A,3195
2177,amazon,Tier_A,3197
2178,amazon,Tier_A,699
2179,amazon,Tier_A,1861
2180,amazon,Tier_A,1639
2181,amazon,Tier_A,1907
2182,amazon,Tier_A,3446
2183,amazon,Tier_A,1836
2184,amazon,Tier_A,3021
2185,amazon,Tier_A,3669
2186,amazon,Tier_A,1266
2187,amazon,Tier_A,3666
2188,amazon,Tier_A,546
2189,amazon,Tier_A,3025
2190,amazon,Tier_A,1297
2191,amazon,Tier_A,3516
2192,amazon,Tier_A,3260
2193,amazon,Tier_A,2749
2194,amazon,Tier_A,3676
2195,amazon,Tier_A,1317
2196,amazon,Tier_A,2890
2197,amazon,Tier_A,2327
2198,amazon,Tier_A,2545
2199,amazon,Tier_A,1733
2200,amazon,Tier_A,3541
2201,amazon,Tier_A,966
2202,amazon,Tier_A,1935
2203,amazon,Tier_A,3408
2204,amazon,Tier_A,929
2205,amazon,Tier_A,1201
2206,amazon,Tier_A,2114
2207,amazon,Tier_A,2592
2208,amazon,Tier_A,3648
2209,amazon,Tier_A,2544
2210,amazon,Tier_A,2089
2211,amazon,Tier_A,3100
2212,amazon,Tier_A,3297
2213,amazon,Tier_A,1648
2214,amazon,Tier_A,1203
2215,amazon,Tier_A,3168
2216,amazon,Tier_A,3071
2217,amazon,Tier_A,1488
2218,amazon,Tier_A,825
2219,amazon,Tier_A,2320
2220,amazon,Tier_A,1145
2221,amazon,Tier_A,3494
2222,amazon,Tier_A,3147
2223,amazon,Tier_A,3186
2224,amazon,Tier_A,3664
2225,amazon,Tier_A,444
2226,amazon,Tier_A,1881
2227,amazon,Tier_A,2598
2228,amazon,Tier_A,1948
2229,amazon,Tier_A,3397
2230,amazon,Tier_A,3720
2231,amazon,Tier_A,2389
2232,amazon,Tier_A,3347
2233,amazon,Tier_A,3346
2234,amazon,Tier_A,3715
2235,amazon,Tier_A,1446
2236,amazon,Tier_A,491
2237,amazon,Tier_A,3354
2238,amazon,Tier_A,3730
2239,amazon,Tier_A,3728
2240,amazon,Tier_A,3370
2241,amazon,Tier_A,2421
2242,amazon,Tier_A,3289
2243,amazon,Tier_A,3428
2244,amazon,Tier_A,3733
2245,amazon,Tier_A,2257
2246,amazon,Tier_A,1578
2247,amazon,Tier_A,3318
2248,amazon,Tier_A,3517
2249,amazon,Tier_A,3573
2250,amazon,Tier_A,3607
2251,amazon,Tier_A,2528
2252,amazon,Tier_A,280
2253,amazon,Tier_A,2169
2254,amazon,Tier_A,2654
2255,amazon,Tier_A,3228
2256,amazon,Tier_A,411
2257,amazon,Tier_A,2910
2258,amazon,Tier_A,757
2259,amazon,Tier_A,3190
2260,amazon,Tier_A,3608
2261,amazon,Tier_A,1015
2262,amazon,Tier_A,3752
2263,amazon,Tier_A,2435
2264,amazon,Tier_A,1776
2265,amazon,Tier_A,3381
2266,amazon,Tier_A,1816
2267,amazon,Tier_A,2141
2268,amazon,Tier_A,1551
2269,amazon,Tier_A,3432
2270,amazon,Tier_A,3578
2271,amazon,Tier_A,1006
2272,amazon,Tier_A,3767
2273,amazon,Tier_A,3243
2274,amazon,Tier_A,1822
2275,amazon,Tier_A,3512
2276,amazon,Tier_A,2520
2277,amazon,Tier_A,3577
2278,amazon,Tier_A,2562
2279,amazon,Tier_A,1018
2280,amazon,Tier_A,1993
2281,amazon,Tier_A,1399
2282,amazon,Tier_A,3743
2283,amazon,Tier_A,3508
2284,amazon,Tier_A,3652
2285,amazon,Tier_A,2906
2286,amazon,Tier_A,955
2287,amazon,Tier_A,3785
2288,amazon,Tier_A,3786
2289,amazon,Tier_A,3781
2290,amazon,Tier_A,1977
2291,amazon,Tier_A,598
2292,amazon,Tier_A,256
2293,amazon,Tier_A,2483
2294,amazon,Tier_A,1013
2295,amazon,Tier_A,474
2296,amazon,Tier_A,960
2297,amazon,Tier_A,756
2298,amazon,Tier_A,961
2299,amazon,Tier_A,1411
2300,amazon,Tier_A,1390
2301,amazon,Tier_A,1380
2302,amazon,Tier_A,3794
2303,amazon,Tier_A,311
2304,amazon,Tier_A,865
2305,amazon,Tier_A,1729
2306,amazon,Tier_A,3806
2307,amazon,Tier_A,391
2308,amazon,Tier_A,1743
2309,amazon,Tier_A,2943
2310,amazon,Tier_A,2007
2311,amazon,Tier_A,1513
2312,amazon,Tier_A,483
2313,amazon,Tier_A,3314
2314,amazon,Tier_A,3315
2315,amazon,Tier_A,805
2316,amazon,Tier_A,2637
2317,amazon,Tier_A,3510
2318,amazon,Tier_A,3814
2319,amazon,Tier_A,3780
2320,amazon,Tier_A,1877
2321,amazon,Tier_A,665
2322,amazon,Tier_A,1804
2323,amazon,Tier_A,3650
2324,amazon,Tier_A,3651
2325,amazon,Tier_A,2513
2326,amazon,Tier_A,1413
2327,amazon,Tier_A,2843
2328,amazon,Tier_A,2498
2329,amazon,Tier_A,3010
2330,amazon,Tier_A,3013
2331,amazon,Tier_A,3484
2332,amazon,Tier_A,565
2333,amazon,Tier_A,600
2334,amazon,Tier_A,3379
2335,amazon,Tier_A,363
2336,amazon,Tier_A,923
2337,amazon,Tier_A,1979
2338,amazon,Tier_A,3227
2339,amazon,Tier_A,882
2340,amazon,Tier_A,1895
2341,amazon,Tier_A,2457
2342,amazon,Tier_A,2383
2343,amazon,Tier_A,3028
2344,amazon,Tier_A,2503
2345,amazon,Tier_A,3719
2346,amazon,Tier_A,2858
2347,amazon,Tier_A,530
2348,amazon,Tier_A,3162
2349,amazon,Tier_A,3721
2350,amazon,Tier_A,3713
2351,amazon,Tier_A,3714
2352,amazon,Tier_A,1385
2353,amazon,Tier_A,3796
2354,amazon,Tier_A,799
2355,amazon,Tier_A,804
2356,amazon,Tier_A,687
2357,amazon,Tier_A,2808
2358,amazon,Tier_A,2860
2359,amazon,Tier_A,693
2360,amazon,Tier_A,988
2361,amazon,Tier_A,586
2362,amazon,Tier_A,476
2363,amazon,Tier_A,868
2364,amazon,Tier_A,1461
2365,amazon,Tier_A,2131
2366,amazon,Tier_A,990
2367,amazon,Tier_A,859
2368,amazon,Tier_A,2785
2369,amazon,Tier_A,1536
2370,amazon,Tier_A,2788
2371,amazon,Tier_A,1582
2372,amazon,Tier_A,956
2373,amazon,Tier_A,527
2374,amazon,Tier_A,2304
2375,amazon,Tier_A,3521
2376,amazon,Tier_A,569
2377,amazon,Tier_A,1758
2378,amazon,Tier_A,1784
2379,amazon,Tier_A,1888
2380,amazon,Tier_A,1980
2381,amazon,Tier_A,3864
2382,amazon,Tier_A,1228
2383,amazon,Tier_A,3863
2384,amazon,Tier_A,3129
2385,amazon,Tier_A,3795
2386,amazon,Tier_A,1932
2387,amazon,Tier_A,3130
2388,amazon,Tier_A,1009
2389,amazon,Tier_A,3600
2390,amazon,Tier_A,3296
2391,amazon,Tier_A,3427
2392,amazon,Tier_A,1622
2393,amazon,Tier_A,3872
2394,amazon,Tier_A,1878
2395,amazon,Tier_A,3867
2396,amazon,Tier_A,1953
2397,amazon,Tier_A,1727
2398,amazon,Tier_A,2568
2399,amazon,Tier_A,3567
2400,amazon,Tier_A,3552
2401,amazon,Tier_A,1594
2402,amazon,Tier_A,1693
2403,amazon,Tier_A,855
2404,amazon,Tier_A,1711
2405,amazon,Tier_A,3546
2406,amazon,Tier_A,3212
2407,amazon,Tier_A,1912
2408,amazon,Tier_A,2946
2409,amazon,Tier_A,2723
2410,amazon,Tier_A,2840
2411,amazon,Tier_A,3474
2412,amazon,Tier_A,3418
2413,amazon,Tier_A,877
2414,amazon,Tier_A,3661
2415,amazon,Tier_A,3828
2416,amazon,Tier_A,2039
2417,amazon,Tier_A,1236
2418,amazon,Tier_A,3069
2419,amazon,Tier_A,3653
2420,amazon,Tier_A,3655
2421,amazon,Tier_A,3740
2422,amazon,Tier_A,2384
2423,amazon,Tier_A,3741
2424,amazon,Tier_A,2344
2425,amazon,Tier_A,3493
2426,amazon,Tier_A,3266
2427,amazon,Tier_A,2448
2428,amazon,Tier_A,501
2429,amazon,Tier_A,917
2430,amazon,Tier_A,2463
2431,amazon,Tier_A,2024
2432,amazon,Tier_A,2515
2433,amazon,Tier_A,3488
2434,amazon,Tier_A,1281
2435,amazon,Tier_A,3761
2436,amazon,Tier_A,2078
2437,amazon,Tier_A,1857
2438,amazon,Tier_A,2452
2439,amazon,Tier_A,2615
2440,amazon,Tier_A,1564
2441,amazon,Tier_A,3914
2442,amazon,Tier_A,2033
2443,amazon,Tier_A,2470
2444,amazon,Tier_A,3225
2445,amazon,Tier_A,3857
2446,amazon,Tier_A,2661
2447,amazon,Tier_A,3920
2448,amazon,Tier_A,861
2449,amazon,Tier_A,1696
2450,amazon,Tier_A,1206
2451,amazon,Tier_A,3660
2452,amazon,Tier_A,3629
2453,amazon,Tier_A,1914
2454,amazon,Tier_A,2770
2455,amazon,Tier_A,1665
2456,amazon,Tier_A,1674
2457,amazon,Tier_A,3928
2458,amazon,Tier_A,1257
2459,amazon,Tier_A,566
2460,amazon,Tier_A,3927
2461,amazon,Tier_A,3922
2462,amazon,Tier_A,1494
2463,amazon,Tier_A,1151
2464,amd,Tier_C,3
2465,amd,Tier_C,54
2466,amd,Tier_C,1
2467,amd,Tier_C,560
2468,amd,Tier_C,13
2469,amd,Tier_C,56
2470,amd,Tier_C,146
2471,amd,Tier_C,9
2472,amd,Tier_C,88
2473,amd,Tier_C,200
2474,amd,Tier_C,283
2475,amd,Tier_C,347
2476,amd,Tier_C,12
2477,amd,Tier_C,234
2478,amd,Tier_C,70
2479,amd,Tier_C,15
2480,amd,Tier_C,876
2481,amdocs,Tier_C,2950
2482,amdocs,Tier_C,3391
2483,amdocs,Tier_C,136
2484,amdocs,Tier_C,3875
2485,amdocs,Tier_C,3876
2486,american-airlines,Tier_C,649
2487,american-express,Tier_C,1
2488,american-express,Tier_C,15
2489,american-express,Tier_C,42
2490,american-express,Tier_C,1521
2491,american-express,Tier_C,125
2492,american-express,Tier_C,3013
2493,american-express,Tier_C,3010
2494,american-express,Tier_C,1647
2495,american-express,Tier_C,1201
2496,american-express,Tier_C,2278
2497,american-express,Tier_C,1224
2498,american-express,Tier_C,2202
2499,american-express,Tier_C,2317
2500,american-express,Tier_C,1775
2501,american-express,Tier_C,2997
2502,american-express,Tier_C,242
2503,american-express,Tier_C,3
2504,american-express,Tier_C,189
2505,american-express,Tier_C,46
2506,american-express,Tier_C,121
2507,american-express,Tier_C,205
2508,american-express,Tier_C,14
2509,american-express,Tier_C,142
2510,american-express,Tier_C,1304
2511,amplitude,Tier_C,353
2512,analytics-quotient,Tier_C,2205
2513,analytics-quotient,Tier_C,2230
2514,andela,Tier_C,20
2515,anduril,Tier_B,49
2516,anduril,Tier_B,1610
2517,anduril,Tier_B,475
2518,anduril,Tier_B,951
2519,anduril,Tier_B,739
2520,anduril,Tier_B,114
2521,anduril,Tier_B,243
2522,anduril,Tier_B,1268
2523,anduril,Tier_B,200
2524,anduril,Tier_B,289
2525,anduril,Tier_B,207
2526,anduril,Tier_B,244
2527,anduril,Tier_B,295
2528,anduril,Tier_B,33
2529,anduril,Tier_B,283
2530,anduril,Tier_B,210
2531,anduril,Tier_B,909
2532,anduril,Tier_B,287
2533,anduril,Tier_B,708
2534,anduril,Tier_B,981
2535,anduril,Tier_B,54
2536,anduril,Tier_B,1024
2537,anduril,Tier_B,529
2538,anduril,Tier_B,56
2539,anduril,Tier_B,20
2540,anduril,Tier_B,23
2541,anduril,Tier_B,827
2542,anduril,Tier_B,694
2543,anduril,Tier_B,994
2544,anduril,Tier_B,818
2545,anduril,Tier_B,1
2546,anduril,Tier_B,443
2547,anduril,Tier_B,253
2548,anduril,Tier_B,2244
2549,anduril,Tier_B,150
2550,anduril,Tier_B,721
2551,anduril,Tier_B,647
2552,anduril,Tier_B,953
2553,anduril,Tier_B,1091
2554,anduril,Tier_B,695
2555,anduril,Tier_B,838
2556,anduril,Tier_B,1828
2557,anduril,Tier_B,314
2558,anduril,Tier_B,140
2559,anduril,Tier_B,146
2560,anduril,Tier_B,701
2561,anduril,Tier_B,48
2562,anduril,Tier_B,1762
2563,anduril,Tier_B,130
2564,anduril,Tier_B,198
2565,anduril,Tier_B,1087
2566,anthropic,Tier_C,1242
2567,anthropic,Tier_C,636
2568,anthropic,Tier_C,1236
2569,anthropic,Tier_C,609
2570,anyscale,Tier_C,68
2571,aon,Tier_C,3053
2572,aon,Tier_C,3022
2573,aon,Tier_C,3315
2574,aon,Tier_C,3314
2575,aon,Tier_C,200
2576,apolloio,Tier_C,76
2577,apolloio,Tier_C,150
2578,apolloio,Tier_C,1011
2579,appdynamics,Tier_C,1742
2580,appdynamics,Tier_C,340
2581,appfolio,Tier_C,1293
2582,appfolio,Tier_C,359
2583,appfolio,Tier_C,146
2584,apple,Tier_A,1
2585,apple,Tier_A,2
2586,apple,Tier_A,3
2587,apple,Tier_A,4
2588,apple,Tier_A,5
2589,apple,Tier_A,6
2590,apple,Tier_A,7
2591,apple,Tier_A,8
2592,apple,Tier_A,10
2593,apple,Tier_A,11
2594,apple,Tier_A,13
2595,apple,Tier_A,14
2596,apple,Tier_A,15
2597,apple,Tier_A,17
2598,apple,Tier_A,18
2599,apple,Tier_A,19
2600,apple,Tier_A,20
2601,apple,Tier_A,21
2602,apple,Tier_A,22
2603,apple,Tier_A,23
2604,apple,Tier_A,25
2605,apple,Tier_A,26
2606,apple,Tier_A,27
2607,apple,Tier_A,28
2608,apple,Tier_A,33
2609,apple,Tier_A,34
2610,apple,Tier_A,36
2611,apple,Tier_A,39
2612,apple,Tier_A,41
2613,apple,Tier_A,42
2614,apple,Tier_A,45
2615,apple,Tier_A,46
2616,apple,Tier_A,47
2617,apple,Tier_A,48
2618,apple,Tier_A,49
2619,apple,Tier_A,53
2620,apple,Tier_A,54
2621,apple,Tier_A,55
2622,apple,Tier_A,56
2623,apple,Tier_A,57
2624,apple,Tier_A,67
2625,apple,Tier_A,68
2626,apple,Tier_A,69
2627,apple,Tier_A,70
2628,apple,Tier_A,71
2629,apple,Tier_A,73
2630,apple,Tier_A,74
2631,apple,Tier_A,75
2632,apple,Tier_A,76
2633,apple,Tier_A,79
2634,apple,Tier_A,84
2635,apple,Tier_A,88
2636,apple,Tier_A,90
2637,apple,Tier_A,91
2638,apple,Tier_A,92
2639,apple,Tier_A,97
2640,apple,Tier_A,98
2641,apple,Tier_A,100
2642,apple,Tier_A,101
2643,apple,Tier_A,102
2644,apple,Tier_A,104
2645,apple,Tier_A,118
2646,apple,Tier_A,121
2647,apple,Tier_A,122
2648,apple,Tier_A,123
2649,apple,Tier_A,124
2650,apple,Tier_A,125
2651,apple,Tier_A,127
2652,apple,Tier_A,128
2653,apple,Tier_A,134
2654,apple,Tier_A,138
2655,apple,Tier_A,139
2656,apple,Tier_A,143
2657,apple,Tier_A,146
2658,apple,Tier_A,149
2659,apple,Tier_A,150
2660,apple,Tier_A,151
2661,apple,Tier_A,153
2662,apple,Tier_A,155
2663,apple,Tier_A,160
2664,apple,Tier_A,162
2665,apple,Tier_A,165
2666,apple,Tier_A,167
2667,apple,Tier_A,176
2668,apple,Tier_A,188
2669,apple,Tier_A,189
2670,apple,Tier_A,190
2671,apple,Tier_A,191
2672,apple,Tier_A,198
2673,apple,Tier_A,200
2674,apple,Tier_A,202
2675,apple,Tier_A,203
2676,apple,Tier_A,204
2677,apple,Tier_A,206
2678,apple,Tier_A,207
2679,apple,Tier_A,208
2680,apple,Tier_A,210
2681,apple,Tier_A,213
2682,apple,Tier_A,215
2683,apple,Tier_A,217
2684,apple,Tier_A,218
2685,apple,Tier_A,219
2686,apple,Tier_A,221
2687,apple,Tier_A,224
2688,apple,Tier_A,225
2689,apple,Tier_A,227
2690,apple,Tier_A,232
2691,apple,Tier_A,235
2692,apple,Tier_A,236
2693,apple,Tier_A,237
2694,apple,Tier_A,238
2695,apple,Tier_A,239
2696,apple,Tier_A,240
2697,apple,Tier_A,242
2698,apple,Tier_A,252
2699,apple,Tier_A,253
2700,apple,Tier_A,257
2701,apple,Tier_A,268
2702,apple,Tier_A,273
2703,apple,Tier_A,274
2704,apple,Tier_A,278
2705,apple,Tier_A,283
2706,apple,Tier_A,284
2707,apple,Tier_A,295
2708,apple,Tier_A,297
2709,apple,Tier_A,314
2710,apple,Tier_A,322
2711,apple,Tier_A,328
2712,apple,Tier_A,332
2713,apple,Tier_A,339
2714,apple,Tier_A,341
2715,apple,Tier_A,344
2716,apple,Tier_A,345
2717,apple,Tier_A,347
2718,apple,Tier_A,348
2719,apple,Tier_A,349
2720,apple,Tier_A,355
2721,apple,Tier_A,362
2722,apple,Tier_A,378
2723,apple,Tier_A,380
2724,apple,Tier_A,383
2725,apple,Tier_A,387
2726,apple,Tier_A,394
2727,apple,Tier_A,412
2728,apple,Tier_A,424
2729,apple,Tier_A,438
2730,apple,Tier_A,443
2731,apple,Tier_A,460
2732,apple,Tier_A,463
2733,apple,Tier_A,468
2734,apple,Tier_A,485
2735,apple,Tier_A,493
2736,apple,Tier_A,503
2737,apple,Tier_A,515
2738,apple,Tier_A,523
2739,apple,Tier_A,532
2740,apple,Tier_A,542
2741,apple,Tier_A,543
2742,apple,Tier_A,560
2743,apple,Tier_A,565
2744,apple,Tier_A,605
2745,apple,Tier_A,621
2746,apple,Tier_A,628
2747,apple,Tier_A,633
2748,apple,Tier_A,642
2749,apple,Tier_A,647
2750,apple,Tier_A,658
2751,apple,Tier_A,680
2752,apple,Tier_A,692
2753,apple,Tier_A,713
2754,apple,Tier_A,714
2755,apple,Tier_A,733
2756,apple,Tier_A,735
2757,apple,Tier_A,787
2758,apple,Tier_A,706
2759,apple,Tier_A,622
2760,apple,Tier_A,839
2761,apple,Tier_A,849
2762,apple,Tier_A,867
2763,apple,Tier_A,876
2764,apple,Tier_A,528
2765,apple,Tier_A,885
2766,apple,Tier_A,907
2767,apple,Tier_A,909
2768,apple,Tier_A,953
2769,apple,Tier_A,509
2770,apple,Tier_A,973
2771,apple,Tier_A,981
2772,apple,Tier_A,994
2773,apple,Tier_A,996
2774,apple,Tier_A,1004
2775,apple,Tier_A,1011
2776,apple,Tier_A,1047
2777,apple,Tier_A,1146
2778,apple,Tier_A,1249
2779,apple,Tier_A,1251
2780,apple,Tier_A,1275
2781,apple,Tier_A,1344
2782,apple,Tier_A,1352
2783,apple,Tier_A,1552
2784,apple,Tier_A,1570
2785,apple,Tier_A,1657
2786,apple,Tier_A,2023
2787,apple,Tier_A,2104
2788,apple,Tier_A,2351
2789,apple,Tier_A,2397
2790,apple,Tier_A,2972
2791,apple,Tier_A,2970
2792,apple,Tier_A,3030
2793,apple,Tier_A,3040
2794,apple,Tier_A,3074
2795,apple,Tier_A,688
2796,apple,Tier_A,317
2797,apple,Tier_A,1242
2798,apple,Tier_A,1650
2799,apple,Tier_A,291
2800,apple,Tier_A,759
2801,apple,Tier_A,769
2802,apple,Tier_A,3163
2803,apple,Tier_A,103
2804,apple,Tier_A,895
2805,apple,Tier_A,1041
2806,apple,Tier_A,2788
2807,apple,Tier_A,824
2808,apple,Tier_A,163
2809,apple,Tier_A,2347
2810,apple,Tier_A,843
2811,apple,Tier_A,480
2812,apple,Tier_A,359
2813,apple,Tier_A,3522
2814,apple,Tier_A,661
2815,apple,Tier_A,1606
2816,apple,Tier_A,855
2817,apple,Tier_A,1197
2818,apple,Tier_A,133
2819,apple,Tier_A,126
2820,apple,Tier_A,874
2821,apple,Tier_A,340
2822,apple,Tier_A,724
2823,apple,Tier_A,2591
2824,apple,Tier_A,269
2825,apple,Tier_A,1213
2826,apple,Tier_A,157
2827,apple,Tier_A,1472
2828,apple,Tier_A,841
2829,apple,Tier_A,635
2830,apple,Tier_A,1168
2831,apple,Tier_A,158
2832,apple,Tier_A,1143
2833,apple,Tier_A,3613
2834,apple,Tier_A,199
2835,apple,Tier_A,211
2836,apple,Tier_A,112
2837,apple,Tier_A,820
2838,apple,Tier_A,30
2839,apple,Tier_A,2065
2840,apple,Tier_A,173
2841,apple,Tier_A,243
2842,apple,Tier_A,309
2843,apple,Tier_A,108
2844,apple,Tier_A,1870
2845,apple,Tier_A,37
2846,apple,Tier_A,2150
2847,apple,Tier_A,731
2848,apple,Tier_A,2502
2849,apple,Tier_A,986
2850,apple,Tier_A,1091
2851,apple,Tier_A,109
2852,apple,Tier_A,477
2853,apple,Tier_A,1854
2854,apple,Tier_A,338
2855,apple,Tier_A,737
2856,apple,Tier_A,2435
2857,apple,Tier_A,329
2858,apple,Tier_A,277
2859,apple,Tier_A,707
2860,apple,Tier_A,535
2861,apple,Tier_A,365
2862,apple,Tier_A,209
2863,apple,Tier_A,435
2864,apple,Tier_A,490
2865,apple,Tier_A,933
2866,apple,Tier_A,399
2867,apple,Tier_A,912
2868,apple,Tier_A,1087
2869,apple,Tier_A,455
2870,apple,Tier_A,212
2871,apple,Tier_A,1229
2872,apple,Tier_A,695
2873,apple,Tier_A,3019
2874,apple,Tier_A,161
2875,apple,Tier_A,636
2876,apple,Tier_A,428
2877,apple,Tier_A,931
2878,apple,Tier_A,567
2879,apple,Tier_A,918
2880,apple,Tier_A,72
2881,apple,Tier_A,82
2882,apple,Tier_A,889
2883,apple,Tier_A,2633
2884,apple,Tier_A,346
2885,apple,Tier_A,863
2886,apple,Tier_A,432
2887,applied-intuition,Tier_C,527
2888,applied-intuition,Tier_C,529
2889,applied-intuition,Tier_C,56
2890,applied-intuition,Tier_C,622
2891,applied-intuition,Tier_C,296
2892,applied-intuition,Tier_C,317
2893,applied-intuition,Tier_C,609
2894,applied-intuition,Tier_C,34
2895,applied-intuition,Tier_C,1091
2896,applied-intuition,Tier_C,289
2897,applied-intuition,Tier_C,1274
2898,aqr-capital-management,Tier_C,1696
2899,aqr-capital-management,Tier_C,268
2900,aqr-capital-management,Tier_C,121
2901,aqr-capital-management,Tier_C,309
2902,aqr-capital-management,Tier_C,2
2903,arcesium,Tier_C,2509
2904,arcesium,Tier_C,2024
2905,arcesium,Tier_C,1567
2906,arcesium,Tier_C,2211
2907,arcesium,Tier_C,2327
2908,arcesium,Tier_C,2035
2909,arcesium,Tier_C,72
2910,arcesium,Tier_C,3250
2911,arcesium,Tier_C,2134
2912,arcesium,Tier_C,85
2913,arcesium,Tier_C,2560
2914,arcesium,Tier_C,42
2915,arcesium,Tier_C,4
2916,arcesium,Tier_C,127
2917,arcesium,Tier_C,3
2918,argo-ai,Tier_C,354
2919,argo-ai,Tier_C,1568
2920,arista-networks,Tier_B,997
2921,arista-networks,Tier_B,21
2922,arista-networks,Tier_B,25
2923,arista-networks,Tier_B,92
2924,arista-networks,Tier_B,93
2925,arista-networks,Tier_B,143
2926,arista-networks,Tier_B,146
2927,arista-networks,Tier_B,219
2928,arista-networks,Tier_B,2182
2929,arista-networks,Tier_B,268
2930,arista-networks,Tier_B,788
2931,arista-networks,Tier_B,510
2932,arista-networks,Tier_B,1669
2933,arista-networks,Tier_B,203
2934,arista-networks,Tier_B,1710
2935,arista-networks,Tier_B,703
2936,arista-networks,Tier_B,647
2937,arista-networks,Tier_B,210
2938,arista-networks,Tier_B,104
2939,arista-networks,Tier_B,33
2940,arista-networks,Tier_B,113
2941,arista-networks,Tier_B,79
2942,arista-networks,Tier_B,5
2943,arista-networks,Tier_B,46
2944,arista-networks,Tier_B,138
2945,arista-networks,Tier_B,53
2946,arista-networks,Tier_B,71
2947,arista-networks,Tier_B,139
2948,arista-networks,Tier_B,1910
2949,arista-networks,Tier_B,82
2950,arista-networks,Tier_B,347
2951,arista-networks,Tier_B,72
2952,arista-networks,Tier_B,125
2953,arista-networks,Tier_B,3
2954,arista-networks,Tier_B,24
2955,arista-networks,Tier_B,394
2956,arista-networks,Tier_B,1351
2957,arista-networks,Tier_B,346
2958,asana,Tier_C,1668
2959,asana,Tier_C,238
2960,asana,Tier_C,973
2961,asana,Tier_C,3650
2962,ascend,Tier_C,2002
2963,athenahealth,Tier_C,2082
2964,athenahealth,Tier_C,49
2965,athenahealth,Tier_C,3
2966,athenahealth,Tier_C,56
2967,athenahealth,Tier_C,5
2968,atlassian,Tier_B,1
2969,atlassian,Tier_B,3
2970,atlassian,Tier_B,49
2971,atlassian,Tier_B,56
2972,atlassian,Tier_B,68
2973,atlassian,Tier_B,1166
2974,atlassian,Tier_B,1048
2975,atlassian,Tier_B,2034
2976,atlassian,Tier_B,121
2977,atlassian,Tier_B,2933
2978,atlassian,Tier_B,2959
2979,atlassian,Tier_B,2948
2980,atlassian,Tier_B,2976
2981,atlassian,Tier_B,2977
2982,atlassian,Tier_B,3026
2983,atlassian,Tier_B,229
2984,atlassian,Tier_B,253
2985,atlassian,Tier_B,300
2986,atlassian,Tier_B,353
2987,atlassian,Tier_B,359
2988,atlassian,Tier_B,1307
2989,atlassian,Tier_B,432
2990,atlassian,Tier_B,1366
2991,atlassian,Tier_B,2598
2992,atlassian,Tier_B,2577
2993,atlassian,Tier_B,2975
2994,atlassian,Tier_B,3000
2995,atlassian,Tier_B,362
2996,atlassian,Tier_B,875
2997,atlassian,Tier_B,79
2998,atlassian,Tier_B,658
2999,atlassian,Tier_B,45
3000,atlassian,Tier_B,881
3001,atlassian,Tier_B,347
3002,atlassian,Tier_B,128
3003,atlassian,Tier_B,605
3004,atlassian,Tier_B,1010
3005,atlassian,Tier_B,354
3006,atlassian,Tier_B,177
3007,atlassian,Tier_B,2039
3008,atlassian,Tier_B,2639
3009,atlassian,Tier_B,211
3010,atlassian,Tier_B,236
3011,atlassian,Tier_B,2559
3012,atlassian,Tier_B,34
3013,atlassian,Tier_B,1650
3014,atlassian,Tier_B,53
3015,atlassian,Tier_B,2353
3016,atlassian,Tier_B,1970
3017,atlassian,Tier_B,1676
3018,atlassian,Tier_B,146
3019,atlassian,Tier_B,2484
3020,atlassian,Tier_B,2561
3021,atlassian,Tier_B,1644
3022,atlassian,Tier_B,1797
3023,atlassian,Tier_B,44
3024,atlassian,Tier_B,297
3025,atlassian,Tier_B,31
3026,atlassian,Tier_B,3649
3027,atlassian,Tier_B,2939
3028,atlassian,Tier_B,956
3029,att,Tier_C,611
3030,att,Tier_C,20
3031,att,Tier_C,48
3032,att,Tier_C,3
3033,att,Tier_C,1695
3034,att,Tier_C,2964
3035,attentive,Tier_C,736
3036,attentive,Tier_C,1209
3037,attentive,Tier_C,273
3038,attentive,Tier_C,680
3039,attentive,Tier_C,724
3040,attentive,Tier_C,34
3041,audible,Tier_C,1228
3042,audible,Tier_C,1200
3043,audible,Tier_C,1747
3044,audible,Tier_C,767
3045,audible,Tier_C,146
3046,auriga,Tier_C,2997
3047,aurora,Tier_C,694
3048,aurora,Tier_C,543
3049,aurora,Tier_C,212
3050,aurora,Tier_C,146
3051,aurora,Tier_C,1610
3052,aurora,Tier_C,488
3053,aurora,Tier_C,305
3054,aurora,Tier_C,341
3055,aurora,Tier_C,253
3056,aurora,Tier_C,239
3057,aurora,Tier_C,210
3058,autodesk,Tier_B,3069
3059,autodesk,Tier_B,3072
3060,autodesk,Tier_B,49
3061,autodesk,Tier_B,3161
3062,autodesk,Tier_B,3034
3063,autodesk,Tier_B,3036
3064,autodesk,Tier_B,3045
3065,autodesk,Tier_B,3042
3066,autodesk,Tier_B,239
3067,autodesk,Tier_B,3019
3068,autodesk,Tier_B,238
3069,autodesk,Tier_B,25
3070,autodesk,Tier_B,36
3071,autodesk,Tier_B,33
3072,autodesk,Tier_B,20
3073,autodesk,Tier_B,169
3074,autodesk,Tier_B,875
3075,autodesk,Tier_B,53
3076,autodesk,Tier_B,73
3077,autodesk,Tier_B,4
3078,autodesk,Tier_B,390
3079,autodesk,Tier_B,15
3080,autodesk,Tier_B,5
3081,autodesk,Tier_B,75
3082,autodesk,Tier_B,141
3083,autodesk,Tier_B,146
3084,autodesk,Tier_B,54
3085,autodesk,Tier_B,1
3086,autodesk,Tier_B,215
3087,autodesk,Tier_B,56
3088,autodesk,Tier_B,139
3089,autodesk,Tier_B,200
3090,autodesk,Tier_B,142
3091,autodesk,Tier_B,68
3092,avalara,Tier_C,2117
3093,avito,Tier_C,2
3094,avito,Tier_C,22
3095,avito,Tier_C,88
3096,avito,Tier_C,347
3097,avito,Tier_C,907
3098,avito,Tier_C,215
3099,avito,Tier_C,49
3100,avito,Tier_C,104
3101,avito,Tier_C,238
3102,axis-bank,Tier_C,3495
3103,axon,Tier_C,380
3104,axon,Tier_C,981
3105,axon,Tier_C,13
3106,axon,Tier_C,973
3107,axon,Tier_C,125
3108,axon,Tier_C,1396
3109,axon,Tier_C,97
3110,axon,Tier_C,72
3111,axon,Tier_C,636
3112,baidu,Tier_C,124
3113,baidu,Tier_C,395
3114,baidu,Tier_C,397
3115,baidu,Tier_C,410
3116,baidu,Tier_C,413
3117,baidu,Tier_C,446
3118,baidu,Tier_C,488
3119,baidu,Tier_C,576
3120,baidu,Tier_C,588
3121,baidu,Tier_C,873
3122,baidu,Tier_C,240
3123,bank-of-america,Tier_C,20
3124,bank-of-america,Tier_C,121
3125,barclays,Tier_C,3070
3126,barclays,Tier_C,2961
3127,barclays,Tier_C,2833
3128,barclays,Tier_C,3080
3129,barclays,Tier_C,386
3130,barclays,Tier_C,20
3131,barclays,Tier_C,70
3132,barclays,Tier_C,200
3133,barclays,Tier_C,3474
3134,barclays,Tier_C,176
3135,barclays,Tier_C,14
3136,barclays,Tier_C,496
3137,barclays,Tier_C,151
3138,barclays,Tier_C,1482
3139,barclays,Tier_C,763
3140,barclays,Tier_C,1
3141,bcg,Tier_C,1457
3142,bcg,Tier_C,68
3143,bcg,Tier_C,9
3144,bcg,Tier_C,3433
3145,bcg,Tier_C,621
3146,bcg,Tier_C,209
3147,bcg,Tier_C,185
3148,bcg,Tier_C,125
3149,bcg,Tier_C,3447
3150,bcg,Tier_C,3452
3151,bcg,Tier_C,49
3152,bending-spoons,Tier_C,5
3153,bending-spoons,Tier_C,135
3154,bill-com,Tier_C,1962
3155,bitgo,Tier_C,2060
3156,bitgo,Tier_C,200
3157,bitgo,Tier_C,340
3158,bitgo,Tier_C,134
3159,bitgo,Tier_C,815
3160,bitgo,Tier_C,42
3161,bitgo,Tier_C,146
3162,bitgo,Tier_C,236
3163,bitgo,Tier_C,560
3164,bitgo,Tier_C,84
3165,bitgo,Tier_C,207
3166,bitgo,Tier_C,5
3167,bitgo,Tier_C,3
3168,bitgo,Tier_C,987
3169,bitgo,Tier_C,128
3170,blackbuck,Tier_C,82
3171,blackbuck,Tier_C,22
3172,blackrock,Tier_C,20
3173,blackrock,Tier_C,49
3174,blackrock,Tier_C,121
3175,blackrock,Tier_C,202
3176,blackrock,Tier_C,2291
3177,blackrock,Tier_C,3004
3178,blackrock,Tier_C,3068
3179,blackrock,Tier_C,200
3180,blackrock,Tier_C,5
3181,blackrock,Tier_C,1
3182,blackrock,Tier_C,268
3183,blackrock,Tier_C,70
3184,blackrock,Tier_C,12
3185,blackrock,Tier_C,287
3186,blackstone,Tier_C,1544
3187,blackstone,Tier_C,780
3188,blend,Tier_C,792
3189,blend,Tier_C,57
3190,blend,Tier_C,54
3191,blinkit,Tier_C,540
3192,blinkit,Tier_C,53
3193,blinkit,Tier_C,239
3194,blinkit,Tier_C,2385
3195,blinkit,Tier_C,49
3196,blinkit,Tier_C,1626
3197,bloomberg,Tier_A,1
3198,bloomberg,Tier_A,2
3199,bloomberg,Tier_A,3
3200,bloomberg,Tier_A,4
3201,bloomberg,Tier_A,5
3202,bloomberg,Tier_A,6
3203,bloomberg,Tier_A,7
3204,bloomberg,Tier_A,8
3205,bloomberg,Tier_A,9
3206,bloomberg,Tier_A,10
3207,bloomberg,Tier_A,11
3208,bloomberg,Tier_A,12
3209,bloomberg,Tier_A,13
3210,bloomberg,Tier_A,14
3211,bloomberg,Tier_A,15
3212,bloomberg,Tier_A,16
3213,bloomberg,Tier_A,17
3214,bloomberg,Tier_A,18
3215,bloomberg,Tier_A,19
3216,bloomberg,Tier_A,20
3217,bloomberg,Tier_A,21
3218,bloomberg,Tier_A,22
3219,bloomberg,Tier_A,23
3220,bloomberg,Tier_A,24
3221,bloomberg,Tier_A,25
3222,bloomberg,Tier_A,26
3223,bloomberg,Tier_A,27
3224,bloomberg,Tier_A,28
3225,bloomberg,Tier_A,29
3226,bloomberg,Tier_A,30
3227,bloomberg,Tier_A,31
3228,bloomberg,Tier_A,32
3229,bloomberg,Tier_A,33
3230,bloomberg,Tier_A,34
3231,bloomberg,Tier_A,35
3232,bloomberg,Tier_A,36
3233,bloomberg,Tier_A,37
3234,bloomberg,Tier_A,38
3235,bloomberg,Tier_A,39
3236,bloomberg,Tier_A,40
3237,bloomberg,Tier_A,41
3238,bloomberg,Tier_A,42
3239,bloomberg,Tier_A,43
3240,bloomberg,Tier_A,44
3241,bloomberg,Tier_A,45
3242,bloomberg,Tier_A,46
3243,bloomberg,Tier_A,47
3244,bloomberg,Tier_A,48
3245,bloomberg,Tier_A,49
3246,bloomberg,Tier_A,50
3247,bloomberg,Tier_A,51
3248,bloomberg,Tier_A,52
3249,bloomberg,Tier_A,53
3250,bloomberg,Tier_A,54
3251,bloomberg,Tier_A,55
3252,bloomberg,Tier_A,56
3253,bloomberg,Tier_A,57
3254,bloomberg,Tier_A,58
3255,bloomberg,Tier_A,59
3256,bloomberg,Tier_A,61
3257,bloomberg,Tier_A,62
3258,bloomberg,Tier_A,63
3259,bloomberg,Tier_A,64
3260,bloomberg,Tier_A,66
3261,bloomberg,Tier_A,67
3262,bloomberg,Tier_A,68
3263,bloomberg,Tier_A,69
3264,bloomberg,Tier_A,70
3265,bloomberg,Tier_A,71
3266,bloomberg,Tier_A,72
3267,bloomberg,Tier_A,73
3268,bloomberg,Tier_A,74
3269,bloomberg,Tier_A,75
3270,bloomberg,Tier_A,76
3271,bloomberg,Tier_A,77
3272,bloomberg,Tier_A,78
3273,bloomberg,Tier_A,79
3274,bloomberg,Tier_A,80
3275,bloomberg,Tier_A,81
3276,bloomberg,Tier_A,82
3277,bloomberg,Tier_A,83
3278,bloomberg,Tier_A,84
3279,bloomberg,Tier_A,85
3280,bloomberg,Tier_A,86
3281,bloomberg,Tier_A,88
3282,bloomberg,Tier_A,89
3283,bloomberg,Tier_A,90
3284,bloomberg,Tier_A,91
3285,bloomberg,Tier_A,92
3286,bloomberg,Tier_A,94
3287,bloomberg,Tier_A,95
3288,bloomberg,Tier_A,96
3289,bloomberg,Tier_A,98
3290,bloomberg,Tier_A,99
3291,bloomberg,Tier_A,100
3292,bloomberg,Tier_A,101
3293,bloomberg,Tier_A,102
3294,bloomberg,Tier_A,103
3295,bloomberg,Tier_A,104
3296,bloomberg,Tier_A,105
3297,bloomberg,Tier_A,106
3298,bloomberg,Tier_A,108
3299,bloomberg,Tier_A,109
3300,bloomberg,Tier_A,110
3301,bloomberg,Tier_A,111
3302,bloomberg,Tier_A,112
3303,bloomberg,Tier_A,113
3304,bloomberg,Tier_A,115
3305,bloomberg,Tier_A,116
3306,bloomberg,Tier_A,117
3307,bloomberg,Tier_A,118
3308,bloomberg,Tier_A,119
3309,bloomberg,Tier_A,120
3310,bloomberg,Tier_A,121
3311,bloomberg,Tier_A,122
3312,bloomberg,Tier_A,123
3313,bloomberg,Tier_A,124
3314,bloomberg,Tier_A,125
3315,bloomberg,Tier_A,126
3316,bloomberg,Tier_A,127
3317,bloomberg,Tier_A,128
3318,bloomberg,Tier_A,129
3319,bloomberg,Tier_A,130
3320,bloomberg,Tier_A,131
3321,bloomberg,Tier_A,132
3322,bloomberg,Tier_A,133
3323,bloomberg,Tier_A,134
3324,bloomberg,Tier_A,135
3325,bloomberg,Tier_A,136
3326,bloomberg,Tier_A,137
3327,bloomberg,Tier_A,138
3328,bloomberg,Tier_A,139
3329,bloomberg,Tier_A,140
3330,bloomberg,Tier_A,141
3331,bloomberg,Tier_A,142
3332,bloomberg,Tier_A,143
3333,bloomberg,Tier_A,144
3334,bloomberg,Tier_A,145
3335,bloomberg,Tier_A,146
3336,bloomberg,Tier_A,148
3337,bloomberg,Tier_A,149
3338,bloomberg,Tier_A,150
3339,bloomberg,Tier_A,151
3340,bloomberg,Tier_A,152
3341,bloomberg,Tier_A,153
3342,bloomberg,Tier_A,155
3343,bloomberg,Tier_A,158
3344,bloomberg,Tier_A,160
3345,bloomberg,Tier_A,162
3346,bloomberg,Tier_A,164
3347,bloomberg,Tier_A,167
3348,bloomberg,Tier_A,168
3349,bloomberg,Tier_A,169
3350,bloomberg,Tier_A,172
3351,bloomberg,Tier_A,173
3352,bloomberg,Tier_A,175
3353,bloomberg,Tier_A,177
3354,bloomberg,Tier_A,179
3355,bloomberg,Tier_A,180
3356,bloomberg,Tier_A,181
3357,bloomberg,Tier_A,183
3358,bloomberg,Tier_A,185
3359,bloomberg,Tier_A,187
3360,bloomberg,Tier_A,189
3361,bloomberg,Tier_A,191
3362,bloomberg,Tier_A,197
3363,bloomberg,Tier_A,198
3364,bloomberg,Tier_A,199
3365,bloomberg,Tier_A,200
3366,bloomberg,Tier_A,202
3367,bloomberg,Tier_A,203
3368,bloomberg,Tier_A,204
3369,bloomberg,Tier_A,205
3370,bloomberg,Tier_A,206
3371,bloomberg,Tier_A,207
3372,bloomberg,Tier_A,208
3373,bloomberg,Tier_A,209
3374,bloomberg,Tier_A,210
3375,bloomberg,Tier_A,211
3376,bloomberg,Tier_A,212
3377,bloomberg,Tier_A,213
3378,bloomberg,Tier_A,215
3379,bloomberg,Tier_A,217
3380,bloomberg,Tier_A,219
3381,bloomberg,Tier_A,222
3382,bloomberg,Tier_A,224
3383,bloomberg,Tier_A,225
3384,bloomberg,Tier_A,226
3385,bloomberg,Tier_A,227
3386,bloomberg,Tier_A,228
3387,bloomberg,Tier_A,229
3388,bloomberg,Tier_A,230
3389,bloomberg,Tier_A,231
3390,bloomberg,Tier_A,232
3391,bloomberg,Tier_A,234
3392,bloomberg,Tier_A,235
3393,bloomberg,Tier_A,236
3394,bloomberg,Tier_A,237
3395,bloomberg,Tier_A,238
3396,bloomberg,Tier_A,239
3397,bloomberg,Tier_A,240
3398,bloomberg,Tier_A,241
3399,bloomberg,Tier_A,242
3400,bloomberg,Tier_A,253
3401,bloomberg,Tier_A,257
3402,bloomberg,Tier_A,258
3403,bloomberg,Tier_A,260
3404,bloomberg,Tier_A,263
3405,bloomberg,Tier_A,264
3406,bloomberg,Tier_A,266
3407,bloomberg,Tier_A,268
3408,bloomberg,Tier_A,273
3409,bloomberg,Tier_A,274
3410,bloomberg,Tier_A,278
3411,bloomberg,Tier_A,279
3412,bloomberg,Tier_A,283
3413,bloomberg,Tier_A,287
3414,bloomberg,Tier_A,290
3415,bloomberg,Tier_A,295
3416,bloomberg,Tier_A,297
3417,bloomberg,Tier_A,300
3418,bloomberg,Tier_A,303
3419,bloomberg,Tier_A,304
3420,bloomberg,Tier_A,307
3421,bloomberg,Tier_A,308
3422,bloomberg,Tier_A,311
3423,bloomberg,Tier_A,312
3424,bloomberg,Tier_A,314
3425,bloomberg,Tier_A,315
3426,bloomberg,Tier_A,316
3427,bloomberg,Tier_A,319
3428,bloomberg,Tier_A,322
3429,bloomberg,Tier_A,328
3430,bloomberg,Tier_A,332
3431,bloomberg,Tier_A,334
3432,bloomberg,Tier_A,338
3433,bloomberg,Tier_A,343
3434,bloomberg,Tier_A,344
3435,bloomberg,Tier_A,345
3436,bloomberg,Tier_A,347
3437,bloomberg,Tier_A,349
3438,bloomberg,Tier_A,350
3439,bloomberg,Tier_A,354
3440,bloomberg,Tier_A,355
3441,bloomberg,Tier_A,359
3442,bloomberg,Tier_A,362
3443,bloomberg,Tier_A,367
3444,bloomberg,Tier_A,368
3445,bloomberg,Tier_A,371
3446,bloomberg,Tier_A,374
3447,bloomberg,Tier_A,378
3448,bloomberg,Tier_A,380
3449,bloomberg,Tier_A,383
3450,bloomberg,Tier_A,386
3451,bloomberg,Tier_A,387
3452,bloomberg,Tier_A,389
3453,bloomberg,Tier_A,390
3454,bloomberg,Tier_A,392
3455,bloomberg,Tier_A,394
3456,bloomberg,Tier_A,399
3457,bloomberg,Tier_A,402
3458,bloomberg,Tier_A,404
3459,bloomberg,Tier_A,405
3460,bloomberg,Tier_A,409
3461,bloomberg,Tier_A,410
3462,bloomberg,Tier_A,412
3463,bloomberg,Tier_A,414
3464,bloomberg,Tier_A,416
3465,bloomberg,Tier_A,424
3466,bloomberg,Tier_A,432
3467,bloomberg,Tier_A,433
3468,bloomberg,Tier_A,435
3469,bloomberg,Tier_A,436
3470,bloomberg,Tier_A,437
3471,bloomberg,Tier_A,441
3472,bloomberg,Tier_A,442
3473,bloomberg,Tier_A,443
3474,bloomberg,Tier_A,445
3475,bloomberg,Tier_A,448
3476,bloomberg,Tier_A,450
3477,bloomberg,Tier_A,451
3478,bloomberg,Tier_A,452
3479,bloomberg,Tier_A,455
3480,bloomberg,Tier_A,456
3481,bloomberg,Tier_A,459
3482,bloomberg,Tier_A,460
3483,bloomberg,Tier_A,463
3484,bloomberg,Tier_A,485
3485,bloomberg,Tier_A,486
3486,bloomberg,Tier_A,493
3487,bloomberg,Tier_A,494
3488,bloomberg,Tier_A,496
3489,bloomberg,Tier_A,501
3490,bloomberg,Tier_A,502
3491,bloomberg,Tier_A,503
3492,bloomberg,Tier_A,506
3493,bloomberg,Tier_A,513
3494,bloomberg,Tier_A,515
3495,bloomberg,Tier_A,518
3496,bloomberg,Tier_A,523
3497,bloomberg,Tier_A,525
3498,bloomberg,Tier_A,539
3499,bloomberg,Tier_A,540
3500,bloomberg,Tier_A,541
3501,bloomberg,Tier_A,542
3502,bloomberg,Tier_A,543
3503,bloomberg,Tier_A,547
3504,bloomberg,Tier_A,1730
3505,bloomberg,Tier_A,554
3506,bloomberg,Tier_A,556
3507,bloomberg,Tier_A,560
3508,bloomberg,Tier_A,561
3509,bloomberg,Tier_A,567
3510,bloomberg,Tier_A,570
3511,bloomberg,Tier_A,576
3512,bloomberg,Tier_A,577
3513,bloomberg,Tier_A,582
3514,bloomberg,Tier_A,584
3515,bloomberg,Tier_A,595
3516,bloomberg,Tier_A,605
3517,bloomberg,Tier_A,607
3518,bloomberg,Tier_A,610
3519,bloomberg,Tier_A,611
3520,bloomberg,Tier_A,620
3521,bloomberg,Tier_A,621
3522,bloomberg,Tier_A,626
3523,bloomberg,Tier_A,628
3524,bloomberg,Tier_A,633
3525,bloomberg,Tier_A,642
3526,bloomberg,Tier_A,643
3527,bloomberg,Tier_A,645
3528,bloomberg,Tier_A,647
3529,bloomberg,Tier_A,650
3530,bloomberg,Tier_A,652
3531,bloomberg,Tier_A,658
3532,bloomberg,Tier_A,662
3533,bloomberg,Tier_A,669
3534,bloomberg,Tier_A,676
3535,bloomberg,Tier_A,678
3536,bloomberg,Tier_A,680
3537,bloomberg,Tier_A,684
3538,bloomberg,Tier_A,692
3539,bloomberg,Tier_A,695
3540,bloomberg,Tier_A,713
3541,bloomberg,Tier_A,714
3542,bloomberg,Tier_A,718
3543,bloomberg,Tier_A,721
3544,bloomberg,Tier_A,723
3545,bloomberg,Tier_A,724
3546,bloomberg,Tier_A,733
3547,bloomberg,Tier_A,735
3548,bloomberg,Tier_A,739
3549,bloomberg,Tier_A,740
3550,bloomberg,Tier_A,743
3551,bloomberg,Tier_A,744
3552,bloomberg,Tier_A,746
3553,bloomberg,Tier_A,749
3554,bloomberg,Tier_A,430
3555,bloomberg,Tier_A,763
3556,bloomberg,Tier_A,767
3557,bloomberg,Tier_A,700
3558,bloomberg,Tier_A,703
3559,bloomberg,Tier_A,704
3560,bloomberg,Tier_A,779
3561,bloomberg,Tier_A,785
3562,bloomberg,Tier_A,787
3563,bloomberg,Tier_A,791
3564,bloomberg,Tier_A,796
3565,bloomberg,Tier_A,797
3566,bloomberg,Tier_A,705
3567,bloomberg,Tier_A,802
3568,bloomberg,Tier_A,827
3569,bloomberg,Tier_A,622
3570,bloomberg,Tier_A,846
3571,bloomberg,Tier_A,852
3572,bloomberg,Tier_A,853
3573,bloomberg,Tier_A,856
3574,bloomberg,Tier_A,860
3575,bloomberg,Tier_A,867
3576,bloomberg,Tier_A,875
3577,bloomberg,Tier_A,876
3578,bloomberg,Tier_A,877
3579,bloomberg,Tier_A,881
3580,bloomberg,Tier_A,885
3581,bloomberg,Tier_A,888
3582,bloomberg,Tier_A,894
3583,bloomberg,Tier_A,901
3584,bloomberg,Tier_A,905
3585,bloomberg,Tier_A,907
3586,bloomberg,Tier_A,909
3587,bloomberg,Tier_A,912
3588,bloomberg,Tier_A,921
3589,bloomberg,Tier_A,930
3590,bloomberg,Tier_A,931
3591,bloomberg,Tier_A,933
3592,bloomberg,Tier_A,935
3593,bloomberg,Tier_A,950
3594,bloomberg,Tier_A,509
3595,bloomberg,Tier_A,974
3596,bloomberg,Tier_A,977
3597,bloomberg,Tier_A,979
3598,bloomberg,Tier_A,980
3599,bloomberg,Tier_A,981
3600,bloomberg,Tier_A,986
3601,bloomberg,Tier_A,987
3602,bloomberg,Tier_A,993
3603,bloomberg,Tier_A,994
3604,bloomberg,Tier_A,995
3605,bloomberg,Tier_A,997
3606,bloomberg,Tier_A,1002
3607,bloomberg,Tier_A,1004
3608,bloomberg,Tier_A,1008
3609,bloomberg,Tier_A,1009
3610,bloomberg,Tier_A,1011
3611,bloomberg,Tier_A,1020
3612,bloomberg,Tier_A,1021
3613,bloomberg,Tier_A,1027
3614,bloomberg,Tier_A,1029
3615,bloomberg,Tier_A,1042
3616,bloomberg,Tier_A,1043
3617,bloomberg,Tier_A,1044
3618,bloomberg,Tier_A,1047
3619,bloomberg,Tier_A,1048
3620,bloomberg,Tier_A,1071
3621,bloomberg,Tier_A,1075
3622,bloomberg,Tier_A,1089
3623,bloomberg,Tier_A,1091
3624,bloomberg,Tier_A,1244
3625,bloomberg,Tier_A,511
3626,bloomberg,Tier_A,1095
3627,bloomberg,Tier_A,1104
3628,bloomberg,Tier_A,1108
3629,bloomberg,Tier_A,1122
3630,bloomberg,Tier_A,1289
3631,bloomberg,Tier_A,1130
3632,bloomberg,Tier_A,1274
3633,bloomberg,Tier_A,1137
3634,bloomberg,Tier_A,1140
3635,bloomberg,Tier_A,1143
3636,bloomberg,Tier_A,1148
3637,bloomberg,Tier_A,1169
3638,bloomberg,Tier_A,1382
3639,bloomberg,Tier_A,1174
3640,bloomberg,Tier_A,1550
3641,bloomberg,Tier_A,1190
3642,bloomberg,Tier_A,1192
3643,bloomberg,Tier_A,1200
3644,bloomberg,Tier_A,1193
3645,bloomberg,Tier_A,1207
3646,bloomberg,Tier_A,1209
3647,bloomberg,Tier_A,1204
3648,bloomberg,Tier_A,1211
3649,bloomberg,Tier_A,1235
3650,bloomberg,Tier_A,2273
3651,bloomberg,Tier_A,1248
3652,bloomberg,Tier_A,1249
3653,bloomberg,Tier_A,1251
3654,bloomberg,Tier_A,1282
3655,bloomberg,Tier_A,1283
3656,bloomberg,Tier_A,1358
3657,bloomberg,Tier_A,1346
3658,bloomberg,Tier_A,1347
3659,bloomberg,Tier_A,1351
3660,bloomberg,Tier_A,1387
3661,bloomberg,Tier_A,1378
3662,bloomberg,Tier_A,1396
3663,bloomberg,Tier_A,1431
3664,bloomberg,Tier_A,1438
3665,bloomberg,Tier_A,1478
3666,bloomberg,Tier_A,1470
3667,bloomberg,Tier_A,1472
3668,bloomberg,Tier_A,1491
3669,bloomberg,Tier_A,1492
3670,bloomberg,Tier_A,1480
3671,bloomberg,Tier_A,1482
3672,bloomberg,Tier_A,1498
3673,bloomberg,Tier_A,1512
3674,bloomberg,Tier_A,1518
3675,bloomberg,Tier_A,1539
3676,bloomberg,Tier_A,1517
3677,bloomberg,Tier_A,1547
3678,bloomberg,Tier_A,1527
3679,bloomberg,Tier_A,1578
3680,bloomberg,Tier_A,1583
3681,bloomberg,Tier_A,1570
3682,bloomberg,Tier_A,1581
3683,bloomberg,Tier_A,1608
3684,bloomberg,Tier_A,1609
3685,bloomberg,Tier_A,1614
3686,bloomberg,Tier_A,1636
3687,bloomberg,Tier_A,1653
3688,bloomberg,Tier_A,1633
3689,bloomberg,Tier_A,1656
3690,bloomberg,Tier_A,1672
3691,bloomberg,Tier_A,1679
3692,bloomberg,Tier_A,1661
3693,bloomberg,Tier_A,1700
3694,bloomberg,Tier_A,1717
3695,bloomberg,Tier_A,1732
3696,bloomberg,Tier_A,1752
3697,bloomberg,Tier_A,1731
3698,bloomberg,Tier_A,1768
3699,bloomberg,Tier_A,1757
3700,bloomberg,Tier_A,1816
3701,bloomberg,Tier_A,1823
3702,bloomberg,Tier_A,1832
3703,bloomberg,Tier_A,1838
3704,bloomberg,Tier_A,1820
3705,bloomberg,Tier_A,1863
3706,bloomberg,Tier_A,1893
3707,bloomberg,Tier_A,1911
3708,bloomberg,Tier_A,1903
3709,bloomberg,Tier_A,1901
3710,bloomberg,Tier_A,1920
3711,bloomberg,Tier_A,1922
3712,bloomberg,Tier_A,1929
3713,bloomberg,Tier_A,1934
3714,bloomberg,Tier_A,2009
3715,bloomberg,Tier_A,1971
3716,bloomberg,Tier_A,2035
3717,bloomberg,Tier_A,2073
3718,bloomberg,Tier_A,2095
3719,bloomberg,Tier_A,2130
3720,bloomberg,Tier_A,2149
3721,bloomberg,Tier_A,2235
3722,bloomberg,Tier_A,2385
3723,bloomberg,Tier_A,2423
3724,bloomberg,Tier_A,2515
3725,bloomberg,Tier_A,2583
3726,bloomberg,Tier_A,2560
3727,bloomberg,Tier_A,2574
3728,bloomberg,Tier_A,2620
3729,bloomberg,Tier_A,2667
3730,bloomberg,Tier_A,2769
3731,bloomberg,Tier_A,2704
3732,bloomberg,Tier_A,2703
3733,bloomberg,Tier_A,2877
3734,bloomberg,Tier_A,2956
3735,bloomberg,Tier_A,3110
3736,bloomberg,Tier_A,3131
3737,bloomberg,Tier_A,593
3738,bloomberg,Tier_A,357
3739,bloomberg,Tier_A,508
3740,bloomberg,Tier_A,1304
3741,bloomberg,Tier_A,2011
3742,bloomberg,Tier_A,1105
3743,bloomberg,Tier_A,1978
3744,bloomberg,Tier_A,1025
3745,bloomberg,Tier_A,2134
3746,bloomberg,Tier_A,1667
3747,bloomberg,Tier_A,1389
3748,bloomberg,Tier_A,3186
3749,bloomberg,Tier_A,1508
3750,bloomberg,Tier_A,686
3751,bloomberg,Tier_A,896
3752,bloomberg,Tier_A,725
3753,bloomberg,Tier_A,843
3754,bloomberg,Tier_A,959
3755,bloomberg,Tier_A,1568
3756,bloomberg,Tier_A,2064
3757,bloomberg,Tier_A,719
3758,bloomberg,Tier_A,1937
3759,bloomberg,Tier_A,1910
3760,bloomberg,Tier_A,176
3761,bloomberg,Tier_A,1341
3762,bloomberg,Tier_A,664
3763,bloomberg,Tier_A,2619
3764,bloomberg,Tier_A,947
3765,bloomberg,Tier_A,221
3766,bloomberg,Tier_A,2104
3767,bloomberg,Tier_A,550
3768,bloomberg,Tier_A,989
3769,bloomberg,Tier_A,1070
3770,bloomberg,Tier_A,3264
3771,bloomberg,Tier_A,252
3772,bloomberg,Tier_A,1045
3773,bloomberg,Tier_A,632
3774,bloomberg,Tier_A,1365
3775,bloomberg,Tier_A,407
3776,bloomberg,Tier_A,1894
3777,bloomberg,Tier_A,1945
3778,bloomberg,Tier_A,1683
3779,bloomberg,Tier_A,2028
3780,bloomberg,Tier_A,2239
3781,bloomberg,Tier_A,1367
3782,bloomberg,Tier_A,590
3783,bloomberg,Tier_A,2220
3784,bloomberg,Tier_A,1310
3785,bloomberg,Tier_A,3254
3786,bloomberg,Tier_A,2419
3787,bloomberg,Tier_A,1371
3788,bloomberg,Tier_A,594
3789,bloomberg,Tier_A,214
3790,bloomberg,Tier_A,2416
3791,bloomberg,Tier_A,233
3792,bloomberg,Tier_A,729
3793,bloomberg,Tier_A,114
3794,bloomberg,Tier_A,1164
3795,bloomberg,Tier_A,1331
3796,bloomberg,Tier_A,1268
3797,bloomberg,Tier_A,1590
3798,bloomberg,Tier_A,1267
3799,bloomberg,Tier_A,1963
3800,bloomberg,Tier_A,962
3801,bloomberg,Tier_A,1813
3802,bloomberg,Tier_A,2491
3803,bloomberg,Tier_A,1942
3804,bloomberg,Tier_A,1280
3805,bloomberg,Tier_A,2406
3806,bloomberg,Tier_A,1423
3807,bloomberg,Tier_A,1094
3808,bloomberg,Tier_A,2724
3809,bloomberg,Tier_A,373
3810,bloomberg,Tier_A,1976
3811,bloomberg,Tier_A,2965
3812,bloomberg,Tier_A,2590
3813,bloomberg,Tier_A,1405
3814,bloomberg,Tier_A,765
3815,bloomberg,Tier_A,321
3816,bloomberg,Tier_A,381
3817,bloomberg,Tier_A,670
3818,bloomberg,Tier_A,1545
3819,bloomberg,Tier_A,1106
3820,bloomberg,Tier_A,1464
3821,bloomberg,Tier_A,602
3822,bloomberg,Tier_A,1593
3823,bloomberg,Tier_A,346
3824,bloomberg,Tier_A,1475
3825,bloomberg,Tier_A,3190
3826,bloomberg,Tier_A,438
3827,bloomberg,Tier_A,1671
3828,bloomberg,Tier_A,2463
3829,bloomberg,Tier_A,216
3830,bloomberg,Tier_A,2490
3831,bloomberg,Tier_A,599
3832,bloomberg,Tier_A,942
3833,bloomberg,Tier_A,2914
3834,bloomberg,Tier_A,190
3835,bloomberg,Tier_A,1534
3836,bloomberg,Tier_A,1829
3837,bloomberg,Tier_A,3133
3838,bloomberg,Tier_A,3286
3839,bloomberg,Tier_A,415
3840,bloomberg,Tier_A,697
3841,bloomberg,Tier_A,2563
3842,bloomberg,Tier_A,1574
3843,bloomberg,Tier_A,282
3844,bloomberg,Tier_A,1373
3845,bloomberg,Tier_A,1957
3846,bloomberg,Tier_A,2461
3847,bloomberg,Tier_A,1072
3848,bloomberg,Tier_A,292
3849,bloomberg,Tier_A,752
3850,bloomberg,Tier_A,171
3851,bloomberg,Tier_A,196
3852,bloomberg,Tier_A,2290
3853,bloomberg,Tier_A,2413
3854,bloomberg,Tier_A,1455
3855,bloomberg,Tier_A,1760
3856,bloomberg,Tier_A,3152
3857,bloomberg,Tier_A,3381
3858,bloomberg,Tier_A,1944
3859,bloomberg,Tier_A,2062
3860,bloomberg,Tier_A,904
3861,bloomberg,Tier_A,2784
3862,bloomberg,Tier_A,2593
3863,bloomberg,Tier_A,480
3864,bloomberg,Tier_A,2762
3865,bloomberg,Tier_A,1792
3866,bloomberg,Tier_A,3366
3867,bloomberg,Tier_A,289
3868,bloomberg,Tier_A,3354
3869,bloomberg,Tier_A,1652
3870,bloomberg,Tier_A,769
3871,bloomberg,Tier_A,3388
3872,bloomberg,Tier_A,1068
3873,bloomberg,Tier_A,653
3874,bloomberg,Tier_A,250
3875,bloomberg,Tier_A,2981
3876,bloomberg,Tier_A,1791
3877,bloomberg,Tier_A,1941
3878,bloomberg,Tier_A,1014
3879,bloomberg,Tier_A,689
3880,bloomberg,Tier_A,3405
3881,bloomberg,Tier_A,528
3882,bloomberg,Tier_A,2634
3883,bloomberg,Tier_A,992
3884,bloomberg,Tier_A,3404
3885,bloomberg,Tier_A,1930
3886,bloomberg,Tier_A,2270
3887,bloomberg,Tier_A,1789
3888,bloomberg,Tier_A,1769
3889,bloomberg,Tier_A,983
3890,bloomberg,Tier_A,1408
3891,bloomberg,Tier_A,3042
3892,bloomberg,Tier_A,2185
3893,bloomberg,Tier_A,916
3894,bloomberg,Tier_A,627
3895,bloomberg,Tier_A,1400
3896,bloomberg,Tier_A,326
3897,bloomberg,Tier_A,624
3898,bloomberg,Tier_A,2116
3899,bloomberg,Tier_A,3223
3900,bloomberg,Tier_A,1295
3901,bloomberg,Tier_A,2657
3902,bloomberg,Tier_A,2429
3903,bloomberg,Tier_A,475
3904,bloomberg,Tier_A,1255
3905,bloomberg,Tier_A,617
3906,bloomberg,Tier_A,2661
3907,bloomberg,Tier_A,3428
3908,bloomberg,Tier_A,1293
3909,bloomberg,Tier_A,2017
3910,bloomberg,Tier_A,3429
3911,bloomberg,Tier_A,428
3912,bloomberg,Tier_A,2373
3913,bloomberg,Tier_A,1290
3914,bloomberg,Tier_A,97
3915,bloomberg,Tier_A,2007
3916,bloomberg,Tier_A,93
3917,bloomberg,Tier_A,2215
3918,bloomberg,Tier_A,1778
3919,bloomberg,Tier_A,3105
3920,bloomberg,Tier_A,317
3921,bloomberg,Tier_A,581
3922,bloomberg,Tier_A,1171
3923,bloomberg,Tier_A,1726
3924,bloomberg,Tier_A,3160
3925,bloomberg,Tier_A,3174
3926,bloomberg,Tier_A,2418
3927,bloomberg,Tier_A,1019
3928,bloomberg,Tier_A,2342
3929,bloomberg,Tier_A,427
3930,bloomberg,Tier_A,1763
3931,bloomberg,Tier_A,1352
3932,bloomberg,Tier_A,2824
3933,bloomberg,Tier_A,310
3934,bloomberg,Tier_A,2698
3935,bloomberg,Tier_A,1907
3936,bloomberg,Tier_A,1079
3937,bloomberg,Tier_A,1781
3938,bloomberg,Tier_A,1415
3939,bloomberg,Tier_A,1980
3940,bloomberg,Tier_A,575
3941,bloomberg,Tier_A,1321
3942,bloomberg,Tier_A,1028
3943,bloomberg,Tier_A,889
3944,bloomberg,Tier_A,754
3945,bloomberg,Tier_A,873
3946,bloomberg,Tier_A,1309
3947,bloomberg,Tier_A,1749
3948,bloomberg,Tier_A,65
3949,bloomberg,Tier_A,2161
3950,bloomberg,Tier_A,1780
3951,bloomberg,Tier_A,2559
3952,bloomberg,Tier_A,2579
3953,bloomberg,Tier_A,2542
3954,bloomberg,Tier_A,2523
3955,bloomberg,Tier_A,286
3956,bloomberg,Tier_A,1456
3957,bloomberg,Tier_A,3208
3958,bloomberg,Tier_A,3306
3959,bloomberg,Tier_A,667
3960,bloomberg,Tier_A,844
3961,bloomberg,Tier_A,3356
3962,bloomberg,Tier_A,2226
3963,bloomberg,Tier_A,417
3964,bloomberg,Tier_A,1049
3965,bloomberg,Tier_A,2206
3966,bloomberg,Tier_A,1217
3967,bloomberg,Tier_A,2401
3968,bloomberg,Tier_A,1854
3969,bloomberg,Tier_A,2058
3970,bloomberg,Tier_A,3191
3971,bloomberg,Tier_A,60
3972,bloomberg,Tier_A,1141
3973,bloomberg,Tier_A,2115
3974,bloomberg,Tier_A,1710
3975,bloomberg,Tier_A,913
3976,bloomberg,Tier_A,848
3977,bloomberg,Tier_A,3453
3978,bloomberg,Tier_A,871
3979,bloomberg,Tier_A,3394
3980,bloomberg,Tier_A,520
3981,bloomberg,Tier_A,1506
3982,bloomberg,Tier_A,1084
3983,bloomberg,Tier_A,1052
3984,bloomberg,Tier_A,747
3985,bloomberg,Tier_A,2140
3986,bloomberg,Tier_A,2874
3987,bloomberg,Tier_A,1123
3988,bloomberg,Tier_A,3396
3989,bloomberg,Tier_A,498
3990,bloomberg,Tier_A,3375
3991,bloomberg,Tier_A,687
3992,bloomberg,Tier_A,2843
3993,bloomberg,Tier_A,2179
3994,bloomberg,Tier_A,863
3995,bloomberg,Tier_A,2176
3996,bloomberg,Tier_A,2109
3997,bloomberg,Tier_A,781
3998,bloomberg,Tier_A,2145
3999,bloomberg,Tier_A,918
4000,bloomberg,Tier_A,2352
4001,bloomberg,Tier_A,2800
4002,bloomberg,Tier_A,1399
4003,bloomberg,Tier_A,832
4004,bloomberg,Tier_A,3304
4005,bloomberg,Tier_A,2845
4006,bloomberg,Tier_A,2974
4007,bloomberg,Tier_A,2404
4008,bloomberg,Tier_A,2259
4009,bloomberg,Tier_A,2962
4010,bloomberg,Tier_A,838
4011,bloomberg,Tier_A,3310
4012,bloomberg,Tier_A,2570
4013,bloomberg,Tier_A,2337
4014,bloomberg,Tier_A,1128
4015,bloomberg,Tier_A,790
4016,bloomberg,Tier_A,3341
4017,bloomberg,Tier_A,2071
4018,bloomberg,Tier_A,174
4019,bloomberg,Tier_A,2094
4020,bloomberg,Tier_A,1642
4021,bloomberg,Tier_A,516
4022,bloomberg,Tier_A,1931
4023,bloomberg,Tier_A,3024
4024,bloomberg,Tier_A,1979
4025,bloomberg,Tier_A,2940
4026,bloomberg,Tier_A,3355
4027,bloomberg,Tier_A,2894
4028,bloomberg,Tier_A,3362
4029,bloomberg,Tier_A,2131
4030,bloomberg,Tier_A,701
4031,bloomberg,Tier_A,3557
4032,bloomberg,Tier_A,3547
4033,bloomberg,Tier_A,2558
4034,bloomberg,Tier_A,1684
4035,bloomberg,Tier_A,3568
4036,bloomberg,Tier_A,1006
4037,bloomberg,Tier_A,619
4038,bloomberg,Tier_A,1298
4039,bloomberg,Tier_A,3403
4040,bloomberg,Tier_A,1524
4041,bloomberg,Tier_A,2170
4042,bloomberg,Tier_A,1544
4043,bloomberg,Tier_A,3170
4044,bloomberg,Tier_A,862
4045,bloomberg,Tier_A,2000
4046,bloomberg,Tier_A,3445
4047,bloomberg,Tier_A,3423
4048,bloomberg,Tier_A,2359
4049,bloomberg,Tier_A,372
4050,bloomberg,Tier_A,2016
4051,bloomberg,Tier_A,1432
4052,bloomberg,Tier_A,2460
4053,bloomberg,Tier_A,2966
4054,bloomberg,Tier_A,3582
4055,bloomberg,Tier_A,2643
4056,bloomberg,Tier_A,1392
4057,bloomberg,Tier_A,1344
4058,bloomberg,Tier_A,1631
4059,bloomberg,Tier_A,3443
4060,bloomberg,Tier_A,2138
4061,bloomberg,Tier_A,3085
4062,bloomberg,Tier_A,2081
4063,bloomberg,Tier_A,2807
4064,bloomberg,Tier_A,2200
4065,bloomberg,Tier_A,2040
4066,bloomberg,Tier_A,87
4067,bloomberg,Tier_A,2231
4068,bloomberg,Tier_A,1926
4069,bloomberg,Tier_A,792
4070,bloomberg,Tier_A,2311
4071,bloomberg,Tier_A,2099
4072,bloomberg,Tier_A,771
4073,bloomberg,Tier_A,2191
4074,bloomberg,Tier_A,973
4075,bloomberg,Tier_A,178
4076,bloomberg,Tier_A,3330
4077,bloomberg,Tier_A,1051
4078,bloomberg,Tier_A,1991
4079,bloomberg,Tier_A,3333
4080,bloomberg,Tier_A,3307
4081,bloomberg,Tier_A,1729
4082,bloomberg,Tier_A,3151
4083,bloomberg,Tier_A,1394
4084,bloomberg,Tier_A,3147
4085,bloomberg,Tier_A,585
4086,bloomberg,Tier_A,1865
4087,bloomberg,Tier_A,1353
4088,bloomberg,Tier_A,551
4089,bloomberg,Tier_A,1751
4090,bloomberg,Tier_A,3439
4091,bloomberg,Tier_A,3440
4092,bloomberg,Tier_A,1013
4093,bloomberg,Tier_A,2726
4094,bloomberg,Tier_A,1900
4095,bloomberg,Tier_A,968
4096,bloomberg,Tier_A,3136
4097,bloomberg,Tier_A,3202
4098,bloomberg,Tier_A,899
4099,bloomberg,Tier_A,674
4100,bloomberg,Tier_A,2163
4101,bloomberg,Tier_A,2303
4102,bloomberg,Tier_A,2300
4103,bloomberg,Tier_A,2623
4104,bloomberg,Tier_A,1695
4105,bloomberg,Tier_A,2483
4106,bloomberg,Tier_A,3274
4107,bloomberg,Tier_A,2723
4108,bloomberg,Tier_A,3487
4109,bloomberg,Tier_A,1158
4110,bloomberg,Tier_A,3480
4111,bloomberg,Tier_A,2210
4112,bloomberg,Tier_A,1446
4113,bloomberg,Tier_A,2044
4114,bloomberg,Tier_A,421
4115,bloomberg,Tier_A,2481
4116,bloomberg,Tier_A,2411
4117,bloomberg,Tier_A,1275
4118,bloomberg,Tier_A,1748
4119,bloomberg,Tier_A,953
4120,bloomberg,Tier_A,898
4121,bloomberg,Tier_A,1202
4122,bloomberg,Tier_A,2561
4123,bloomberg,Tier_A,991
4124,bloomberg,Tier_A,2597
4125,bloomberg,Tier_A,3479
4126,bloomberg,Tier_A,3363
4127,bloomberg,Tier_A,2535
4128,bloomberg,Tier_A,330
4129,bloomberg,Tier_A,490
4130,bloomberg,Tier_A,2438
4131,bloomberg,Tier_A,869
4132,bloomberg,Tier_A,2787
4133,bloomberg,Tier_A,1698
4134,bloomberg,Tier_A,2264
4135,bloomberg,Tier_A,536
4136,bloomberg,Tier_A,821
4137,bloomberg,Tier_A,342
4138,bloomberg,Tier_A,837
4139,bloomberg,Tier_A,657
4140,bloomberg,Tier_A,363
4141,bloomberg,Tier_A,1323
4142,bloomberg,Tier_A,679
4143,bloomberg,Tier_A,1493
4144,bloomberg,Tier_A,2582
4145,bloomberg,Tier_A,1851
4146,bloomberg,Tier_A,262
4147,bloomberg,Tier_A,201
4148,bloomberg,Tier_A,1300
4149,bloomberg,Tier_A,1504
4150,bloomberg,Tier_A,1203
4151,bloomberg,Tier_A,309
4152,bloomberg,Tier_A,3195
4153,bloomberg,Tier_A,1319
4154,bloomberg,Tier_A,182
4155,bloomberg,Tier_A,1342
4156,bloomberg,Tier_A,784
4157,bloomberg,Tier_A,1932
4158,bloomberg,Tier_A,3021
4159,bloomberg,Tier_A,2942
4160,bloomberg,Tier_A,461
4161,bloomberg,Tier_A,3211
4162,bloomberg,Tier_A,3516
4163,bloomberg,Tier_A,2749
4164,bloomberg,Tier_A,3495
4165,bloomberg,Tier_A,3478
4166,bloomberg,Tier_A,2327
4167,bloomberg,Tier_A,2119
4168,bloomberg,Tier_A,1733
4169,bloomberg,Tier_A,526
4170,bloomberg,Tier_A,966
4171,bloomberg,Tier_A,2503
4172,bloomberg,Tier_A,1668
4173,bloomberg,Tier_A,507
4174,bloomberg,Tier_A,2074
4175,bloomberg,Tier_A,3408
4176,bloomberg,Tier_A,3222
4177,bloomberg,Tier_A,3005
4178,bloomberg,Tier_A,1061
4179,bloomberg,Tier_A,572
4180,bloomberg,Tier_A,2395
4181,bloomberg,Tier_A,166
4182,bloomberg,Tier_A,812
4183,bloomberg,Tier_A,976
4184,bloomberg,Tier_A,2540
4185,bloomberg,Tier_A,220
4186,bloomberg,Tier_A,3035
4187,bloomberg,Tier_A,887
4188,bloomberg,Tier_A,401
4189,bloomberg,Tier_A,1460
4190,bloomberg,Tier_A,2517
4191,bloomberg,Tier_A,470
4192,bloomberg,Tier_A,1488
4193,bloomberg,Tier_A,3494
4194,bloomberg,Tier_A,2364
4195,bloomberg,Tier_A,3703
4196,bloomberg,Tier_A,1385
4197,bloomberg,Tier_A,649
4198,bloomberg,Tier_A,3349
4199,bloomberg,Tier_A,3397
4200,bloomberg,Tier_A,1266
4201,bloomberg,Tier_A,2090
4202,bloomberg,Tier_A,1366
4203,bloomberg,Tier_A,3713
4204,bloomberg,Tier_A,1041
4205,bloomberg,Tier_A,2048
4206,bloomberg,Tier_A,600
4207,bloomberg,Tier_A,3719
4208,bloomberg,Tier_A,2043
4209,bloomberg,Tier_A,815
4210,bloomberg,Tier_A,3609
4211,bloomberg,Tier_A,938
4212,bloomberg,Tier_A,2441
4213,bloomberg,Tier_A,895
4214,bloomberg,Tier_A,3217
4215,bloomberg,Tier_A,2648
4216,bloomberg,Tier_A,3318
4217,bloomberg,Tier_A,1046
4218,bloomberg,Tier_A,3321
4219,bloomberg,Tier_A,1639
4220,bloomberg,Tier_A,1611
4221,bloomberg,Tier_A,1240
4222,bloomberg,Tier_A,348
4223,bloomberg,Tier_A,3542
4224,bloomberg,Tier_A,474
4225,bloomberg,Tier_A,395
4226,bloomberg,Tier_A,3228
4227,bloomberg,Tier_A,3229
4228,bloomberg,Tier_A,1948
4229,bloomberg,Tier_A,768
4230,bloomberg,Tier_A,3234
4231,bloomberg,Tier_A,1437
4232,bloomberg,Tier_A,766
4233,bloomberg,Tier_A,1657
4234,bloomberg,Tier_A,717
4235,bloomberg,Tier_A,623
4236,bloomberg,Tier_A,2154
4237,bloomberg,Tier_A,880
4238,bloomberg,Tier_A,3006
4239,bloomberg,Tier_A,1015
4240,bloomberg,Tier_A,694
4241,bloomberg,Tier_A,2141
4242,bloomberg,Tier_A,759
4243,bloomberg,Tier_A,1502
4244,bloomberg,Tier_A,3432
4245,bloomberg,Tier_A,270
4246,bloomberg,Tier_A,608
4247,bloomberg,Tier_A,552
4248,bloomberg,Tier_A,218
4249,bloomberg,Tier_A,3583
4250,bloomberg,Tier_A,1386
4251,bloomberg,Tier_A,2551
4252,bloomberg,Tier_A,3623
4253,bloomberg,Tier_A,2492
4254,bloomberg,Tier_A,3433
4255,bloomberg,Tier_A,419
4256,bloomberg,Tier_A,2890
4257,bloomberg,Tier_A,2147
4258,bloomberg,Tier_A,3484
4259,bloomberg,Tier_A,3347
4260,bloomberg,Tier_A,1925
4261,bloomberg,Tier_A,3776
4262,bloomberg,Tier_A,955
4263,bloomberg,Tier_A,2124
4264,bloomberg,Tier_A,1765
4265,bloomberg,Tier_A,457
4266,bloomberg,Tier_A,2421
4267,bloomberg,Tier_A,3074
4268,bloomberg,Tier_A,3497
4269,bloomberg,Tier_A,2402
4270,bloomberg,Tier_A,3469
4271,bloomberg,Tier_A,2027
4272,bloomberg,Tier_A,840
4273,bloomberg,Tier_A,385
4274,bloomberg,Tier_A,808
4275,bloomberg,Tier_A,1411
4276,bloomberg,Tier_A,1390
4277,bloomberg,Tier_A,967
4278,bloomberg,Tier_A,377
4279,bloomberg,Tier_A,1975
4280,bloomberg,Tier_A,911
4281,bloomberg,Tier_A,324
4282,bloomberg,Tier_A,1339
4283,bloomberg,Tier_A,1458
4284,bloomberg,Tier_A,865
4285,bloomberg,Tier_A,925
4286,bloomberg,Tier_A,3043
4287,bloomberg,Tier_A,707
4288,bloomberg,Tier_A,446
4289,bloomberg,Tier_A,2975
4290,bloomberg,Tier_A,3731
4291,bloomberg,Tier_A,3047
4292,bloomberg,Tier_A,961
4293,bloomberg,Tier_A,682
4294,bloomberg,Tier_A,477
4295,bloomberg,Tier_A,2516
4296,bloomberg,Tier_A,3649
4297,bloomberg,Tier_A,636
4298,bloomberg,Tier_A,3314
4299,bloomberg,Tier_A,3507
4300,bloomberg,Tier_A,2236
4301,bloomberg,Tier_A,532
4302,bloomberg,Tier_A,1281
4303,bloomberg,Tier_A,3650
4304,bloomberg,Tier_A,2716
4305,bloomberg,Tier_A,223
4306,bloomberg,Tier_A,1026
4307,bloomberg,Tier_A,337
4308,bloomberg,Tier_A,1160
4309,bloomberg,Tier_A,3010
4310,bloomberg,Tier_A,833
4311,bloomberg,Tier_A,868
4312,bloomberg,Tier_A,3640
4313,bloomberg,Tier_A,2022
4314,bloomberg,Tier_A,3658
4315,bloomberg,Tier_A,335
4316,bloomberg,Tier_A,2197
4317,bloomberg,Tier_A,817
4318,bloomberg,Tier_A,1226
4319,bloomberg,Tier_A,3714
4320,bloomberg,Tier_A,922
4321,bloomberg,Tier_A,799
4322,bloomberg,Tier_A,487
4323,bloomberg,Tier_A,696
4324,bloomberg,Tier_A,761
4325,bloomberg,Tier_A,673
4326,bloomberg,Tier_A,698
4327,bloomberg,Tier_A,1022
4328,bloomberg,Tier_A,1718
4329,bloomberg,Tier_A,1197
4330,bloomberg,Tier_A,1680
4331,bloomberg,Tier_A,195
4332,bloomberg,Tier_A,1536
4333,bloomberg,Tier_A,301
4334,bloomberg,Tier_A,2880
4335,bloomberg,Tier_A,3848
4336,bloomberg,Tier_A,1758
4337,bloomberg,Tier_A,777
4338,bloomberg,Tier_A,3025
4339,bloomberg,Tier_A,107
4340,bloomberg,Tier_A,1337
4341,bloomberg,Tier_A,1622
4342,bloomberg,Tier_A,3346
4343,bloomberg,Tier_A,1727
4344,bloomberg,Tier_A,3434
4345,bloomberg,Tier_A,1693
4346,bloomberg,Tier_A,564
4347,bloomberg,Tier_A,2906
4348,bloomberg,Tier_A,3546
4349,bloomberg,Tier_A,269
4350,bloomberg,Tier_A,2257
4351,bloomberg,Tier_A,601
4352,bloomberg,Tier_A,3418
4353,bloomberg,Tier_A,2530
4354,bloomberg,Tier_A,3471
4355,bloomberg,Tier_A,1800
4356,bloomberg,Tier_A,2336
4357,bloomberg,Tier_A,1669
4358,bloomberg,Tier_A,1092
4359,bloomberg,Tier_A,1848
4360,bloomberg,Tier_A,3488
4361,bloomberg,Tier_A,3783
4362,bloomberg,Tier_A,596
4363,bloomberg,Tier_A,932
4364,bloomberg,Tier_A,2078
4365,bloomberg,Tier_A,329
4366,bloomberg,Tier_A,2452
4367,bloomberg,Tier_A,403
4368,bloomberg,Tier_A,2833
4369,bloomberg,Tier_A,2571
4370,bloomberg,Tier_A,3464
4371,bloomberg,Tier_A,396
4372,bloomberg,Tier_A,147
4373,bloomberg,Tier_A,1262
4374,bloomberg,Tier_A,1876
4375,bloomberg,Tier_A,978
4376,bloomberg,Tier_A,3660
4377,bloomberg,Tier_A,1722
4378,bloomberg,Tier_A,693
4379,bloomberg,Tier_A,1441
4380,bloomberg,Tier_A,375
4381,bloomberg,Tier_A,1721
4382,bloomberg,Tier_A,353
4383,bloomberg,Tier_A,941
4384,bloomberg,Tier_A,2462
4385,bloomberg,Tier_A,453
4386,bloomberg,Tier_A,1188
4387,bloomreach,Tier_C,1111
4388,blue-origin,Tier_C,1041
4389,blue-origin,Tier_C,696
4390,bnp-paribas,Tier_C,761
4391,bny-mellon,Tier_C,1465
4392,bny-mellon,Tier_C,49
4393,bny-mellon,Tier_C,2876
4394,bny-mellon,Tier_C,2615
4395,bny-mellon,Tier_C,3012
4396,bny-mellon,Tier_C,3251
4397,bny-mellon,Tier_C,15
4398,bny-mellon,Tier_C,853
4399,bny-mellon,Tier_C,2044
4400,bny-mellon,Tier_C,924
4401,bny-mellon,Tier_C,898
4402,bny-mellon,Tier_C,88
4403,bny-mellon,Tier_C,121
4404,bny-mellon,Tier_C,215
4405,bny-mellon,Tier_C,647
4406,boeing,Tier_C,2416
4407,boeing,Tier_C,224
4408,boeing,Tier_C,1017
4409,bolt,Tier_C,1941
4410,bolt,Tier_C,438
4411,bolt,Tier_C,121
4412,bolt,Tier_C,123
4413,bolt,Tier_C,560
4414,bolt,Tier_C,2696
4415,bookingcom,Tier_C,1948
4416,bookingcom,Tier_C,2512
4417,bookingcom,Tier_C,1034
4418,bookingcom,Tier_C,2032
4419,bookingcom,Tier_C,2146
4420,bookingcom,Tier_C,221
4421,bookingcom,Tier_C,239
4422,bookingcom,Tier_C,2159
4423,bookingcom,Tier_C,332
4424,bookingcom,Tier_C,12
4425,bookingcom,Tier_C,46
4426,bookingcom,Tier_C,146
4427,bookingcom,Tier_C,13
4428,bookingcom,Tier_C,32
4429,box,Tier_C,127
4430,box,Tier_C,191
4431,box,Tier_C,692
4432,box,Tier_C,684
4433,box,Tier_C,189
4434,box,Tier_C,965
4435,box,Tier_C,935
4436,box,Tier_C,126
4437,bp,Tier_C,49
4438,bp,Tier_C,1424
4439,braze,Tier_C,723
4440,bridgewater-associates,Tier_C,2393
4441,bridgewater-associates,Tier_C,935
4442,brillio,Tier_C,1551
4443,broadcom,Tier_C,19
4444,broadcom,Tier_C,146
4445,browserstack,Tier_C,739
4446,bt-group,Tier_C,2974
4447,buyhatke,Tier_C,139
4448,buyhatke,Tier_C,25
4449,buyhatke,Tier_C,42
4450,bytedance,Tier_B,3
4451,bytedance,Tier_B,33
4452,bytedance,Tier_B,39
4453,bytedance,Tier_B,42
4454,bytedance,Tier_B,56
4455,bytedance,Tier_B,1997
4456,bytedance,Tier_B,128
4457,bytedance,Tier_B,146
4458,bytedance,Tier_B,148
4459,bytedance,Tier_B,198
4460,bytedance,Tier_B,200
4461,bytedance,Tier_B,206
4462,bytedance,Tier_B,207
4463,bytedance,Tier_B,215
4464,bytedance,Tier_B,316
4465,bytedance,Tier_B,317
4466,bytedance,Tier_B,394
4467,bytedance,Tier_B,1081
4468,bytedance,Tier_B,1530
4469,bytedance,Tier_B,70
4470,bytedance,Tier_B,227
4471,bytedance,Tier_B,380
4472,bytedance,Tier_B,1
4473,bytedance,Tier_B,40
4474,bytedance,Tier_B,221
4475,bytedance,Tier_B,347
4476,bytedance,Tier_B,939
4477,bytedance,Tier_B,994
4478,bytedance,Tier_B,1143
4479,bytedance,Tier_B,10
4480,bytedance,Tier_B,240
4481,bytedance,Tier_B,121
4482,bytedance,Tier_B,407
4483,bytedance,Tier_B,2
4484,bytedance,Tier_B,224
4485,bytedance,Tier_B,560
4486,bytedance,Tier_B,2502
4487,bytedance,Tier_B,78
4488,bytedance,Tier_B,424
4489,bytedance,Tier_B,1171
4490,bytedance,Tier_B,402
4491,bytedance,Tier_B,1235
4492,bytedance,Tier_B,662
4493,bytedance,Tier_B,133
4494,bytedance,Tier_B,92
4495,bytedance,Tier_B,934
4496,bytedance,Tier_B,43
4497,bytedance,Tier_B,5
4498,bytedance,Tier_B,2134
4499,bytedance,Tier_B,162
4500,bytedance,Tier_B,20
4501,bytedance,Tier_B,3043
4502,bytedance,Tier_B,53
4503,bytedance,Tier_B,1352
4504,bytedance,Tier_B,55
4505,bytedance,Tier_B,721
4506,bytedance,Tier_B,127
4507,bytedance,Tier_B,23
4508,bytedance,Tier_B,68
4509,bytedance,Tier_B,450
4510,bytedance,Tier_B,93
4511,bytedance,Tier_B,103
4512,bytedance,Tier_B,540
4513,bytedance,Tier_B,16
4514,bytedance,Tier_B,300
4515,bytedance,Tier_B,142
4516,c3-ai,Tier_C,281
4517,c3-ai,Tier_C,994
4518,c3-ai,Tier_C,54
4519,c3-ai,Tier_C,42
4520,c3-ai,Tier_C,11
4521,c3-ai,Tier_C,976
4522,c3-ai,Tier_C,20
4523,c3-ai,Tier_C,22
4524,c3-ai,Tier_C,56
4525,c3-ai,Tier_C,322
4526,c3-ai,Tier_C,134
4527,cadence,Tier_C,463
4528,cadence,Tier_C,1
4529,cadence,Tier_C,125
4530,cadence,Tier_C,138
4531,cadence,Tier_C,25
4532,cadence,Tier_C,42
4533,cadence,Tier_C,841
4534,cadence,Tier_C,8
4535,canonical,Tier_C,2138
4536,canonical,Tier_C,150
4537,canonical,Tier_C,88
4538,canva,Tier_C,227
4539,canva,Tier_C,224
4540,capgemini,Tier_B,1
4541,capgemini,Tier_B,2
4542,capgemini,Tier_B,9
4543,capgemini,Tier_B,26
4544,capgemini,Tier_B,121
4545,capgemini,Tier_B,189
4546,capgemini,Tier_B,2356
4547,capgemini,Tier_B,3005
4548,capgemini,Tier_B,14
4549,capgemini,Tier_B,1405
4550,capgemini,Tier_B,4
4551,capgemini,Tier_B,626
4552,capgemini,Tier_B,242
4553,capgemini,Tier_B,3498
4554,capgemini,Tier_B,283
4555,capgemini,Tier_B,42
4556,capgemini,Tier_B,3
4557,capgemini,Tier_B,560
4558,capgemini,Tier_B,34
4559,capgemini,Tier_B,322
4560,capgemini,Tier_B,21
4561,capgemini,Tier_B,75
4562,capgemini,Tier_B,128
4563,capgemini,Tier_B,7
4564,capgemini,Tier_B,11
4565,capgemini,Tier_B,28
4566,capgemini,Tier_B,13
4567,capgemini,Tier_B,176
4568,capgemini,Tier_B,217
4569,capgemini,Tier_B,49
4570,capgemini,Tier_B,2677
4571,capgemini,Tier_B,66
4572,capgemini,Tier_B,1877
4573,capgemini,Tier_B,235
4574,capgemini,Tier_B,349
4575,capital-one,Tier_B,2
4576,capital-one,Tier_B,546
4577,capital-one,Tier_B,48
4578,capital-one,Tier_B,68
4579,capital-one,Tier_B,71
4580,capital-one,Tier_B,723
4581,capital-one,Tier_B,3043
4582,capital-one,Tier_B,1390
4583,capital-one,Tier_B,2251
4584,capital-one,Tier_B,3101
4585,capital-one,Tier_B,2043
4586,capital-one,Tier_B,121
4587,capital-one,Tier_B,435
4588,capital-one,Tier_B,3161
4589,capital-one,Tier_B,54
4590,capital-one,Tier_B,3071
4591,capital-one,Tier_B,1438
4592,capital-one,Tier_B,257
4593,capital-one,Tier_B,253
4594,capital-one,Tier_B,1166
4595,capital-one,Tier_B,84
4596,capital-one,Tier_B,200
4597,capital-one,Tier_B,9
4598,capital-one,Tier_B,415
4599,capital-one,Tier_B,2169
4600,capital-one,Tier_B,1861
4601,capital-one,Tier_B,3045
4602,capital-one,Tier_B,3042
4603,capital-one,Tier_B,20
4604,capital-one,Tier_B,2768
4605,capital-one,Tier_B,122
4606,capital-one,Tier_B,2672
4607,capital-one,Tier_B,3034
4608,capital-one,Tier_B,56
4609,capital-one,Tier_B,2817
4610,capital-one,Tier_B,146
4611,capital-one,Tier_B,539
4612,capital-one,Tier_B,992
4613,capital-one,Tier_B,3
4614,capital-one,Tier_B,733
4615,capital-one,Tier_B,11
4616,capital-one,Tier_B,2021
4617,capital-one,Tier_B,1743
4618,capital-one,Tier_B,1052
4619,capital-one,Tier_B,2544
4620,capital-one,Tier_B,896
4621,capital-one,Tier_B,1814
4622,capital-one,Tier_B,2502
4623,capital-one,Tier_B,332
4624,capital-one,Tier_B,127
4625,capital-one,Tier_B,3019
4626,capital-one,Tier_B,560
4627,capital-one,Tier_B,17
4628,capital-one,Tier_B,2141
4629,capital-one,Tier_B,647
4630,capital-one,Tier_B,2023
4631,capital-one,Tier_B,3072
4632,capital-one,Tier_B,1
4633,capital-one,Tier_B,128
4634,capital-one,Tier_B,412
4635,careem,Tier_C,362
4636,careem,Tier_C,1094
4637,careem,Tier_C,485
4638,careem,Tier_C,1
4639,careem,Tier_C,122
4640,careem,Tier_C,11
4641,cars24,Tier_C,781
4642,cars24,Tier_C,198
4643,cars24,Tier_C,56
4644,carwale,Tier_C,3412
4645,carwale,Tier_C,20
4646,carwale,Tier_C,121
4647,cashfree,Tier_C,2560
4648,cashfree,Tier_C,1695
4649,cashfree,Tier_C,665
4650,cashfree,Tier_C,658
4651,cashfree,Tier_C,2858
4652,caterpillar,Tier_C,14
4653,cerner,Tier_C,20
4654,cerner,Tier_C,215
4655,chalo,Tier_C,1011
4656,chargebee,Tier_C,3429
4657,checkpoint,Tier_C,941
4658,chewy,Tier_C,347
4659,chewy,Tier_C,348
4660,chewy,Tier_C,146
4661,chewy,Tier_C,20
4662,chewy,Tier_C,56
4663,chewy,Tier_C,283
4664,chime,Tier_C,2101
4665,chime,Tier_C,17
4666,chime,Tier_C,1472
4667,chubb,Tier_C,134
4668,chubb,Tier_C,3355
4669,chubb,Tier_C,2444
4670,chubb,Tier_C,2104
4671,ciena,Tier_C,1454
4672,ciena,Tier_C,2107
4673,circle,Tier_C,2043
4674,circle,Tier_C,588
4675,cisco,Tier_B,1
4676,cisco,Tier_B,2
4677,cisco,Tier_B,3
4678,cisco,Tier_B,5
4679,cisco,Tier_B,15
4680,cisco,Tier_B,20
4681,cisco,Tier_B,23
4682,cisco,Tier_B,48
4683,cisco,Tier_B,53
4684,cisco,Tier_B,54
4685,cisco,Tier_B,56
4686,cisco,Tier_B,88
4687,cisco,Tier_B,2016
4688,cisco,Tier_B,121
4689,cisco,Tier_B,2047
4690,cisco,Tier_B,141
4691,cisco,Tier_B,146
4692,cisco,Tier_B,149
4693,cisco,Tier_B,2081
4694,cisco,Tier_B,2067
4695,cisco,Tier_B,198
4696,cisco,Tier_B,200
4697,cisco,Tier_B,202
4698,cisco,Tier_B,206
4699,cisco,Tier_B,212
4700,cisco,Tier_B,3047
4701,cisco,Tier_B,283
4702,cisco,Tier_B,380
4703,cisco,Tier_B,394
4704,cisco,Tier_B,412
4705,cisco,Tier_B,1380
4706,cisco,Tier_B,2448
4707,cisco,Tier_B,647
4708,cisco,Tier_B,1784
4709,cisco,Tier_B,909
4710,cisco,Tier_B,1606
4711,cisco,Tier_B,2719
4712,cisco,Tier_B,2986
4713,cisco,Tier_B,136
4714,cisco,Tier_B,49
4715,cisco,Tier_B,55
4716,cisco,Tier_B,151
4717,cisco,Tier_B,128
4718,cisco,Tier_B,125
4719,cisco,Tier_B,26
4720,cisco,Tier_B,17
4721,cisco,Tier_B,72
4722,cisco,Tier_B,253
4723,cisco,Tier_B,567
4724,cisco,Tier_B,230
4725,cisco,Tier_B,560
4726,cisco,Tier_B,3508
4727,cisco,Tier_B,46
4728,cisco,Tier_B,605
4729,cisco,Tier_B,197
4730,cisco,Tier_B,239
4731,cisco,Tier_B,653
4732,cisco,Tier_B,2603
4733,cisco,Tier_B,1443
4734,cisco,Tier_B,3607
4735,cisco,Tier_B,25
4736,cisco,Tier_B,81
4737,cisco,Tier_B,33
4738,cisco,Tier_B,75
4739,cisco,Tier_B,50
4740,cisco,Tier_B,1290
4741,cisco,Tier_B,498
4742,cisco,Tier_B,287
4743,cisco,Tier_B,273
4744,cisco,Tier_B,486
4745,cisco,Tier_B,642
4746,cisco,Tier_B,236
4747,cisco,Tier_B,79
4748,cisco,Tier_B,3648
4749,cisco,Tier_B,76
4750,cisco,Tier_B,1143
4751,cisco,Tier_B,84
4752,cisco,Tier_B,1047
4753,cisco,Tier_B,809
4754,citadel,Tier_B,23
4755,citadel,Tier_B,37
4756,citadel,Tier_B,39
4757,citadel,Tier_B,46
4758,citadel,Tier_B,1048
4759,citadel,Tier_B,121
4760,citadel,Tier_B,123
4761,citadel,Tier_B,124
4762,citadel,Tier_B,146
4763,citadel,Tier_B,150
4764,citadel,Tier_B,200
4765,citadel,Tier_B,207
4766,citadel,Tier_B,221
4767,citadel,Tier_B,239
4768,citadel,Tier_B,279
4769,citadel,Tier_B,287
4770,citadel,Tier_B,295
4771,citadel,Tier_B,297
4772,citadel,Tier_B,3186
4773,citadel,Tier_B,1268
4774,citadel,Tier_B,380
4775,citadel,Tier_B,399
4776,citadel,Tier_B,2361
4777,citadel,Tier_B,460
4778,citadel,Tier_B,1515
4779,citadel,Tier_B,2661
4780,citadel,Tier_B,642
4781,citadel,Tier_B,647
4782,citadel,Tier_B,2702
4783,citadel,Tier_B,718
4784,citadel,Tier_B,49
4785,citadel,Tier_B,2958
4786,citadel,Tier_B,622
4787,citadel,Tier_B,79
4788,citadel,Tier_B,412
4789,citadel,Tier_B,765
4790,citadel,Tier_B,208
4791,citadel,Tier_B,631
4792,citadel,Tier_B,2050
4793,citadel,Tier_B,210
4794,citadel,Tier_B,1670
4795,citadel,Tier_B,767
4796,citadel,Tier_B,1203
4797,citadel,Tier_B,346
4798,citadel,Tier_B,69
4799,citadel,Tier_B,2044
4800,citadel,Tier_B,126
4801,citadel,Tier_B,17
4802,citadel,Tier_B,70
4803,citadel,Tier_B,256
4804,citadel,Tier_B,1632
4805,citadel,Tier_B,300
4806,citadel,Tier_B,56
4807,citadel,Tier_B,103
4808,citadel,Tier_B,50
4809,citadel,Tier_B,2484
4810,citadel,Tier_B,759
4811,citadel,Tier_B,875
4812,citadel,Tier_B,149
4813,citadel,Tier_B,1229
4814,citadel,Tier_B,1606
4815,citadel,Tier_B,1801
4816,citadel,Tier_B,332
4817,citadel,Tier_B,5
4818,citadel,Tier_B,1010
4819,citadel,Tier_B,1004
4820,citadel,Tier_B,204
4821,citadel,Tier_B,253
4822,citadel,Tier_B,34
4823,citadel,Tier_B,2598
4824,citadel,Tier_B,31
4825,citadel,Tier_B,98
4826,citadel,Tier_B,343
4827,citadel,Tier_B,151
4828,citadel,Tier_B,1155
4829,citadel,Tier_B,127
4830,citadel,Tier_B,465
4831,citadel,Tier_B,348
4832,citadel,Tier_B,188
4833,citadel,Tier_B,155
4834,citadel,Tier_B,53
4835,citadel,Tier_B,1
4836,citadel,Tier_B,782
4837,citadel,Tier_B,981
4838,citadel,Tier_B,1244
4839,citadel,Tier_B,3484
4840,citadel,Tier_B,588
4841,citadel,Tier_B,714
4842,citadel,Tier_B,688
4843,citi,Tier_C,121
4844,citi,Tier_C,1
4845,citi,Tier_C,150
4846,citi,Tier_C,48
4847,citi,Tier_C,209
4848,citi,Tier_C,1944
4849,citrix,Tier_C,1992
4850,citrix,Tier_C,2840
4851,citrix,Tier_C,2839
4852,citrix,Tier_C,1383
4853,citrix,Tier_C,146
4854,clari,Tier_C,2196
4855,clari,Tier_C,96
4856,clari,Tier_C,1875
4857,cleartrip,Tier_C,1368
4858,clevertap,Tier_C,1283
4859,clevertap,Tier_C,442
4860,clevertap,Tier_C,179
4861,clevertap,Tier_C,990
4862,clevertap,Tier_C,56
4863,clevertap,Tier_C,125
4864,clevertap,Tier_C,127
4865,cloudera,Tier_C,1009
4866,cloudera,Tier_C,476
4867,cloudera,Tier_C,1061
4868,cloudflare,Tier_C,15
4869,cloudflare,Tier_C,18
4870,cloudflare,Tier_C,1381
4871,cloudflare,Tier_C,622
4872,cloudflare,Tier_C,362
4873,cloudflare,Tier_C,200
4874,cloudflare,Tier_C,780
4875,cloudflare,Tier_C,146
4876,cloudflare,Tier_C,359
4877,cloudflare,Tier_C,23
4878,cloudflare,Tier_C,207
4879,clutter,Tier_C,1181
4880,cme-group,Tier_C,14
4881,cme-group,Tier_C,23
4882,cme-group,Tier_C,134
4883,cockroach-labs,Tier_C,981
4884,cockroach-labs,Tier_C,10
4885,code-studio,Tier_C,1991
4886,coditas,Tier_C,1
4887,cognizant,Tier_B,1
4888,cognizant,Tier_B,7
4889,cognizant,Tier_B,9
4890,cognizant,Tier_B,2165
4891,cognizant,Tier_B,509
4892,cognizant,Tier_B,242
4893,cognizant,Tier_B,1068
4894,cognizant,Tier_B,53
4895,cognizant,Tier_B,3392
4896,cognizant,Tier_B,26
4897,cognizant,Tier_B,5
4898,cognizant,Tier_B,1280
4899,cognizant,Tier_B,412
4900,cognizant,Tier_B,88
4901,cognizant,Tier_B,3
4902,cognizant,Tier_B,176
4903,cognizant,Tier_B,4
4904,cognizant,Tier_B,2
4905,cognizant,Tier_B,35
4906,cognizant,Tier_B,189
4907,cognizant,Tier_B,125
4908,cognizant,Tier_B,1295
4909,cognizant,Tier_B,197
4910,cognizant,Tier_B,704
4911,cognizant,Tier_B,41
4912,cognizant,Tier_B,283
4913,cognizant,Tier_B,13
4914,cognizant,Tier_B,1378
4915,cognizant,Tier_B,1148
4916,cognizant,Tier_B,3667
4917,cognizant,Tier_B,55
4918,cognizant,Tier_B,181
4919,cognizant,Tier_B,560
4920,cognizant,Tier_B,20
4921,cognizant,Tier_B,1732
4922,cognizant,Tier_B,443
4923,cognizant,Tier_B,49
4924,cognizant,Tier_B,121
4925,cognizant,Tier_B,136
4926,cognizant,Tier_B,175
4927,cognizant,Tier_B,70
4928,cognizant,Tier_B,1200
4929,cognizant,Tier_B,485
4930,cognizant,Tier_B,141
4931,cognizant,Tier_B,31
4932,cognizant,Tier_B,169
4933,cohesity,Tier_C,295
4934,cohesity,Tier_C,2251
4935,cohesity,Tier_C,33
4936,cohesity,Tier_C,23
4937,coinbase,Tier_C,281
4938,coinbase,Tier_C,68
4939,coinbase,Tier_C,588
4940,coinbase,Tier_C,1166
4941,coinbase,Tier_C,2325
4942,coinbase,Tier_C,2043
4943,coinbase,Tier_C,981
4944,coinbase,Tier_C,3043
4945,coinbase,Tier_C,528
4946,coinbase,Tier_C,121
4947,coinbase,Tier_C,622
4948,coinbase,Tier_C,210
4949,coindcx,Tier_C,626
4950,coindcx,Tier_C,1155
4951,coindcx,Tier_C,20
4952,coindcx,Tier_C,2008
4953,coinswitch-kuber,Tier_C,283
4954,comcast,Tier_C,1
4955,comcast,Tier_C,3
4956,comcast,Tier_C,200
4957,comcast,Tier_C,121
4958,comcast,Tier_C,125
4959,comcast,Tier_C,20
4960,commvault,Tier_C,2062
4961,commvault,Tier_C,91
4962,commvault,Tier_C,5
4963,commvault,Tier_C,162
4964,commvault,Tier_C,994
4965,compass,Tier_C,1023
4966,compass,Tier_C,49
4967,compass,Tier_C,572
4968,compass,Tier_C,2739
4969,compass,Tier_C,981
4970,compass,Tier_C,394
4971,compass,Tier_C,332
4972,compass,Tier_C,253
4973,confluent,Tier_C,146
4974,confluent,Tier_C,36
4975,confluent,Tier_C,37
4976,confluent,Tier_C,2627
4977,confluent,Tier_C,2604
4978,confluent,Tier_C,981
4979,confluent,Tier_C,1797
4980,confluent,Tier_C,39
4981,confluent,Tier_C,2622
4982,couchbase,Tier_C,706
4983,couchbase,Tier_C,2700
4984,couchbase,Tier_C,1209
4985,couchbase,Tier_C,905
4986,couchbase,Tier_C,922
4987,couchbase,Tier_C,146
4988,coupa,Tier_C,56
4989,coupang,Tier_B,10
4990,coupang,Tier_B,588
4991,coupang,Tier_B,78
4992,coupang,Tier_B,139
4993,coupang,Tier_B,146
4994,coupang,Tier_B,200
4995,coupang,Tier_B,715
4996,coupang,Tier_B,207
4997,coupang,Tier_B,724
4998,coupang,Tier_B,776
4999,coupang,Tier_B,340
5000,coupang,Tier_B,355
5001,coupang,Tier_B,394
5002,coupang,Tier_B,460
5003,coupang,Tier_B,1044
5004,coupang,Tier_B,334
5005,coupang,Tier_B,239
5006,coupang,Tier_B,1062
5007,coupang,Tier_B,540
5008,coupang,Tier_B,49
5009,coupang,Tier_B,752
5010,coupang,Tier_B,694
5011,coupang,Tier_B,3
5012,coupang,Tier_B,295
5013,coupang,Tier_B,362
5014,coupang,Tier_B,638
5015,coupang,Tier_B,2788
5016,coupang,Tier_B,115
5017,coupang,Tier_B,44
5018,coupang,Tier_B,658
5019,coupang,Tier_B,215
5020,coupang,Tier_B,402
5021,coupang,Tier_B,1146
5022,coupang,Tier_B,934
5023,coupang,Tier_B,1762
5024,coupang,Tier_B,224
5025,coupang,Tier_B,2441
5026,coupang,Tier_B,380
5027,coupang,Tier_B,53
5028,coupang,Tier_B,772
5029,coupang,Tier_B,23
5030,coupang,Tier_B,84
5031,coupang,Tier_B,269
5032,coupang,Tier_B,131
5033,coupang,Tier_B,621
5034,coupang,Tier_B,3026
5035,coupang,Tier_B,528
5036,coupang,Tier_B,56
5037,coupang,Tier_B,15
5038,coursera,Tier_C,780
5039,coursera,Tier_C,68
5040,coursera,Tier_C,920
5041,coursera,Tier_C,1112
5042,coursera,Tier_C,453
5043,coursera,Tier_C,1366
5044,coursera,Tier_C,1137
5045,coursera,Tier_C,945
5046,coursera,Tier_C,761
5047,coveo,Tier_C,11
5048,cred,Tier_C,3005
5049,cred,Tier_C,424
5050,criteo,Tier_C,349
5051,criteo,Tier_C,733
5052,criteo,Tier_C,383
5053,criteo,Tier_C,1
5054,criteo,Tier_C,33
5055,criteo,Tier_C,528
5056,criteo,Tier_C,53
5057,criteo,Tier_C,350
5058,criteo,Tier_C,20
5059,criteo,Tier_C,645
5060,crowdstrike,Tier_C,443
5061,crowdstrike,Tier_C,200
5062,crowdstrike,Tier_C,283
5063,crowdstrike,Tier_C,981
5064,crowdstrike,Tier_C,56
5065,crowdstrike,Tier_C,271
5066,crowdstrike,Tier_C,42
5067,crowdstrike,Tier_C,977
5068,crowdstrike,Tier_C,207
5069,crowdstrike,Tier_C,20
5070,crowdstrike,Tier_C,133
5071,cruise-automation,Tier_C,1258
5072,cruise-automation,Tier_C,207
5073,ctc,Tier_C,122
5074,curefit,Tier_C,1674
5075,cvent,Tier_C,138
5076,cvent,Tier_C,179
5077,cyntexa,Tier_C,68
5078,cyntexa,Tier_C,56
5079,cyntexa,Tier_C,394
5080,cyware,Tier_C,1547
5081,dailyhunt,Tier_C,2379
5082,darwinbox,Tier_C,54
5083,darwinbox,Tier_C,87
5084,darwinbox,Tier_C,229
5085,darwinbox,Tier_C,2518
5086,darwinbox,Tier_C,56
5087,darwinbox,Tier_C,969
5088,dassault-sysetmes,Tier_C,2988
5089,dataart,Tier_C,20
5090,databricks,Tier_B,2096
5091,databricks,Tier_B,2131
5092,databricks,Tier_B,198
5093,databricks,Tier_B,213
5094,databricks,Tier_B,1146
5095,databricks,Tier_B,742
5096,databricks,Tier_B,751
5097,databricks,Tier_B,2251
5098,databricks,Tier_B,348
5099,databricks,Tier_B,362
5100,databricks,Tier_B,981
5101,databricks,Tier_B,68
5102,databricks,Tier_B,2468
5103,databricks,Tier_B,3043
5104,databricks,Tier_B,1865
5105,databricks,Tier_B,54
5106,databricks,Tier_B,845
5107,databricks,Tier_B,933
5108,databricks,Tier_B,8
5109,databricks,Tier_B,438
5110,databricks,Tier_B,1293
5111,databricks,Tier_B,980
5112,databricks,Tier_B,56
5113,databricks,Tier_B,1091
5114,databricks,Tier_B,567
5115,databricks,Tier_B,1928
5116,databricks,Tier_B,900
5117,databricks,Tier_B,2276
5118,databricks,Tier_B,1197
5119,databricks,Tier_B,994
5120,databricks,Tier_B,1
5121,datadog,Tier_C,559
5122,datadog,Tier_C,408
5123,datadog,Tier_C,568
5124,datadog,Tier_C,322
5125,datadog,Tier_C,622
5126,datadog,Tier_C,480
5127,datadog,Tier_C,124
5128,datadog,Tier_C,1232
5129,datadog,Tier_C,819
5130,datadog,Tier_C,1452
5131,datadog,Tier_C,211
5132,datadog,Tier_C,1229
5133,datadog,Tier_C,213
5134,datadog,Tier_C,198
5135,datadog,Tier_C,112
5136,dataminr,Tier_C,885
5137,dataminr,Tier_C,1840
5138,de-shaw,Tier_A,4
5139,de-shaw,Tier_A,17
5140,de-shaw,Tier_A,42
5141,de-shaw,Tier_A,53
5142,de-shaw,Tier_A,62
5143,de-shaw,Tier_A,2920
5144,de-shaw,Tier_A,121
5145,de-shaw,Tier_A,128
5146,de-shaw,Tier_A,152
5147,de-shaw,Tier_A,1122
5148,de-shaw,Tier_A,198
5149,de-shaw,Tier_A,227
5150,de-shaw,Tier_A,239
5151,de-shaw,Tier_A,3077
5152,de-shaw,Tier_A,2171
5153,de-shaw,Tier_A,3082
5154,de-shaw,Tier_A,3108
5155,de-shaw,Tier_A,3085
5156,de-shaw,Tier_A,1262
5157,de-shaw,Tier_A,2343
5158,de-shaw,Tier_A,380
5159,de-shaw,Tier_A,2352
5160,de-shaw,Tier_A,3209
5161,de-shaw,Tier_A,1326
5162,de-shaw,Tier_A,1358
5163,de-shaw,Tier_A,440
5164,de-shaw,Tier_A,2875
5165,de-shaw,Tier_A,2430
5166,de-shaw,Tier_A,2387
5167,de-shaw,Tier_A,1383
5168,de-shaw,Tier_A,2542
5169,de-shaw,Tier_A,2551
5170,de-shaw,Tier_A,2660
5171,de-shaw,Tier_A,2558
5172,de-shaw,Tier_A,2644
5173,de-shaw,Tier_A,2742
5174,de-shaw,Tier_A,1679
5175,de-shaw,Tier_A,1701
5176,de-shaw,Tier_A,778
5177,de-shaw,Tier_A,2800
5178,de-shaw,Tier_A,852
5179,de-shaw,Tier_A,968
5180,de-shaw,Tier_A,1927
5181,de-shaw,Tier_A,752
5182,de-shaw,Tier_A,122
5183,de-shaw,Tier_A,20
5184,de-shaw,Tier_A,3016
5185,de-shaw,Tier_A,787
5186,de-shaw,Tier_A,2972
5187,de-shaw,Tier_A,875
5188,de-shaw,Tier_A,169
5189,de-shaw,Tier_A,871
5190,de-shaw,Tier_A,1569
5191,de-shaw,Tier_A,2984
5192,de-shaw,Tier_A,2617
5193,de-shaw,Tier_A,2680
5194,de-shaw,Tier_A,209
5195,de-shaw,Tier_A,18
5196,de-shaw,Tier_A,1423
5197,de-shaw,Tier_A,1283
5198,de-shaw,Tier_A,943
5199,de-shaw,Tier_A,3323
5200,de-shaw,Tier_A,3332
5201,de-shaw,Tier_A,475
5202,de-shaw,Tier_A,1574
5203,de-shaw,Tier_A,668
5204,de-shaw,Tier_A,34
5205,de-shaw,Tier_A,3383
5206,de-shaw,Tier_A,410
5207,de-shaw,Tier_A,1579
5208,de-shaw,Tier_A,829
5209,de-shaw,Tier_A,518
5210,de-shaw,Tier_A,779
5211,de-shaw,Tier_A,470
5212,de-shaw,Tier_A,341
5213,de-shaw,Tier_A,3469
5214,de-shaw,Tier_A,168
5215,de-shaw,Tier_A,1048
5216,de-shaw,Tier_A,3281
5217,de-shaw,Tier_A,2104
5218,de-shaw,Tier_A,2434
5219,de-shaw,Tier_A,735
5220,de-shaw,Tier_A,1244
5221,de-shaw,Tier_A,91
5222,de-shaw,Tier_A,68
5223,de-shaw,Tier_A,1434
5224,de-shaw,Tier_A,2221
5225,de-shaw,Tier_A,200
5226,de-shaw,Tier_A,212
5227,de-shaw,Tier_A,32
5228,de-shaw,Tier_A,146
5229,de-shaw,Tier_A,3628
5230,de-shaw,Tier_A,1292
5231,de-shaw,Tier_A,994
5232,de-shaw,Tier_A,44
5233,de-shaw,Tier_A,1000
5234,de-shaw,Tier_A,3
5235,de-shaw,Tier_A,767
5236,de-shaw,Tier_A,1368
5237,de-shaw,Tier_A,2222
5238,de-shaw,Tier_A,962
5239,de-shaw,Tier_A,851
5240,de-shaw,Tier_A,696
5241,de-shaw,Tier_A,1
5242,de-shaw,Tier_A,88
5243,de-shaw,Tier_A,316
5244,de-shaw,Tier_A,31
5245,de-shaw,Tier_A,213
5246,de-shaw,Tier_A,1642
5247,de-shaw,Tier_A,11
5248,deepmind,Tier_C,1146
5249,delhivery,Tier_C,180
5250,delhivery,Tier_C,273
5251,delhivery,Tier_C,1
5252,delhivery,Tier_C,152
5253,deliveroo,Tier_C,2942
5254,deliveroo,Tier_C,987
5255,deliveroo,Tier_C,1248
5256,deliveroo,Tier_C,301
5257,deliveroo,Tier_C,1797
5258,deliveroo,Tier_C,359
5259,dell,Tier_C,196
5260,dell,Tier_C,3
5261,dell,Tier_C,49
5262,dell,Tier_C,185
5263,dell,Tier_C,1
5264,dell,Tier_C,696
5265,dell,Tier_C,1413
5266,dell,Tier_C,1328
5267,dell,Tier_C,20
5268,dell,Tier_C,53
5269,deloitte,Tier_B,1
5270,deloitte,Tier_B,9
5271,deloitte,Tier_B,20
5272,deloitte,Tier_B,121
5273,deloitte,Tier_B,2388
5274,deloitte,Tier_B,570
5275,deloitte,Tier_B,5
5276,deloitte,Tier_B,14
5277,deloitte,Tier_B,23
5278,deloitte,Tier_B,176
5279,deloitte,Tier_B,72
5280,deloitte,Tier_B,2594
5281,deloitte,Tier_B,322
5282,deloitte,Tier_B,197
5283,deloitte,Tier_B,11
5284,deloitte,Tier_B,485
5285,deloitte,Tier_B,215
5286,deloitte,Tier_B,56
5287,deloitte,Tier_B,3
5288,deloitte,Tier_B,53
5289,deloitte,Tier_B,183
5290,deloitte,Tier_B,13
5291,deloitte,Tier_B,387
5292,deloitte,Tier_B,177
5293,deloitte,Tier_B,493
5294,deloitte,Tier_B,49
5295,deloitte,Tier_B,128
5296,deloitte,Tier_B,3703
5297,deloitte,Tier_B,15
5298,deloitte,Tier_B,410
5299,deloitte,Tier_B,26
5300,deloitte,Tier_B,67
5301,deloitte,Tier_B,581
5302,deloitte,Tier_B,189
5303,deloitte,Tier_B,242
5304,deloitte,Tier_B,402
5305,deloitte,Tier_B,1047
5306,deloitte,Tier_B,560
5307,deloitte,Tier_B,70
5308,deloitte,Tier_B,125
5309,deloitte,Tier_B,31
5310,deltax,Tier_C,13
5311,deltax,Tier_C,241
5312,deltax,Tier_C,815
5313,deutsche-bank,Tier_C,1
5314,deutsche-bank,Tier_C,14
5315,deutsche-bank,Tier_C,2838
5316,deutsche-bank,Tier_C,2039
5317,deutsche-bank,Tier_C,2030
5318,deutsche-bank,Tier_C,121
5319,deutsche-bank,Tier_C,122
5320,deutsche-bank,Tier_C,2968
5321,deutsche-bank,Tier_C,2141
5322,deutsche-bank,Tier_C,2137
5323,deutsche-bank,Tier_C,3068
5324,deutsche-bank,Tier_C,1827
5325,deutsche-bank,Tier_C,2869
5326,deutsche-bank,Tier_C,2735
5327,deutsche-bank,Tier_C,977
5328,deutsche-bank,Tier_C,241
5329,deutsche-bank,Tier_C,52
5330,deutsche-bank,Tier_C,118
5331,deutsche-bank,Tier_C,805
5332,deutsche-bank,Tier_C,2552
5333,deutsche-bank,Tier_C,322
5334,devrev,Tier_C,1497
5335,devrev,Tier_C,84
5336,devrev,Tier_C,1
5337,devrev,Tier_C,460
5338,dialpad,Tier_C,2484
5339,dialpad,Tier_C,242
5340,dialpad,Tier_C,3
5341,directi,Tier_C,2473
5342,directi,Tier_C,2479
5343,directi,Tier_C,2538
5344,directi,Tier_C,1524
5345,directi,Tier_C,1535
5346,directi,Tier_C,1542
5347,directi,Tier_C,1584
5348,directi,Tier_C,1727
5349,discord,Tier_C,2301
5350,discovery,Tier_C,56
5351,disney,Tier_C,56
5352,disney,Tier_C,383
5353,disney,Tier_C,70
5354,disney,Tier_C,146
5355,disney,Tier_C,22
5356,disney,Tier_C,1209
5357,disney,Tier_C,14
5358,disney,Tier_C,49
5359,disney,Tier_C,347
5360,dji,Tier_C,1550
5361,docusign,Tier_B,3
5362,docusign,Tier_B,56
5363,docusign,Tier_B,138
5364,docusign,Tier_B,208
5365,docusign,Tier_B,347
5366,docusign,Tier_B,1797
5367,docusign,Tier_B,171
5368,docusign,Tier_B,146
5369,docusign,Tier_B,295
5370,docusign,Tier_B,285
5371,docusign,Tier_B,934
5372,docusign,Tier_B,380
5373,docusign,Tier_B,1448
5374,docusign,Tier_B,211
5375,docusign,Tier_B,726
5376,docusign,Tier_B,213
5377,docusign,Tier_B,12
5378,docusign,Tier_B,1268
5379,docusign,Tier_B,253
5380,docusign,Tier_B,200
5381,docusign,Tier_B,23
5382,docusign,Tier_B,3588
5383,docusign,Tier_B,337
5384,docusign,Tier_B,1368
5385,docusign,Tier_B,424
5386,docusign,Tier_B,127
5387,docusign,Tier_B,359
5388,docusign,Tier_B,21
5389,docusign,Tier_B,621
5390,docusign,Tier_B,49
5391,docusign,Tier_B,2326
5392,docusign,Tier_B,2115
5393,docusign,Tier_B,102
5394,docusign,Tier_B,42
5395,docusign,Tier_B,3883
5396,docusign,Tier_B,1235
5397,docusign,Tier_B,162
5398,docusign,Tier_B,721
5399,doordash,Tier_B,1
5400,doordash,Tier_B,986
5401,doordash,Tier_B,987
5402,doordash,Tier_B,31
5403,doordash,Tier_B,37
5404,doordash,Tier_B,45
5405,doordash,Tier_B,55
5406,doordash,Tier_B,84
5407,doordash,Tier_B,1166
5408,doordash,Tier_B,124
5409,doordash,Tier_B,2049
5410,doordash,Tier_B,2065
5411,doordash,Tier_B,146
5412,doordash,Tier_B,164
5413,doordash,Tier_B,200
5414,doordash,Tier_B,208
5415,doordash,Tier_B,210
5416,doordash,Tier_B,211
5417,doordash,Tier_B,212
5418,doordash,Tier_B,224
5419,doordash,Tier_B,1143
5420,doordash,Tier_B,227
5421,doordash,Tier_B,239
5422,doordash,Tier_B,1173
5423,doordash,Tier_B,1174
5424,doordash,Tier_B,1944
5425,doordash,Tier_B,286
5426,doordash,Tier_B,296
5427,doordash,Tier_B,297
5428,doordash,Tier_B,317
5429,doordash,Tier_B,1235
5430,doordash,Tier_B,329
5431,doordash,Tier_B,1268
5432,doordash,Tier_B,1359
5433,doordash,Tier_B,1347
5434,doordash,Tier_B,1730
5435,doordash,Tier_B,556
5436,doordash,Tier_B,588
5437,doordash,Tier_B,2565
5438,doordash,Tier_B,658
5439,doordash,Tier_B,2611
5440,doordash,Tier_B,735
5441,doordash,Tier_B,772
5442,doordash,Tier_B,778
5443,doordash,Tier_B,826
5444,doordash,Tier_B,827
5445,doordash,Tier_B,1779
5446,doordash,Tier_B,859
5447,doordash,Tier_B,1790
5448,doordash,Tier_B,875
5449,doordash,Tier_B,1834
5450,doordash,Tier_B,1905
5451,doordash,Tier_B,695
5452,doordash,Tier_B,1472
5453,doordash,Tier_B,460
5454,doordash,Tier_B,542
5455,doordash,Tier_B,1152
5456,doordash,Tier_B,49
5457,doordash,Tier_B,314
5458,doordash,Tier_B,1664
5459,doordash,Tier_B,1087
5460,doordash,Tier_B,924
5461,doordash,Tier_B,209
5462,doordash,Tier_B,480
5463,doordash,Tier_B,18
5464,doordash,Tier_B,304
5465,doordash,Tier_B,380
5466,doordash,Tier_B,23
5467,doordash,Tier_B,839
5468,doordash,Tier_B,5
5469,doordash,Tier_B,207
5470,doordash,Tier_B,854
5471,doordash,Tier_B,13
5472,doordash,Tier_B,3123
5473,doordash,Tier_B,12
5474,doordash,Tier_B,56
5475,doordash,Tier_B,994
5476,doordash,Tier_B,456
5477,doordash,Tier_B,2
5478,doordash,Tier_B,543
5479,dp-world,Tier_C,2747
5480,dp-world,Tier_C,33
5481,dp-world,Tier_C,1011
5482,dp-world,Tier_C,968
5483,dp-world,Tier_C,757
5484,dp-world,Tier_C,49
5485,dp-world,Tier_C,287
5486,dp-world,Tier_C,221
5487,dp-world,Tier_C,3
5488,dp-world,Tier_C,5
5489,dp-world,Tier_C,781
5490,dp-world,Tier_C,399
5491,dp-world,Tier_C,76
5492,drawbridge,Tier_C,757
5493,dream11,Tier_C,1475
5494,dream11,Tier_C,931
5495,dream11,Tier_C,1642
5496,dream11,Tier_C,134
5497,dream11,Tier_C,15
5498,dream11,Tier_C,2222
5499,dream11,Tier_C,1526
5500,dream11,Tier_C,416
5501,dream11,Tier_C,735
5502,dream11,Tier_C,3
5503,dream11,Tier_C,994
5504,dream11,Tier_C,16
5505,dream11,Tier_C,11
5506,dropbox,Tier_C,1
5507,dropbox,Tier_C,4
5508,dropbox,Tier_C,17
5509,dropbox,Tier_C,1001
5510,dropbox,Tier_C,609
5511,dropbox,Tier_C,2043
5512,dropbox,Tier_C,140
5513,dropbox,Tier_C,1236
5514,dropbox,Tier_C,1178
5515,dropbox,Tier_C,290
5516,dropbox,Tier_C,289
5517,dropbox,Tier_C,291
5518,dropbox,Tier_C,2296
5519,dropbox,Tier_C,1242
5520,dropbox,Tier_C,1250
5521,dropbox,Tier_C,362
5522,dropbox,Tier_C,1845
5523,dropbox,Tier_C,924
5524,dropbox,Tier_C,928
5525,dropbox,Tier_C,56
5526,dropbox,Tier_C,843
5527,dropbox,Tier_C,135
5528,druva,Tier_C,1005
5529,drw,Tier_C,2098
5530,drw,Tier_C,1426
5531,drw,Tier_C,3496
5532,dtcc,Tier_C,3012
5533,dunzo,Tier_C,1690
5534,dunzo,Tier_C,1420
5535,dunzo,Tier_C,1698
5536,dunzo,Tier_C,1639
5537,dunzo,Tier_C,1397
5538,dunzo,Tier_C,1664
5539,duolingo,Tier_C,2227
5540,duolingo,Tier_C,2090
5541,duolingo,Tier_C,1733
5542,duolingo,Tier_C,2365
5543,duolingo,Tier_C,329
5544,earnin,Tier_C,5
5545,earnin,Tier_C,2
5546,earnin,Tier_C,1
5547,earnin,Tier_C,36
5548,earnin,Tier_C,56
5549,ebay,Tier_B,1
5550,ebay,Tier_B,3
5551,ebay,Tier_B,5
5552,ebay,Tier_B,20
5553,ebay,Tier_B,23
5554,ebay,Tier_B,49
5555,ebay,Tier_B,122
5556,ebay,Tier_B,127
5557,ebay,Tier_B,146
5558,ebay,Tier_B,200
5559,ebay,Tier_B,215
5560,ebay,Tier_B,332
5561,ebay,Tier_B,416
5562,ebay,Tier_B,572
5563,ebay,Tier_B,2544
5564,ebay,Tier_B,727
5565,ebay,Tier_B,767
5566,ebay,Tier_B,868
5567,ebay,Tier_B,1206
5568,ebay,Tier_B,1381
5569,ebay,Tier_B,1438
5570,ebay,Tier_B,1877
5571,ebay,Tier_B,1909
5572,ebay,Tier_B,472
5573,ebay,Tier_B,680
5574,ebay,Tier_B,752
5575,ebay,Tier_B,207
5576,ebay,Tier_B,54
5577,ebay,Tier_B,968
5578,ebay,Tier_B,22
5579,ebay,Tier_B,473
5580,ebay,Tier_B,994
5581,ebay,Tier_B,1926
5582,ebay,Tier_B,981
5583,ebay,Tier_B,50
5584,ebay,Tier_B,73
5585,ebay,Tier_B,162
5586,ebay,Tier_B,75
5587,ebay,Tier_B,581
5588,ebay,Tier_B,905
5589,ebay,Tier_B,97
5590,ebay,Tier_B,56
5591,ebay,Tier_B,459
5592,ebay,Tier_B,286
5593,ebay,Tier_B,692
5594,ebay,Tier_B,347
5595,ebay,Tier_B,221
5596,ebay,Tier_B,234
5597,ebay,Tier_B,133
5598,ebay,Tier_B,45
5599,ebay,Tier_B,1743
5600,ebay,Tier_B,37
5601,ebay,Tier_B,79
5602,ebay,Tier_B,15
5603,ebay,Tier_B,238
5604,ebay,Tier_B,394
5605,ebay,Tier_B,493
5606,ebay,Tier_B,295
5607,edelweiss,Tier_C,3011
5608,electronic-arts,Tier_C,506
5609,elitmus,Tier_C,3014
5610,envoy,Tier_C,1854
5611,envoy,Tier_C,198
5612,epam-systems,Tier_B,1
5613,epam-systems,Tier_B,2
5614,epam-systems,Tier_B,3
5615,epam-systems,Tier_B,5
5616,epam-systems,Tier_B,9
5617,epam-systems,Tier_B,15
5618,epam-systems,Tier_B,20
5619,epam-systems,Tier_B,42
5620,epam-systems,Tier_B,49
5621,epam-systems,Tier_B,88
5622,epam-systems,Tier_B,2033
5623,epam-systems,Tier_B,121
5624,epam-systems,Tier_B,735
5625,epam-systems,Tier_B,242
5626,epam-systems,Tier_B,322
5627,epam-systems,Tier_B,198
5628,epam-systems,Tier_B,416
5629,epam-systems,Tier_B,14
5630,epam-systems,Tier_B,1026
5631,epam-systems,Tier_B,7
5632,epam-systems,Tier_B,128
5633,epam-systems,Tier_B,443
5634,epam-systems,Tier_B,189
5635,epam-systems,Tier_B,344
5636,epam-systems,Tier_B,387
5637,epam-systems,Tier_B,167
5638,epam-systems,Tier_B,50
5639,epam-systems,Tier_B,56
5640,epam-systems,Tier_B,182
5641,epam-systems,Tier_B,22
5642,epam-systems,Tier_B,345
5643,epam-systems,Tier_B,1907
5644,epam-systems,Tier_B,43
5645,epam-systems,Tier_B,26
5646,epam-systems,Tier_B,53
5647,epam-systems,Tier_B,151
5648,epam-systems,Tier_B,62
5649,epam-systems,Tier_B,72
5650,epam-systems,Tier_B,13
5651,epam-systems,Tier_B,2620
5652,epam-systems,Tier_B,206
5653,epam-systems,Tier_B,283
5654,epam-systems,Tier_B,451
5655,epam-systems,Tier_B,347
5656,epam-systems,Tier_B,215
5657,epam-systems,Tier_B,41
5658,epam-systems,Tier_B,4
5659,epam-systems,Tier_B,21
5660,epam-systems,Tier_B,146
5661,epam-systems,Tier_B,54
5662,epic-games,Tier_C,54
5663,epic-systems,Tier_C,17
5664,epic-systems,Tier_C,20
5665,epic-systems,Tier_C,54
5666,epic-systems,Tier_C,306
5667,epic-systems,Tier_C,79
5668,epic-systems,Tier_C,1215
5669,epic-systems,Tier_C,728
5670,epic-systems,Tier_C,1344
5671,epic-systems,Tier_C,299
5672,epic-systems,Tier_C,1
5673,epic-systems,Tier_C,647
5674,epic-systems,Tier_C,46
5675,epic-systems,Tier_C,5
5676,epic-systems,Tier_C,204
5677,epic-systems,Tier_C,329
5678,epifi,Tier_C,2354
5679,equinix,Tier_C,146
5680,ericsson,Tier_C,20
5681,ericsson,Tier_C,14
5682,ericsson,Tier_C,224
5683,etsy,Tier_C,1582
5684,exl,Tier_C,20
5685,exl,Tier_C,9
5686,expedia,Tier_B,3
5687,expedia,Tier_B,20
5688,expedia,Tier_B,1963
5689,expedia,Tier_B,49
5690,expedia,Tier_B,1101
5691,expedia,Tier_B,1151
5692,expedia,Tier_B,121
5693,expedia,Tier_B,198
5694,expedia,Tier_B,200
5695,expedia,Tier_B,1328
5696,expedia,Tier_B,2168
5697,expedia,Tier_B,3136
5698,expedia,Tier_B,1283
5699,expedia,Tier_B,2366
5700,expedia,Tier_B,443
5701,expedia,Tier_B,2491
5702,expedia,Tier_B,1451
5703,expedia,Tier_B,1492
5704,expedia,Tier_B,611
5705,expedia,Tier_B,2533
5706,expedia,Tier_B,1560
5707,expedia,Tier_B,1611
5708,expedia,Tier_B,42
5709,expedia,Tier_B,13
5710,expedia,Tier_B,56
5711,expedia,Tier_B,146
5712,expedia,Tier_B,1944
5713,expedia,Tier_B,316
5714,expedia,Tier_B,28
5715,expedia,Tier_B,3168
5716,expedia,Tier_B,1
5717,expedia,Tier_B,697
5718,expedia,Tier_B,994
5719,expedia,Tier_B,11
5720,expedia,Tier_B,22
5721,expedia,Tier_B,2062
5722,expedia,Tier_B,926
5723,expedia,Tier_B,3035
5724,expedia,Tier_B,255
5725,expedia,Tier_B,230
5726,expedia,Tier_B,724
5727,expedia,Tier_B,127
5728,expedia,Tier_B,767
5729,expedia,Tier_B,1962
5730,expedia,Tier_B,787
5731,expedia,Tier_B,1413
5732,expedia,Tier_B,1423
5733,expedia,Tier_B,17
5734,expedia,Tier_B,38
5735,expedia,Tier_B,239
5736,expedia,Tier_B,532
5737,expedia,Tier_B,1507
5738,expedia,Tier_B,1353
5739,expedia,Tier_B,1465
5740,expedia,Tier_B,695
5741,expedia,Tier_B,227
5742,expedia,Tier_B,460
5743,expedia,Tier_B,98
5744,expedia,Tier_B,895
5745,ey,Tier_C,1
5746,f5-networks,Tier_C,1291
5747,f5-networks,Tier_C,33
5748,factset,Tier_C,1081
5749,factset,Tier_C,1209
5750,factset,Tier_C,316
5751,factset,Tier_C,49
5752,faire,Tier_C,845
5753,faire,Tier_C,79
5754,faire,Tier_C,273
5755,faire,Tier_C,591
5756,faire,Tier_C,2468
5757,fallible,Tier_C,507
5758,fanatics,Tier_C,121
5759,fanatics,Tier_C,127
5760,fast,Tier_C,204
5761,fastenal,Tier_C,726
5762,fico,Tier_C,3042
5763,fidelity,Tier_C,3033
5764,fidelity,Tier_C,125
5765,fidelity,Tier_C,387
5766,fidelity,Tier_C,14
5767,fidelity,Tier_C,242
5768,fidessa,Tier_C,888
5769,figma,Tier_C,56
5770,fiverr,Tier_C,78
5771,fiverr,Tier_C,189
5772,fivetran,Tier_C,3439
5773,fivetran,Tier_C,1481
5774,flatiron-health,Tier_C,1664
5775,fleetx,Tier_C,1744
5776,flexera,Tier_C,3170
5777,flexera,Tier_C,3174
5778,flexport,Tier_C,729
5779,flexport,Tier_C,981
5780,flexport,Tier_C,17
5781,flexport,Tier_C,300
5782,flexport,Tier_C,713
5783,flexport,Tier_C,948
5784,flexport,Tier_C,468
5785,flexport,Tier_C,394
5786,flexport,Tier_C,133
5787,flexport,Tier_C,299
5788,flipkart,Tier_A,1
5789,flipkart,Tier_A,3
5790,flipkart,Tier_A,4
5791,flipkart,Tier_A,11
5792,flipkart,Tier_A,41
5793,flipkart,Tier_A,42
5794,flipkart,Tier_A,72
5795,flipkart,Tier_A,84
5796,flipkart,Tier_A,85
5797,flipkart,Tier_A,2019
5798,flipkart,Tier_A,124
5799,flipkart,Tier_A,162
5800,flipkart,Tier_A,174
5801,flipkart,Tier_A,2093
5802,flipkart,Tier_A,200
5803,flipkart,Tier_A,207
5804,flipkart,Tier_A,215
5805,flipkart,Tier_A,238
5806,flipkart,Tier_A,321
5807,flipkart,Tier_A,2385
5808,flipkart,Tier_A,416
5809,flipkart,Tier_A,542
5810,flipkart,Tier_A,560
5811,flipkart,Tier_A,632
5812,flipkart,Tier_A,662
5813,flipkart,Tier_A,735
5814,flipkart,Tier_A,741
5815,flipkart,Tier_A,875
5816,flipkart,Tier_A,934
5817,flipkart,Tier_A,939
5818,flipkart,Tier_A,967
5819,flipkart,Tier_A,982
5820,flipkart,Tier_A,1011
5821,flipkart,Tier_A,2952
5822,flipkart,Tier_A,1094
5823,flipkart,Tier_A,1235
5824,flipkart,Tier_A,1423
5825,flipkart,Tier_A,1463
5826,flipkart,Tier_A,1760
5827,flipkart,Tier_A,1912
5828,flipkart,Tier_A,135
5829,flipkart,Tier_A,198
5830,flipkart,Tier_A,33
5831,flipkart,Tier_A,21
5832,flipkart,Tier_A,675
5833,flipkart,Tier_A,134
5834,flipkart,Tier_A,496
5835,flipkart,Tier_A,863
5836,flipkart,Tier_A,1105
5837,flipkart,Tier_A,75
5838,flipkart,Tier_A,424
5839,flipkart,Tier_A,1383
5840,flipkart,Tier_A,994
5841,flipkart,Tier_A,56
5842,flipkart,Tier_A,113
5843,flipkart,Tier_A,332
5844,flipkart,Tier_A,295
5845,flipkart,Tier_A,669
5846,flipkart,Tier_A,153
5847,flipkart,Tier_A,48
5848,flipkart,Tier_A,450
5849,flipkart,Tier_A,2750
5850,flipkart,Tier_A,1482
5851,flipkart,Tier_A,399
5852,flipkart,Tier_A,1190
5853,flipkart,Tier_A,16
5854,flipkart,Tier_A,373
5855,flipkart,Tier_A,210
5856,flipkart,Tier_A,907
5857,flipkart,Tier_A,222
5858,flipkart,Tier_A,895
5859,flipkart,Tier_A,1552
5860,flipkart,Tier_A,3576
5861,flipkart,Tier_A,2751
5862,flipkart,Tier_A,127
5863,flipkart,Tier_A,22
5864,flipkart,Tier_A,451
5865,flipkart,Tier_A,31
5866,flipkart,Tier_A,62
5867,flipkart,Tier_A,881
5868,flipkart,Tier_A,1192
5869,flipkart,Tier_A,787
5870,flipkart,Tier_A,850
5871,flipkart,Tier_A,366
5872,flipkart,Tier_A,407
5873,flipkart,Tier_A,658
5874,flipkart,Tier_A,540
5875,flipkart,Tier_A,726
5876,flipkart,Tier_A,749
5877,flipkart,Tier_A,221
5878,flipkart,Tier_A,3663
5879,flipkart,Tier_A,297
5880,flipkart,Tier_A,155
5881,flipkart,Tier_A,1584
5882,flipkart,Tier_A,91
5883,flipkart,Tier_A,287
5884,flipkart,Tier_A,20
5885,flipkart,Tier_A,32
5886,flipkart,Tier_A,503
5887,flipkart,Tier_A,543
5888,flipkart,Tier_A,121
5889,flipkart,Tier_A,15
5890,flipkart,Tier_A,417
5891,flipkart,Tier_A,5
5892,flipkart,Tier_A,23
5893,flipkart,Tier_A,54
5894,flipkart,Tier_A,146
5895,flipkart,Tier_A,911
5896,flipkart,Tier_A,78
5897,fortinet,Tier_C,1633
5898,fortinet,Tier_C,1411
5899,fortinet,Tier_C,680
5900,fortinet,Tier_C,2182
5901,forusall,Tier_C,828
5902,fourkites,Tier_C,2901
5903,fourkites,Tier_C,2419
5904,fourkites,Tier_C,2900
5905,fpt,Tier_C,2177
5906,fpt,Tier_C,1
5907,fractal-analytics,Tier_C,1
5908,fractal-analytics,Tier_C,322
5909,fractal-analytics,Tier_C,3
5910,fractal-analytics,Tier_C,5
5911,fractal-analytics,Tier_C,70
5912,fractal-analytics,Tier_C,1292
5913,fractal-analytics,Tier_C,392
5914,fractal-analytics,Tier_C,270
5915,fractal-analytics,Tier_C,273
5916,fractal-analytics,Tier_C,3445
5917,fractal-analytics,Tier_C,53
5918,fractal-analytics,Tier_C,3441
5919,fractal-analytics,Tier_C,185
5920,fractal-analytics,Tier_C,238
5921,fractal-analytics,Tier_C,14
5922,fractal-analytics,Tier_C,197
5923,freecharge,Tier_C,134
5924,freecharge,Tier_C,146
5925,freecharge,Tier_C,3
5926,freshworks,Tier_C,3
5927,freshworks,Tier_C,20
5928,freshworks,Tier_C,1
5929,freshworks,Tier_C,11
5930,freshworks,Tier_C,49
5931,freshworks,Tier_C,253
5932,freshworks,Tier_C,80
5933,freshworks,Tier_C,238
5934,fynd,Tier_C,1047
5935,gainsight,Tier_C,33
5936,gameskraft,Tier_C,239
5937,gameskraft,Tier_C,3367
5938,gameskraft,Tier_C,2867
5939,gameskraft,Tier_C,3710
5940,garena,Tier_C,810
5941,garena,Tier_C,15
5942,garmin,Tier_C,121
5943,garmin,Tier_C,344
5944,garmin,Tier_C,944
5945,garmin,Tier_C,2144
5946,garmin,Tier_C,9
5947,garmin,Tier_C,1
5948,gartner,Tier_C,1016
5949,gartner,Tier_C,146
5950,gartner,Tier_C,1195
5951,ge-digital,Tier_C,697
5952,ge-digital,Tier_C,2162
5953,ge-digital,Tier_C,1249
5954,ge-healthcare,Tier_C,1929
5955,ge-healthcare,Tier_C,399
5956,ge-healthcare,Tier_C,4
5957,geico,Tier_C,545
5958,geico,Tier_C,36
5959,geico,Tier_C,41
5960,geico,Tier_C,1404
5961,geico,Tier_C,1219
5962,geico,Tier_C,394
5963,geico,Tier_C,1405
5964,geico,Tier_C,2384
5965,geico,Tier_C,3119
5966,geico,Tier_C,2061
5967,geico,Tier_C,2850
5968,geico,Tier_C,2086
5969,geico,Tier_C,122
5970,geico,Tier_C,322
5971,geico,Tier_C,309
5972,geico,Tier_C,1386
5973,geico,Tier_C,1047
5974,geico,Tier_C,1102
5975,geico,Tier_C,56
5976,geico,Tier_C,12
5977,geico,Tier_C,1910
5978,general-electric,Tier_C,1751
5979,general-motors,Tier_C,323
5980,general-motors,Tier_C,146
5981,general-motors,Tier_C,41
5982,general-motors,Tier_C,64
5983,general-motors,Tier_C,1637
5984,general-motors,Tier_C,1570
5985,general-motors,Tier_C,208
5986,general-motors,Tier_C,1404
5987,general-motors,Tier_C,297
5988,general-motors,Tier_C,689
5989,general-motors,Tier_C,843
5990,gilt-groupe,Tier_C,623
5991,github,Tier_C,2849
5992,github,Tier_C,645
5993,github,Tier_C,263
5994,github,Tier_C,1531
5995,github,Tier_C,146
5996,glassdoor,Tier_C,908
5997,globallogic,Tier_C,20
5998,globallogic,Tier_C,1
5999,glovo,Tier_C,146
6000,glovo,Tier_C,895
6001,godaddy,Tier_C,441
6002,godaddy,Tier_C,443
6003,godaddy,Tier_C,56
6004,godaddy,Tier_C,1761
6005,godaddy,Tier_C,20
6006,gojek,Tier_C,2610
6007,gojek,Tier_C,102
6008,gojek,Tier_C,71
6009,gojek,Tier_C,15
6010,gojek,Tier_C,239
6011,goldman-sachs,Tier_A,1
6012,goldman-sachs,Tier_A,2
6013,goldman-sachs,Tier_A,3
6014,goldman-sachs,Tier_A,4
6015,goldman-sachs,Tier_A,5
6016,goldman-sachs,Tier_A,8
6017,goldman-sachs,Tier_A,11
6018,goldman-sachs,Tier_A,12
6019,goldman-sachs,Tier_A,13
6020,goldman-sachs,Tier_A,17
6021,goldman-sachs,Tier_A,15
6022,goldman-sachs,Tier_A,20
6023,goldman-sachs,Tier_A,21
6024,goldman-sachs,Tier_A,31
6025,goldman-sachs,Tier_A,33
6026,goldman-sachs,Tier_A,41
6027,goldman-sachs,Tier_A,42
6028,goldman-sachs,Tier_A,45
6029,goldman-sachs,Tier_A,48
6030,goldman-sachs,Tier_A,49
6031,goldman-sachs,Tier_A,50
6032,goldman-sachs,Tier_A,51
6033,goldman-sachs,Tier_A,53
6034,goldman-sachs,Tier_A,54
6035,goldman-sachs,Tier_A,55
6036,goldman-sachs,Tier_A,56
6037,goldman-sachs,Tier_A,62
6038,goldman-sachs,Tier_A,64
6039,goldman-sachs,Tier_A,69
6040,goldman-sachs,Tier_A,70
6041,goldman-sachs,Tier_A,73
6042,goldman-sachs,Tier_A,79
6043,goldman-sachs,Tier_A,91
6044,goldman-sachs,Tier_A,118
6045,goldman-sachs,Tier_A,119
6046,goldman-sachs,Tier_A,121
6047,goldman-sachs,Tier_A,122
6048,goldman-sachs,Tier_A,135
6049,goldman-sachs,Tier_A,141
6050,goldman-sachs,Tier_A,143
6051,goldman-sachs,Tier_A,2087
6052,goldman-sachs,Tier_A,146
6053,goldman-sachs,Tier_A,152
6054,goldman-sachs,Tier_A,153
6055,goldman-sachs,Tier_A,2097
6056,goldman-sachs,Tier_A,160
6057,goldman-sachs,Tier_A,162
6058,goldman-sachs,Tier_A,166
6059,goldman-sachs,Tier_A,188
6060,goldman-sachs,Tier_A,198
6061,goldman-sachs,Tier_A,200
6062,goldman-sachs,Tier_A,209
6063,goldman-sachs,Tier_A,215
6064,goldman-sachs,Tier_A,218
6065,goldman-sachs,Tier_A,221
6066,goldman-sachs,Tier_A,2154
6067,goldman-sachs,Tier_A,238
6068,goldman-sachs,Tier_A,239
6069,goldman-sachs,Tier_A,268
6070,goldman-sachs,Tier_A,287
6071,goldman-sachs,Tier_A,295
6072,goldman-sachs,Tier_A,300
6073,goldman-sachs,Tier_A,2266
6074,goldman-sachs,Tier_A,326
6075,goldman-sachs,Tier_A,340
6076,goldman-sachs,Tier_A,2300
6077,goldman-sachs,Tier_A,344
6078,goldman-sachs,Tier_A,347
6079,goldman-sachs,Tier_A,74
6080,goldman-sachs,Tier_A,387
6081,goldman-sachs,Tier_A,394
6082,goldman-sachs,Tier_A,2375
6083,goldman-sachs,Tier_A,421
6084,goldman-sachs,Tier_A,443
6085,goldman-sachs,Tier_A,452
6086,goldman-sachs,Tier_A,2420
6087,goldman-sachs,Tier_A,2438
6088,goldman-sachs,Tier_A,2446
6089,goldman-sachs,Tier_A,496
6090,goldman-sachs,Tier_A,2484
6091,goldman-sachs,Tier_A,560
6092,goldman-sachs,Tier_A,567
6093,goldman-sachs,Tier_A,2550
6094,goldman-sachs,Tier_A,647
6095,goldman-sachs,Tier_A,657
6096,goldman-sachs,Tier_A,688
6097,goldman-sachs,Tier_A,2719
6098,goldman-sachs,Tier_A,735
6099,goldman-sachs,Tier_A,739
6100,goldman-sachs,Tier_A,767
6101,goldman-sachs,Tier_A,780
6102,goldman-sachs,Tier_A,706
6103,goldman-sachs,Tier_A,844
6104,goldman-sachs,Tier_A,862
6105,goldman-sachs,Tier_A,871
6106,goldman-sachs,Tier_A,931
6107,goldman-sachs,Tier_A,994
6108,goldman-sachs,Tier_A,1010
6109,goldman-sachs,Tier_A,1011
6110,goldman-sachs,Tier_A,1086
6111,goldman-sachs,Tier_A,1041
6112,goldman-sachs,Tier_A,1109
6113,goldman-sachs,Tier_A,1116
6114,goldman-sachs,Tier_A,3001
6115,goldman-sachs,Tier_A,1209
6116,goldman-sachs,Tier_A,2191
6117,goldman-sachs,Tier_A,1427
6118,goldman-sachs,Tier_A,3168
6119,goldman-sachs,Tier_A,3167
6120,goldman-sachs,Tier_A,1395
6121,goldman-sachs,Tier_A,1396
6122,goldman-sachs,Tier_A,1413
6123,goldman-sachs,Tier_A,1750
6124,goldman-sachs,Tier_A,1771
6125,goldman-sachs,Tier_A,1823
6126,goldman-sachs,Tier_A,1832
6127,goldman-sachs,Tier_A,424
6128,goldman-sachs,Tier_A,273
6129,goldman-sachs,Tier_A,205
6130,goldman-sachs,Tier_A,23
6131,goldman-sachs,Tier_A,641
6132,goldman-sachs,Tier_A,1235
6133,goldman-sachs,Tier_A,206
6134,goldman-sachs,Tier_A,139
6135,goldman-sachs,Tier_A,564
6136,goldman-sachs,Tier_A,37
6137,goldman-sachs,Tier_A,1004
6138,goldman-sachs,Tier_A,98
6139,goldman-sachs,Tier_A,22
6140,goldman-sachs,Tier_A,264
6141,goldman-sachs,Tier_A,540
6142,goldman-sachs,Tier_A,412
6143,goldman-sachs,Tier_A,93
6144,goldman-sachs,Tier_A,733
6145,goldman-sachs,Tier_A,752
6146,goldman-sachs,Tier_A,325
6147,goldman-sachs,Tier_A,457
6148,goldman-sachs,Tier_A,125
6149,goldman-sachs,Tier_A,124
6150,goldman-sachs,Tier_A,909
6151,goldman-sachs,Tier_A,128
6152,goldman-sachs,Tier_A,78
6153,goldman-sachs,Tier_A,171
6154,goldman-sachs,Tier_A,1752
6155,goldman-sachs,Tier_A,918
6156,goldman-sachs,Tier_A,1446
6157,goldman-sachs,Tier_A,1909
6158,goldman-sachs,Tier_A,460
6159,goldman-sachs,Tier_A,414
6160,goldman-sachs,Tier_A,289
6161,goldman-sachs,Tier_A,59
6162,goldman-sachs,Tier_A,336
6163,goldman-sachs,Tier_A,465
6164,goldman-sachs,Tier_A,456
6165,goldman-sachs,Tier_A,1838
6166,goldman-sachs,Tier_A,283
6167,goldman-sachs,Tier_A,3437
6168,goldman-sachs,Tier_A,2043
6169,goldman-sachs,Tier_A,227
6170,goldman-sachs,Tier_A,968
6171,goldman-sachs,Tier_A,322
6172,goldman-sachs,Tier_A,1910
6173,goldman-sachs,Tier_A,112
6174,goldman-sachs,Tier_A,1448
6175,goldman-sachs,Tier_A,653
6176,goldman-sachs,Tier_A,503
6177,goldman-sachs,Tier_A,779
6178,goldman-sachs,Tier_A,208
6179,goldman-sachs,Tier_A,3371
6180,goldman-sachs,Tier_A,2402
6181,goldman-sachs,Tier_A,3494
6182,goldman-sachs,Tier_A,622
6183,goldman-sachs,Tier_A,695
6184,goldman-sachs,Tier_A,2734
6185,goldman-sachs,Tier_A,277
6186,goldman-sachs,Tier_A,120
6187,goldman-sachs,Tier_A,1091
6188,goldman-sachs,Tier_A,1094
6189,goldman-sachs,Tier_A,210
6190,goldman-sachs,Tier_A,815
6191,goldman-sachs,Tier_A,225
6192,goldman-sachs,Tier_A,150
6193,goldman-sachs,Tier_A,101
6194,goldman-sachs,Tier_A,34
6195,goldman-sachs,Tier_A,102
6196,goldman-sachs,Tier_A,1343
6197,goldman-sachs,Tier_A,435
6198,goldman-sachs,Tier_A,68
6199,goldman-sachs,Tier_A,416
6200,goldman-sachs,Tier_A,312
6201,goldman-sachs,Tier_A,873
6202,goldman-sachs,Tier_A,123
6203,goldman-sachs,Tier_A,204
6204,goldman-sachs,Tier_A,979
6205,goldman-sachs,Tier_A,240
6206,goldman-sachs,Tier_A,1262
6207,goldman-sachs,Tier_A,127
6208,goldman-sachs,Tier_A,2007
6209,goldman-sachs,Tier_A,85
6210,goldman-sachs,Tier_A,354
6211,goldman-sachs,Tier_A,1552
6212,goldman-sachs,Tier_A,724
6213,goldman-sachs,Tier_A,1574
6214,goldman-sachs,Tier_A,741
6215,goldman-sachs,Tier_A,1146
6216,goldman-sachs,Tier_A,643
6217,goldman-sachs,Tier_A,47
6218,goldman-sachs,Tier_A,1478
6219,goldman-sachs,Tier_A,611
6220,goldman-sachs,Tier_A,516
6221,goldman-sachs,Tier_A,169
6222,goldman-sachs,Tier_A,621
6223,goldman-sachs,Tier_A,279
6224,goldman-sachs,Tier_A,1044
6225,goldman-sachs,Tier_A,1219
6226,goldman-sachs,Tier_A,703
6227,goldman-sachs,Tier_A,2385
6228,goldman-sachs,Tier_A,25
6229,goldman-sachs,Tier_A,103
6230,goldman-sachs,Tier_A,231
6231,goldman-sachs,Tier_A,980
6232,goldman-sachs,Tier_A,2095
6233,goldman-sachs,Tier_A,1106
6234,goldman-sachs,Tier_A,875
6235,goldman-sachs,Tier_A,2714
6236,goldman-sachs,Tier_A,36
6237,goldman-sachs,Tier_A,84
6238,goldman-sachs,Tier_A,1245
6239,goldman-sachs,Tier_A,75
6240,goldman-sachs,Tier_A,1247
6241,goldman-sachs,Tier_A,328
6242,goldman-sachs,Tier_A,3649
6243,goldman-sachs,Tier_A,399
6244,goldman-sachs,Tier_A,2093
6245,goldman-sachs,Tier_A,1834
6246,goldman-sachs,Tier_A,46
6247,goldman-sachs,Tier_A,1522
6248,goldman-sachs,Tier_A,2193
6249,goldman-sachs,Tier_A,88
6250,goldman-sachs,Tier_A,973
6251,goldman-sachs,Tier_A,945
6252,goldman-sachs,Tier_A,134
6253,goldman-sachs,Tier_A,853
6254,goldman-sachs,Tier_A,1277
6255,goldman-sachs,Tier_A,76
6256,goldman-sachs,Tier_A,151
6257,goldman-sachs,Tier_A,874
6258,goldman-sachs,Tier_A,26
6259,goldman-sachs,Tier_A,1371
6260,goldman-sachs,Tier_A,1312
6261,goldman-sachs,Tier_A,3885
6262,goldman-sachs,Tier_A,934
6263,goldman-sachs,Tier_A,1472
6264,goldman-sachs,Tier_A,236
6265,goldman-sachs,Tier_A,678
6266,goldman-sachs,Tier_A,242
6267,goldman-sachs,Tier_A,692
6268,goldman-sachs,Tier_A,1665
6269,goldman-sachs,Tier_A,392
6270,google,Tier_A,1
6271,google,Tier_A,2
6272,google,Tier_A,3
6273,google,Tier_A,4
6274,google,Tier_A,8
6275,google,Tier_A,12
6276,google,Tier_A,14
6277,google,Tier_A,16
6278,google,Tier_A,18
6279,google,Tier_A,20
6280,google,Tier_A,28
6281,google,Tier_A,33
6282,google,Tier_A,41
6283,google,Tier_A,42
6284,google,Tier_A,44
6285,google,Tier_A,45
6286,google,Tier_A,48
6287,google,Tier_A,49
6288,google,Tier_A,52
6289,google,Tier_A,53
6290,google,Tier_A,55
6291,google,Tier_A,57
6292,google,Tier_A,59
6293,google,Tier_A,64
6294,google,Tier_A,65
6295,google,Tier_A,67
6296,google,Tier_A,68
6297,google,Tier_A,74
6298,google,Tier_A,77
6299,google,Tier_A,82
6300,google,Tier_A,85
6301,google,Tier_A,87
6302,google,Tier_A,89
6303,google,Tier_A,90
6304,google,Tier_A,100
6305,google,Tier_A,101
6306,google,Tier_A,107
6307,google,Tier_A,111
6308,google,Tier_A,114
6309,google,Tier_A,116
6310,google,Tier_A,118
6311,google,Tier_A,128
6312,google,Tier_A,133
6313,google,Tier_A,136
6314,google,Tier_A,138
6315,google,Tier_A,145
6316,google,Tier_A,147
6317,google,Tier_A,152
6318,google,Tier_A,154
6319,google,Tier_A,157
6320,google,Tier_A,158
6321,google,Tier_A,159
6322,google,Tier_A,163
6323,google,Tier_A,166
6324,google,Tier_A,172
6325,google,Tier_A,176
6326,google,Tier_A,178
6327,google,Tier_A,185
6328,google,Tier_A,188
6329,google,Tier_A,199
6330,google,Tier_A,201
6331,google,Tier_A,205
6332,google,Tier_A,206
6333,google,Tier_A,212
6334,google,Tier_A,214
6335,google,Tier_A,218
6336,google,Tier_A,219
6337,google,Tier_A,225
6338,google,Tier_A,227
6339,google,Tier_A,230
6340,google,Tier_A,233
6341,google,Tier_A,235
6342,google,Tier_A,242
6343,google,Tier_A,246
6344,google,Tier_A,249
6345,google,Tier_A,251
6346,google,Tier_A,256
6347,google,Tier_A,257
6348,google,Tier_A,259
6349,google,Tier_A,261
6350,google,Tier_A,266
6351,google,Tier_A,268
6352,google,Tier_A,272
6353,google,Tier_A,276
6354,google,Tier_A,277
6355,google,Tier_A,280
6356,google,Tier_A,281
6357,google,Tier_A,284
6358,google,Tier_A,286
6359,google,Tier_A,287
6360,google,Tier_A,288
6361,google,Tier_A,289
6362,google,Tier_A,290
6363,google,Tier_A,293
6364,google,Tier_A,294
6365,google,Tier_A,295
6366,google,Tier_A,301
6367,google,Tier_A,305
6368,google,Tier_A,307
6369,google,Tier_A,309
6370,google,Tier_A,313
6371,google,Tier_A,314
6372,google,Tier_A,315
6373,google,Tier_A,317
6374,google,Tier_A,319
6375,google,Tier_A,320
6376,google,Tier_A,321
6377,google,Tier_A,323
6378,google,Tier_A,324
6379,google,Tier_A,326
6380,google,Tier_A,327
6381,google,Tier_A,331
6382,google,Tier_A,332
6383,google,Tier_A,337
6384,google,Tier_A,340
6385,google,Tier_A,342
6386,google,Tier_A,344
6387,google,Tier_A,346
6388,google,Tier_A,348
6389,google,Tier_A,351
6390,google,Tier_A,352
6391,google,Tier_A,353
6392,google,Tier_A,356
6393,google,Tier_A,357
6394,google,Tier_A,358
6395,google,Tier_A,359
6396,google,Tier_A,360
6397,google,Tier_A,361
6398,google,Tier_A,363
6399,google,Tier_A,366
6400,google,Tier_A,368
6401,google,Tier_A,369
6402,google,Tier_A,370
6403,google,Tier_A,374
6404,google,Tier_A,377
6405,google,Tier_A,378
6406,google,Tier_A,382
6407,google,Tier_A,384
6408,google,Tier_A,387
6409,google,Tier_A,389
6410,google,Tier_A,391
6411,google,Tier_A,393
6412,google,Tier_A,397
6413,google,Tier_A,399
6414,google,Tier_A,401
6415,google,Tier_A,402
6416,google,Tier_A,403
6417,google,Tier_A,404
6418,google,Tier_A,407
6419,google,Tier_A,408
6420,google,Tier_A,411
6421,google,Tier_A,415
6422,google,Tier_A,416
6423,google,Tier_A,418
6424,google,Tier_A,419
6425,google,Tier_A,422
6426,google,Tier_A,425
6427,google,Tier_A,436
6428,google,Tier_A,437
6429,google,Tier_A,444
6430,google,Tier_A,448
6431,google,Tier_A,452
6432,google,Tier_A,454
6433,google,Tier_A,465
6434,google,Tier_A,469
6435,google,Tier_A,471
6436,google,Tier_A,474
6437,google,Tier_A,480
6438,google,Tier_A,481
6439,google,Tier_A,483
6440,google,Tier_A,484
6441,google,Tier_A,487
6442,google,Tier_A,490
6443,google,Tier_A,494
6444,google,Tier_A,495
6445,google,Tier_A,496
6446,google,Tier_A,501
6447,google,Tier_A,502
6448,google,Tier_A,505
6449,google,Tier_A,2031
6450,google,Tier_A,1059
6451,google,Tier_A,514
6452,google,Tier_A,515
6453,google,Tier_A,520
6454,google,Tier_A,521
6455,google,Tier_A,524
6456,google,Tier_A,527
6457,google,Tier_A,529
6458,google,Tier_A,530
6459,google,Tier_A,531
6460,google,Tier_A,533
6461,google,Tier_A,535
6462,google,Tier_A,541
6463,google,Tier_A,544
6464,google,Tier_A,545
6465,google,Tier_A,549
6466,google,Tier_A,551
6467,google,Tier_A,552
6468,google,Tier_A,554
6469,google,Tier_A,556
6470,google,Tier_A,557
6471,google,Tier_A,562
6472,google,Tier_A,564
6473,google,Tier_A,568
6474,google,Tier_A,569
6475,google,Tier_A,572
6476,google,Tier_A,581
6477,google,Tier_A,583
6478,google,Tier_A,593
6479,google,Tier_A,604
6480,google,Tier_A,608
6481,google,Tier_A,609
6482,google,Tier_A,629
6483,google,Tier_A,633
6484,google,Tier_A,636
6485,google,Tier_A,638
6486,google,Tier_A,644
6487,google,Tier_A,645
6488,google,Tier_A,650
6489,google,Tier_A,651
6490,google,Tier_A,656
6491,google,Tier_A,657
6492,google,Tier_A,665
6493,google,Tier_A,667
6494,google,Tier_A,668
6495,google,Tier_A,670
6496,google,Tier_A,673
6497,google,Tier_A,676
6498,google,Tier_A,678
6499,google,Tier_A,679
6500,google,Tier_A,680
6501,google,Tier_A,682
6502,google,Tier_A,683
6503,google,Tier_A,686
6504,google,Tier_A,687
6505,google,Tier_A,688
6506,google,Tier_A,689
6507,google,Tier_A,690
6508,google,Tier_A,691
6509,google,Tier_A,692
6510,google,Tier_A,698
6511,google,Tier_A,713
6512,google,Tier_A,716
6513,google,Tier_A,719
6514,google,Tier_A,722
6515,google,Tier_A,727
6516,google,Tier_A,731
6517,google,Tier_A,732
6518,google,Tier_A,734
6519,google,Tier_A,737
6520,google,Tier_A,743
6521,google,Tier_A,746
6522,google,Tier_A,747
6523,google,Tier_A,748
6524,google,Tier_A,753
6525,google,Tier_A,756
6526,google,Tier_A,758
6527,google,Tier_A,760
6528,google,Tier_A,430
6529,google,Tier_A,427
6530,google,Tier_A,768
6531,google,Tier_A,769
6532,google,Tier_A,701
6533,google,Tier_A,772
6534,google,Tier_A,702
6535,google,Tier_A,774
6536,google,Tier_A,704
6537,google,Tier_A,779
6538,google,Tier_A,782
6539,google,Tier_A,783
6540,google,Tier_A,787
6541,google,Tier_A,788
6542,google,Tier_A,789
6543,google,Tier_A,796
6544,google,Tier_A,799
6545,google,Tier_A,800
6546,google,Tier_A,803
6547,google,Tier_A,809
6548,google,Tier_A,812
6549,google,Tier_A,813
6550,google,Tier_A,815
6551,google,Tier_A,816
6552,google,Tier_A,817
6553,google,Tier_A,819
6554,google,Tier_A,823
6555,google,Tier_A,708
6556,google,Tier_A,829
6557,google,Tier_A,830
6558,google,Tier_A,834
6559,google,Tier_A,835
6560,google,Tier_A,489
6561,google,Tier_A,838
6562,google,Tier_A,839
6563,google,Tier_A,840
6564,google,Tier_A,841
6565,google,Tier_A,845
6566,google,Tier_A,847
6567,google,Tier_A,849
6568,google,Tier_A,854
6569,google,Tier_A,855
6570,google,Tier_A,857
6571,google,Tier_A,863
6572,google,Tier_A,710
6573,google,Tier_A,871
6574,google,Tier_A,872
6575,google,Tier_A,519
6576,google,Tier_A,881
6577,google,Tier_A,889
6578,google,Tier_A,894
6579,google,Tier_A,897
6580,google,Tier_A,904
6581,google,Tier_A,906
6582,google,Tier_A,911
6583,google,Tier_A,913
6584,google,Tier_A,914
6585,google,Tier_A,916
6586,google,Tier_A,919
6587,google,Tier_A,921
6588,google,Tier_A,926
6589,google,Tier_A,929
6590,google,Tier_A,930
6591,google,Tier_A,931
6592,google,Tier_A,932
6593,google,Tier_A,935
6594,google,Tier_A,940
6595,google,Tier_A,942
6596,google,Tier_A,944
6597,google,Tier_A,946
6598,google,Tier_A,947
6599,google,Tier_A,948
6600,google,Tier_A,951
6601,google,Tier_A,952
6602,google,Tier_A,954
6603,google,Tier_A,955
6604,google,Tier_A,958
6605,google,Tier_A,960
6606,google,Tier_A,975
6607,google,Tier_A,983
6608,google,Tier_A,994
6609,google,Tier_A,997
6610,google,Tier_A,1005
6611,google,Tier_A,1007
6612,google,Tier_A,1055
6613,google,Tier_A,1057
6614,google,Tier_A,1009
6615,google,Tier_A,1012
6616,google,Tier_A,1062
6617,google,Tier_A,1014
6618,google,Tier_A,1015
6619,google,Tier_A,1016
6620,google,Tier_A,1066
6621,google,Tier_A,1056
6622,google,Tier_A,1087
6623,google,Tier_A,1088
6624,google,Tier_A,1023
6625,google,Tier_A,1024
6626,google,Tier_A,1101
6627,google,Tier_A,1025
6628,google,Tier_A,1027
6629,google,Tier_A,1028
6630,google,Tier_A,1032
6631,google,Tier_A,1039
6632,google,Tier_A,1037
6633,google,Tier_A,1161
6634,google,Tier_A,1121
6635,google,Tier_A,1043
6636,google,Tier_A,1044
6637,google,Tier_A,1165
6638,google,Tier_A,1153
6639,google,Tier_A,1167
6640,google,Tier_A,1048
6641,google,Tier_A,1182
6642,google,Tier_A,1197
6643,google,Tier_A,1168
6644,google,Tier_A,1074
6645,google,Tier_A,1068
6646,google,Tier_A,1078
6647,google,Tier_A,1081
6648,google,Tier_A,1079
6649,google,Tier_A,1199
6650,google,Tier_A,1090
6651,google,Tier_A,1245
6652,google,Tier_A,1095
6653,google,Tier_A,1117
6654,google,Tier_A,1096
6655,google,Tier_A,1231
6656,google,Tier_A,1105
6657,google,Tier_A,1272
6658,google,Tier_A,1114
6659,google,Tier_A,1619
6660,google,Tier_A,1286
6661,google,Tier_A,1291
6662,google,Tier_A,1287
6663,google,Tier_A,1289
6664,google,Tier_A,1130
6665,google,Tier_A,1300
6666,google,Tier_A,1138
6667,google,Tier_A,1313
6668,google,Tier_A,1314
6669,google,Tier_A,1316
6670,google,Tier_A,1144
6671,google,Tier_A,1145
6672,google,Tier_A,1143
6673,google,Tier_A,1147
6674,google,Tier_A,1302
6675,google,Tier_A,1331
6676,google,Tier_A,1632
6677,google,Tier_A,1170
6678,google,Tier_A,1360
6679,google,Tier_A,1425
6680,google,Tier_A,1184
6681,google,Tier_A,1550
6682,google,Tier_A,1483
6683,google,Tier_A,2079
6684,google,Tier_A,1706
6685,google,Tier_A,2226
6686,google,Tier_A,1206
6687,google,Tier_A,1233
6688,google,Tier_A,1240
6689,google,Tier_A,1726
6690,google,Tier_A,1249
6691,google,Tier_A,1254
6692,google,Tier_A,1618
6693,google,Tier_A,1261
6694,google,Tier_A,2215
6695,google,Tier_A,2218
6696,google,Tier_A,2304
6697,google,Tier_A,1266
6698,google,Tier_A,1267
6699,google,Tier_A,1269
6700,google,Tier_A,1270
6701,google,Tier_A,1283
6702,google,Tier_A,1292
6703,google,Tier_A,1320
6704,google,Tier_A,1342
6705,google,Tier_A,1345
6706,google,Tier_A,1326
6707,google,Tier_A,1358
6708,google,Tier_A,1359
6709,google,Tier_A,1337
6710,google,Tier_A,1346
6711,google,Tier_A,1347
6712,google,Tier_A,1351
6713,google,Tier_A,1352
6714,google,Tier_A,1366
6715,google,Tier_A,1367
6716,google,Tier_A,1368
6717,google,Tier_A,1387
6718,google,Tier_A,1388
6719,google,Tier_A,1401
6720,google,Tier_A,1392
6721,google,Tier_A,1397
6722,google,Tier_A,1414
6723,google,Tier_A,1406
6724,google,Tier_A,1410
6725,google,Tier_A,1422
6726,google,Tier_A,1424
6727,google,Tier_A,1447
6728,google,Tier_A,1449
6729,google,Tier_A,1438
6730,google,Tier_A,1441
6731,google,Tier_A,1444
6732,google,Tier_A,1461
6733,google,Tier_A,1452
6734,google,Tier_A,1456
6735,google,Tier_A,1477
6736,google,Tier_A,1471
6737,google,Tier_A,1472
6738,google,Tier_A,1493
6739,google,Tier_A,1494
6740,google,Tier_A,1489
6741,google,Tier_A,1508
6742,google,Tier_A,1496
6743,google,Tier_A,1498
6744,google,Tier_A,1499
6745,google,Tier_A,1503
6746,google,Tier_A,1504
6747,google,Tier_A,1525
6748,google,Tier_A,1526
6749,google,Tier_A,1513
6750,google,Tier_A,1546
6751,google,Tier_A,1506
6752,google,Tier_A,1530
6753,google,Tier_A,1516
6754,google,Tier_A,1557
6755,google,Tier_A,1517
6756,google,Tier_A,1544
6757,google,Tier_A,1552
6758,google,Tier_A,1553
6759,google,Tier_A,1538
6760,google,Tier_A,1562
6761,google,Tier_A,1548
6762,google,Tier_A,1569
6763,google,Tier_A,1591
6764,google,Tier_A,1564
6765,google,Tier_A,1584
6766,google,Tier_A,1585
6767,google,Tier_A,1592
6768,google,Tier_A,1593
6769,google,Tier_A,1594
6770,google,Tier_A,1595
6771,google,Tier_A,1580
6772,google,Tier_A,1600
6773,google,Tier_A,1728
6774,google,Tier_A,1622
6775,google,Tier_A,1608
6776,google,Tier_A,1610
6777,google,Tier_A,1639
6778,google,Tier_A,1602
6779,google,Tier_A,1612
6780,google,Tier_A,1630
6781,google,Tier_A,1655
6782,google,Tier_A,1647
6783,google,Tier_A,1658
6784,google,Tier_A,1662
6785,google,Tier_A,1672
6786,google,Tier_A,1673
6787,google,Tier_A,1660
6788,google,Tier_A,1679
6789,google,Tier_A,1703
6790,google,Tier_A,1666
6791,google,Tier_A,1697
6792,google,Tier_A,1707
6793,google,Tier_A,1692
6794,google,Tier_A,1713
6795,google,Tier_A,1732
6796,google,Tier_A,1722
6797,google,Tier_A,1727
6798,google,Tier_A,1708
6799,google,Tier_A,1751
6800,google,Tier_A,1736
6801,google,Tier_A,1737
6802,google,Tier_A,1738
6803,google,Tier_A,1724
6804,google,Tier_A,1766
6805,google,Tier_A,1765
6806,google,Tier_A,1753
6807,google,Tier_A,1759
6808,google,Tier_A,1768
6809,google,Tier_A,1769
6810,google,Tier_A,1770
6811,google,Tier_A,1774
6812,google,Tier_A,1756
6813,google,Tier_A,1757
6814,google,Tier_A,1786
6815,google,Tier_A,1767
6816,google,Tier_A,1793
6817,google,Tier_A,1813
6818,google,Tier_A,1815
6819,google,Tier_A,1814
6820,google,Tier_A,1802
6821,google,Tier_A,1807
6822,google,Tier_A,1806
6823,google,Tier_A,1828
6824,google,Tier_A,1794
6825,google,Tier_A,1824
6826,google,Tier_A,1810
6827,google,Tier_A,1820
6828,google,Tier_A,1821
6829,google,Tier_A,1850
6830,google,Tier_A,1857
6831,google,Tier_A,1866
6832,google,Tier_A,1870
6833,google,Tier_A,1871
6834,google,Tier_A,1896
6835,google,Tier_A,1858
6836,google,Tier_A,1883
6837,google,Tier_A,1888
6838,google,Tier_A,1899
6839,google,Tier_A,1900
6840,google,Tier_A,1874
6841,google,Tier_A,1906
6842,google,Tier_A,1915
6843,google,Tier_A,1891
6844,google,Tier_A,1901
6845,google,Tier_A,1920
6846,google,Tier_A,1921
6847,google,Tier_A,1943
6848,google,Tier_A,1929
6849,google,Tier_A,1930
6850,google,Tier_A,1931
6851,google,Tier_A,1918
6852,google,Tier_A,1940
6853,google,Tier_A,1924
6854,google,Tier_A,1948
6855,google,Tier_A,1970
6856,google,Tier_A,1993
6857,google,Tier_A,1979
6858,google,Tier_A,1980
6859,google,Tier_A,1966
6860,google,Tier_A,1984
6861,google,Tier_A,1987
6862,google,Tier_A,2006
6863,google,Tier_A,2007
6864,google,Tier_A,2009
6865,google,Tier_A,1996
6866,google,Tier_A,2022
6867,google,Tier_A,2024
6868,google,Tier_A,2011
6869,google,Tier_A,2013
6870,google,Tier_A,2016
6871,google,Tier_A,2018
6872,google,Tier_A,2037
6873,google,Tier_A,2034
6874,google,Tier_A,2035
6875,google,Tier_A,2050
6876,google,Tier_A,2059
6877,google,Tier_A,2064
6878,google,Tier_A,2088
6879,google,Tier_A,2076
6880,google,Tier_A,2101
6881,google,Tier_A,2089
6882,google,Tier_A,2092
6883,google,Tier_A,2077
6884,google,Tier_A,2114
6885,google,Tier_A,2115
6886,google,Tier_A,2116
6887,google,Tier_A,2105
6888,google,Tier_A,2131
6889,google,Tier_A,2122
6890,google,Tier_A,2126
6891,google,Tier_A,2135
6892,google,Tier_A,2155
6893,google,Tier_A,2162
6894,google,Tier_A,2128
6895,google,Tier_A,2150
6896,google,Tier_A,2178
6897,google,Tier_A,2167
6898,google,Tier_A,2172
6899,google,Tier_A,2185
6900,google,Tier_A,2188
6901,google,Tier_A,2196
6902,google,Tier_A,2209
6903,google,Tier_A,2190
6904,google,Tier_A,2174
6905,google,Tier_A,2200
6906,google,Tier_A,2203
6907,google,Tier_A,2255
6908,google,Tier_A,2258
6909,google,Tier_A,2224
6910,google,Tier_A,2265
6911,google,Tier_A,2267
6912,google,Tier_A,2239
6913,google,Tier_A,2241
6914,google,Tier_A,2242
6915,google,Tier_A,2271
6916,google,Tier_A,2280
6917,google,Tier_A,2283
6918,google,Tier_A,2284
6919,google,Tier_A,2286
6920,google,Tier_A,2237
6921,google,Tier_A,2296
6922,google,Tier_A,2311
6923,google,Tier_A,2254
6924,google,Tier_A,2313
6925,google,Tier_A,2315
6926,google,Tier_A,2316
6927,google,Tier_A,2337
6928,google,Tier_A,2332
6929,google,Tier_A,2334
6930,google,Tier_A,2351
6931,google,Tier_A,2348
6932,google,Tier_A,2349
6933,google,Tier_A,2350
6934,google,Tier_A,2369
6935,google,Tier_A,2363
6936,google,Tier_A,2366
6937,google,Tier_A,2390
6938,google,Tier_A,2392
6939,google,Tier_A,2345
6940,google,Tier_A,2404
6941,google,Tier_A,2459
6942,google,Tier_A,2416
6943,google,Tier_A,2421
6944,google,Tier_A,2371
6945,google,Tier_A,2424
6946,google,Tier_A,2426
6947,google,Tier_A,2435
6948,google,Tier_A,2442
6949,google,Tier_A,2444
6950,google,Tier_A,2446
6951,google,Tier_A,2448
6952,google,Tier_A,2458
6953,google,Tier_A,2452
6954,google,Tier_A,2467
6955,google,Tier_A,2476
6956,google,Tier_A,2478
6957,google,Tier_A,2488
6958,google,Tier_A,2483
6959,google,Tier_A,2484
6960,google,Tier_A,2498
6961,google,Tier_A,2531
6962,google,Tier_A,2534
6963,google,Tier_A,2536
6964,google,Tier_A,2540
6965,google,Tier_A,2556
6966,google,Tier_A,2582
6967,google,Tier_A,2510
6968,google,Tier_A,2589
6969,google,Tier_A,2663
6970,google,Tier_A,2597
6971,google,Tier_A,2563
6972,google,Tier_A,2570
6973,google,Tier_A,2601
6974,google,Tier_A,2610
6975,google,Tier_A,2620
6976,google,Tier_A,2621
6977,google,Tier_A,2619
6978,google,Tier_A,2645
6979,google,Tier_A,2707
6980,google,Tier_A,2626
6981,google,Tier_A,2698
6982,google,Tier_A,2667
6983,google,Tier_A,2704
6984,google,Tier_A,2831
6985,google,Tier_A,2689
6986,google,Tier_A,2763
6987,google,Tier_A,2723
6988,google,Tier_A,2728
6989,google,Tier_A,2779
6990,google,Tier_A,2812
6991,google,Tier_A,2857
6992,google,Tier_A,2843
6993,google,Tier_A,2817
6994,google,Tier_A,2851
6995,google,Tier_A,2849
6996,google,Tier_A,2842
6997,google,Tier_A,2872
6998,google,Tier_A,2878
6999,google,Tier_A,2919
7000,google,Tier_A,2923
7001,google,Tier_A,2924
7002,google,Tier_A,2925
7003,google,Tier_A,2963
7004,google,Tier_A,2936
7005,google,Tier_A,2958
7006,google,Tier_A,2967
7007,google,Tier_A,3007
7008,google,Tier_A,2966
7009,google,Tier_A,2982
7010,google,Tier_A,2981
7011,google,Tier_A,3027
7012,google,Tier_A,3025
7013,google,Tier_A,3041
7014,google,Tier_A,3044
7015,google,Tier_A,3047
7016,google,Tier_A,3114
7017,google,Tier_A,3117
7018,google,Tier_A,3093
7019,google,Tier_A,3137
7020,google,Tier_A,3128
7021,google,Tier_A,3153
7022,google,Tier_A,3169
7023,google,Tier_A,3202
7024,google,Tier_A,3217
7025,google,Tier_A,1922
7026,google,Tier_A,5
7027,google,Tier_A,6
7028,google,Tier_A,7
7029,google,Tier_A,9
7030,google,Tier_A,10
7031,google,Tier_A,11
7032,google,Tier_A,13
7033,google,Tier_A,15
7034,google,Tier_A,17
7035,google,Tier_A,19
7036,google,Tier_A,1937
7037,google,Tier_A,21
7038,google,Tier_A,22
7039,google,Tier_A,23
7040,google,Tier_A,24
7041,google,Tier_A,25
7042,google,Tier_A,26
7043,google,Tier_A,27
7044,google,Tier_A,29
7045,google,Tier_A,30
7046,google,Tier_A,31
7047,google,Tier_A,32
7048,google,Tier_A,34
7049,google,Tier_A,35
7050,google,Tier_A,36
7051,google,Tier_A,37
7052,google,Tier_A,38
7053,google,Tier_A,39
7054,google,Tier_A,40
7055,google,Tier_A,1934
7056,google,Tier_A,43
7057,google,Tier_A,46
7058,google,Tier_A,47
7059,google,Tier_A,50
7060,google,Tier_A,51
7061,google,Tier_A,54
7062,google,Tier_A,56
7063,google,Tier_A,58
7064,google,Tier_A,60
7065,google,Tier_A,61
7066,google,Tier_A,62
7067,google,Tier_A,63
7068,google,Tier_A,66
7069,google,Tier_A,69
7070,google,Tier_A,70
7071,google,Tier_A,71
7072,google,Tier_A,72
7073,google,Tier_A,73
7074,google,Tier_A,1971
7075,google,Tier_A,75
7076,google,Tier_A,76
7077,google,Tier_A,78
7078,google,Tier_A,79
7079,google,Tier_A,80
7080,google,Tier_A,81
7081,google,Tier_A,1978
7082,google,Tier_A,83
7083,google,Tier_A,84
7084,google,Tier_A,86
7085,google,Tier_A,2025
7086,google,Tier_A,88
7087,google,Tier_A,91
7088,google,Tier_A,92
7089,google,Tier_A,93
7090,google,Tier_A,94
7091,google,Tier_A,95
7092,google,Tier_A,96
7093,google,Tier_A,97
7094,google,Tier_A,98
7095,google,Tier_A,99
7096,google,Tier_A,102
7097,google,Tier_A,103
7098,google,Tier_A,104
7099,google,Tier_A,105
7100,google,Tier_A,106
7101,google,Tier_A,108
7102,google,Tier_A,109
7103,google,Tier_A,110
7104,google,Tier_A,112
7105,google,Tier_A,113
7106,google,Tier_A,115
7107,google,Tier_A,119
7108,google,Tier_A,120
7109,google,Tier_A,121
7110,google,Tier_A,122
7111,google,Tier_A,123
7112,google,Tier_A,124
7113,google,Tier_A,125
7114,google,Tier_A,126
7115,google,Tier_A,127
7116,google,Tier_A,129
7117,google,Tier_A,130
7118,google,Tier_A,131
7119,google,Tier_A,2057
7120,google,Tier_A,134
7121,google,Tier_A,135
7122,google,Tier_A,2058
7123,google,Tier_A,137
7124,google,Tier_A,139
7125,google,Tier_A,140
7126,google,Tier_A,141
7127,google,Tier_A,142
7128,google,Tier_A,143
7129,google,Tier_A,144
7130,google,Tier_A,146
7131,google,Tier_A,2073
7132,google,Tier_A,148
7133,google,Tier_A,149
7134,google,Tier_A,150
7135,google,Tier_A,151
7136,google,Tier_A,153
7137,google,Tier_A,155
7138,google,Tier_A,160
7139,google,Tier_A,162
7140,google,Tier_A,165
7141,google,Tier_A,167
7142,google,Tier_A,168
7143,google,Tier_A,169
7144,google,Tier_A,2095
7145,google,Tier_A,2096
7146,google,Tier_A,173
7147,google,Tier_A,174
7148,google,Tier_A,175
7149,google,Tier_A,2103
7150,google,Tier_A,179
7151,google,Tier_A,180
7152,google,Tier_A,181
7153,google,Tier_A,182
7154,google,Tier_A,2104
7155,google,Tier_A,187
7156,google,Tier_A,2130
7157,google,Tier_A,189
7158,google,Tier_A,190
7159,google,Tier_A,191
7160,google,Tier_A,193
7161,google,Tier_A,196
7162,google,Tier_A,197
7163,google,Tier_A,198
7164,google,Tier_A,200
7165,google,Tier_A,202
7166,google,Tier_A,203
7167,google,Tier_A,204
7168,google,Tier_A,207
7169,google,Tier_A,208
7170,google,Tier_A,209
7171,google,Tier_A,210
7172,google,Tier_A,211
7173,google,Tier_A,213
7174,google,Tier_A,215
7175,google,Tier_A,2141
7176,google,Tier_A,217
7177,google,Tier_A,220
7178,google,Tier_A,221
7179,google,Tier_A,222
7180,google,Tier_A,223
7181,google,Tier_A,224
7182,google,Tier_A,2149
7183,google,Tier_A,226
7184,google,Tier_A,228
7185,google,Tier_A,229
7186,google,Tier_A,231
7187,google,Tier_A,232
7188,google,Tier_A,234
7189,google,Tier_A,236
7190,google,Tier_A,237
7191,google,Tier_A,238
7192,google,Tier_A,239
7193,google,Tier_A,240
7194,google,Tier_A,241
7195,google,Tier_A,247
7196,google,Tier_A,2158
7197,google,Tier_A,252
7198,google,Tier_A,253
7199,google,Tier_A,258
7200,google,Tier_A,260
7201,google,Tier_A,264
7202,google,Tier_A,269
7203,google,Tier_A,270
7204,google,Tier_A,271
7205,google,Tier_A,273
7206,google,Tier_A,274
7207,google,Tier_A,2184
7208,google,Tier_A,278
7209,google,Tier_A,279
7210,google,Tier_A,282
7211,google,Tier_A,283
7212,google,Tier_A,2251
7213,google,Tier_A,2259
7214,google,Tier_A,2260
7215,google,Tier_A,297
7216,google,Tier_A,298
7217,google,Tier_A,299
7218,google,Tier_A,300
7219,google,Tier_A,2264
7220,google,Tier_A,302
7221,google,Tier_A,303
7222,google,Tier_A,308
7223,google,Tier_A,2276
7224,google,Tier_A,310
7225,google,Tier_A,312
7226,google,Tier_A,316
7227,google,Tier_A,318
7228,google,Tier_A,322
7229,google,Tier_A,2290
7230,google,Tier_A,328
7231,google,Tier_A,329
7232,google,Tier_A,330
7233,google,Tier_A,334
7234,google,Tier_A,2235
7235,google,Tier_A,336
7236,google,Tier_A,2236
7237,google,Tier_A,338
7238,google,Tier_A,341
7239,google,Tier_A,343
7240,google,Tier_A,345
7241,google,Tier_A,2302
7242,google,Tier_A,347
7243,google,Tier_A,349
7244,google,Tier_A,350
7245,google,Tier_A,354
7246,google,Tier_A,362
7247,google,Tier_A,365
7248,google,Tier_A,367
7249,google,Tier_A,2331
7250,google,Tier_A,371
7251,google,Tier_A,373
7252,google,Tier_A,375
7253,google,Tier_A,379
7254,google,Tier_A,380
7255,google,Tier_A,2352
7256,google,Tier_A,2353
7257,google,Tier_A,383
7258,google,Tier_A,388
7259,google,Tier_A,390
7260,google,Tier_A,2360
7261,google,Tier_A,392
7262,google,Tier_A,394
7263,google,Tier_A,395
7264,google,Tier_A,2367
7265,google,Tier_A,400
7266,google,Tier_A,405
7267,google,Tier_A,406
7268,google,Tier_A,2373
7269,google,Tier_A,409
7270,google,Tier_A,410
7271,google,Tier_A,412
7272,google,Tier_A,413
7273,google,Tier_A,414
7274,google,Tier_A,2385
7275,google,Tier_A,417
7276,google,Tier_A,420
7277,google,Tier_A,421
7278,google,Tier_A,424
7279,google,Tier_A,2401
7280,google,Tier_A,2402
7281,google,Tier_A,2396
7282,google,Tier_A,435
7283,google,Tier_A,438
7284,google,Tier_A,2405
7285,google,Tier_A,441
7286,google,Tier_A,442
7287,google,Tier_A,443
7288,google,Tier_A,446
7289,google,Tier_A,447
7290,google,Tier_A,2356
7291,google,Tier_A,450
7292,google,Tier_A,451
7293,google,Tier_A,455
7294,google,Tier_A,456
7295,google,Tier_A,458
7296,google,Tier_A,459
7297,google,Tier_A,460
7298,google,Tier_A,2427
7299,google,Tier_A,463
7300,google,Tier_A,475
7301,google,Tier_A,2441
7302,google,Tier_A,2407
7303,google,Tier_A,2437
7304,google,Tier_A,482
7305,google,Tier_A,2423
7306,google,Tier_A,485
7307,google,Tier_A,486
7308,google,Tier_A,493
7309,google,Tier_A,498
7310,google,Tier_A,500
7311,google,Tier_A,503
7312,google,Tier_A,504
7313,google,Tier_A,2461
7314,google,Tier_A,506
7315,google,Tier_A,513
7316,google,Tier_A,516
7317,google,Tier_A,518
7318,google,Tier_A,522
7319,google,Tier_A,523
7320,google,Tier_A,2486
7321,google,Tier_A,525
7322,google,Tier_A,526
7323,google,Tier_A,532
7324,google,Tier_A,539
7325,google,Tier_A,540
7326,google,Tier_A,542
7327,google,Tier_A,543
7328,google,Tier_A,547
7329,google,Tier_A,560
7330,google,Tier_A,561
7331,google,Tier_A,2520
7332,google,Tier_A,567
7333,google,Tier_A,570
7334,google,Tier_A,577
7335,google,Tier_A,584
7336,google,Tier_A,587
7337,google,Tier_A,588
7338,google,Tier_A,2542
7339,google,Tier_A,595
7340,google,Tier_A,605
7341,google,Tier_A,610
7342,google,Tier_A,611
7343,google,Tier_A,616
7344,google,Tier_A,617
7345,google,Tier_A,620
7346,google,Tier_A,621
7347,google,Tier_A,623
7348,google,Tier_A,642
7349,google,Tier_A,643
7350,google,Tier_A,646
7351,google,Tier_A,647
7352,google,Tier_A,648
7353,google,Tier_A,652
7354,google,Tier_A,653
7355,google,Tier_A,655
7356,google,Tier_A,658
7357,google,Tier_A,659
7358,google,Tier_A,662
7359,google,Tier_A,664
7360,google,Tier_A,2616
7361,google,Tier_A,681
7362,google,Tier_A,684
7363,google,Tier_A,685
7364,google,Tier_A,2629
7365,google,Tier_A,695
7366,google,Tier_A,2635
7367,google,Tier_A,2618
7368,google,Tier_A,715
7369,google,Tier_A,718
7370,google,Tier_A,721
7371,google,Tier_A,726
7372,google,Tier_A,2700
7373,google,Tier_A,729
7374,google,Tier_A,733
7375,google,Tier_A,735
7376,google,Tier_A,739
7377,google,Tier_A,740
7378,google,Tier_A,741
7379,google,Tier_A,2665
7380,google,Tier_A,2666
7381,google,Tier_A,752
7382,google,Tier_A,2742
7383,google,Tier_A,759
7384,google,Tier_A,429
7385,google,Tier_A,428
7386,google,Tier_A,2769
7387,google,Tier_A,765
7388,google,Tier_A,766
7389,google,Tier_A,767
7390,google,Tier_A,771
7391,google,Tier_A,700
7392,google,Tier_A,703
7393,google,Tier_A,777
7394,google,Tier_A,778
7395,google,Tier_A,780
7396,google,Tier_A,781
7397,google,Tier_A,2751
7398,google,Tier_A,785
7399,google,Tier_A,790
7400,google,Tier_A,792
7401,google,Tier_A,705
7402,google,Tier_A,706
7403,google,Tier_A,802
7404,google,Tier_A,2762
7405,google,Tier_A,2816
7406,google,Tier_A,806
7407,google,Tier_A,807
7408,google,Tier_A,808
7409,google,Tier_A,818
7410,google,Tier_A,707
7411,google,Tier_A,2785
7412,google,Tier_A,826
7413,google,Tier_A,827
7414,google,Tier_A,622
7415,google,Tier_A,832
7416,google,Tier_A,833
7417,google,Tier_A,837
7418,google,Tier_A,2824
7419,google,Tier_A,843
7420,google,Tier_A,844
7421,google,Tier_A,846
7422,google,Tier_A,850
7423,google,Tier_A,852
7424,google,Tier_A,853
7425,google,Tier_A,859
7426,google,Tier_A,861
7427,google,Tier_A,862
7428,google,Tier_A,864
7429,google,Tier_A,867
7430,google,Tier_A,470
7431,google,Tier_A,875
7432,google,Tier_A,876
7433,google,Tier_A,878
7434,google,Tier_A,879
7435,google,Tier_A,528
7436,google,Tier_A,497
7437,google,Tier_A,886
7438,google,Tier_A,887
7439,google,Tier_A,888
7440,google,Tier_A,896
7441,google,Tier_A,900
7442,google,Tier_A,901
7443,google,Tier_A,905
7444,google,Tier_A,907
7445,google,Tier_A,909
7446,google,Tier_A,912
7447,google,Tier_A,917
7448,google,Tier_A,918
7449,google,Tier_A,922
7450,google,Tier_A,925
7451,google,Tier_A,933
7452,google,Tier_A,934
7453,google,Tier_A,938
7454,google,Tier_A,939
7455,google,Tier_A,941
7456,google,Tier_A,943
7457,google,Tier_A,945
7458,google,Tier_A,950
7459,google,Tier_A,953
7460,google,Tier_A,959
7461,google,Tier_A,962
7462,google,Tier_A,963
7463,google,Tier_A,968
7464,google,Tier_A,509
7465,google,Tier_A,973
7466,google,Tier_A,2877
7467,google,Tier_A,974
7468,google,Tier_A,977
7469,google,Tier_A,979
7470,google,Tier_A,980
7471,google,Tier_A,981
7472,google,Tier_A,986
7473,google,Tier_A,987
7474,google,Tier_A,988
7475,google,Tier_A,990
7476,google,Tier_A,992
7477,google,Tier_A,995
7478,google,Tier_A,1000
7479,google,Tier_A,1002
7480,google,Tier_A,1004
7481,google,Tier_A,1008
7482,google,Tier_A,1011
7483,google,Tier_A,1020
7484,google,Tier_A,1021
7485,google,Tier_A,1136
7486,google,Tier_A,2863
7487,google,Tier_A,1166
7488,google,Tier_A,1046
7489,google,Tier_A,1047
7490,google,Tier_A,1051
7491,google,Tier_A,1052
7492,google,Tier_A,1071
7493,google,Tier_A,1070
7494,google,Tier_A,2945
7495,google,Tier_A,1089
7496,google,Tier_A,1092
7497,google,Tier_A,1091
7498,google,Tier_A,550
7499,google,Tier_A,1094
7500,google,Tier_A,1106
7501,google,Tier_A,1108
7502,google,Tier_A,1110
7503,google,Tier_A,1122
7504,google,Tier_A,1137
7505,google,Tier_A,1141
7506,google,Tier_A,1146
7507,google,Tier_A,1148
7508,google,Tier_A,3068
7509,google,Tier_A,1155
7510,google,Tier_A,1171
7511,google,Tier_A,1361
7512,google,Tier_A,1164
7513,google,Tier_A,1382
7514,google,Tier_A,1174
7515,google,Tier_A,1190
7516,google,Tier_A,1192
7517,google,Tier_A,1944
7518,google,Tier_A,1193
7519,google,Tier_A,1207
7520,google,Tier_A,1514
7521,google,Tier_A,1204
7522,google,Tier_A,1218
7523,google,Tier_A,1219
7524,google,Tier_A,3110
7525,google,Tier_A,1211
7526,google,Tier_A,1235
7527,google,Tier_A,1237
7528,google,Tier_A,1248
7529,google,Tier_A,1250
7530,google,Tier_A,3152
7531,google,Tier_A,1255
7532,google,Tier_A,1251
7533,google,Tier_A,1268
7534,google,Tier_A,3174
7535,google,Tier_A,1277
7536,google,Tier_A,3211
7537,google,Tier_A,1281
7538,google,Tier_A,1290
7539,google,Tier_A,3193
7540,google,Tier_A,1293
7541,google,Tier_A,1280
7542,google,Tier_A,3196
7543,google,Tier_A,1296
7544,google,Tier_A,1307
7545,google,Tier_A,2192
7546,google,Tier_A,1319
7547,google,Tier_A,3201
7548,google,Tier_A,1325
7549,google,Tier_A,1373
7550,google,Tier_A,1365
7551,google,Tier_A,1376
7552,google,Tier_A,1377
7553,google,Tier_A,1381
7554,google,Tier_A,1383
7555,google,Tier_A,1378
7556,google,Tier_A,1404
7557,google,Tier_A,1431
7558,google,Tier_A,1423
7559,google,Tier_A,1448
7560,google,Tier_A,1442
7561,google,Tier_A,1463
7562,google,Tier_A,1476
7563,google,Tier_A,1470
7564,google,Tier_A,1492
7565,google,Tier_A,1480
7566,google,Tier_A,1481
7567,google,Tier_A,1482
7568,google,Tier_A,1488
7569,google,Tier_A,1509
7570,google,Tier_A,1497
7571,google,Tier_A,1512
7572,google,Tier_A,1539
7573,google,Tier_A,1528
7574,google,Tier_A,1547
7575,google,Tier_A,1572
7576,google,Tier_A,1579
7577,google,Tier_A,1582
7578,google,Tier_A,1605
7579,google,Tier_A,1581
7580,google,Tier_A,1587
7581,google,Tier_A,1614
7582,google,Tier_A,1616
7583,google,Tier_A,1636
7584,google,Tier_A,1637
7585,google,Tier_A,1631
7586,google,Tier_A,1642
7587,google,Tier_A,1657
7588,google,Tier_A,1661
7589,google,Tier_A,1700
7590,google,Tier_A,1701
7591,google,Tier_A,1667
7592,google,Tier_A,1696
7593,google,Tier_A,1716
7594,google,Tier_A,1717
7595,google,Tier_A,1752
7596,google,Tier_A,1781
7597,google,Tier_A,1776
7598,google,Tier_A,1789
7599,google,Tier_A,1823
7600,google,Tier_A,1825
7601,google,Tier_A,1844
7602,google,Tier_A,1845
7603,google,Tier_A,1832
7604,google,Tier_A,1834
7605,google,Tier_A,1838
7606,google,Tier_A,1859
7607,google,Tier_A,1851
7608,google,Tier_A,1854
7609,google,Tier_A,1863
7610,google,Tier_A,1910
7611,google,Tier_A,1884
7612,google,Tier_A,1926
7613,google,Tier_A,993
7614,google,Tier_A,2633
7615,google,Tier_A,2191
7616,google,Tier_A,709
7617,google,Tier_A,1334
7618,google,Tier_A,1763
7619,google,Tier_A,2976
7620,google,Tier_A,3235
7621,google,Tier_A,3234
7622,google,Tier_A,744
7623,google,Tier_A,1731
7624,google,Tier_A,1395
7625,google,Tier_A,1653
7626,google,Tier_A,2045
7627,google,Tier_A,641
7628,google,Tier_A,1741
7629,google,Tier_A,1420
7630,google,Tier_A,2678
7631,google,Tier_A,2134
7632,google,Tier_A,3206
7633,google,Tier_A,2864
7634,google,Tier_A,2053
7635,google,Tier_A,1475
7636,google,Tier_A,292
7637,google,Tier_A,885
7638,google,Tier_A,745
7639,google,Tier_A,171
7640,google,Tier_A,3228
7641,google,Tier_A,2220
7642,google,Tier_A,1568
7643,google,Tier_A,1729
7644,google,Tier_A,1299
7645,google,Tier_A,453
7646,google,Tier_A,2703
7647,google,Tier_A,2955
7648,google,Tier_A,1209
7649,google,Tier_A,626
7650,google,Tier_A,624
7651,google,Tier_A,3229
7652,google,Tier_A,462
7653,google,Tier_A,306
7654,google,Tier_A,3260
7655,google,Tier_A,3054
7656,google,Tier_A,877
7657,google,Tier_A,1045
7658,google,Tier_A,1140
7659,google,Tier_A,1247
7660,google,Tier_A,754
7661,google,Tier_A,770
7662,google,Tier_A,592
7663,google,Tier_A,476
7664,google,Tier_A,3005
7665,google,Tier_A,586
7666,google,Tier_A,649
7667,google,Tier_A,590
7668,google,Tier_A,589
7669,google,Tier_A,3026
7670,google,Tier_A,1905
7671,google,Tier_A,2699
7672,google,Tier_A,725
7673,google,Tier_A,1721
7674,google,Tier_A,3277
7675,google,Tier_A,1894
7676,google,Tier_A,2027
7677,google,Tier_A,1945
7678,google,Tier_A,3190
7679,google,Tier_A,2028
7680,google,Tier_A,2418
7681,google,Tier_A,117
7682,google,Tier_A,1109
7683,google,Tier_A,2326
7684,google,Tier_A,3282
7685,google,Tier_A,2985
7686,google,Tier_A,2807
7687,google,Tier_A,1684
7688,google,Tier_A,694
7689,google,Tier_A,1310
7690,google,Tier_A,304
7691,google,Tier_A,3287
7692,google,Tier_A,3120
7693,google,Tier_A,2419
7694,google,Tier_A,1371
7695,google,Tier_A,1518
7696,google,Tier_A,884
7697,google,Tier_A,1903
7698,google,Tier_A,263
7699,google,Tier_A,2991
7700,google,Tier_A,2987
7701,google,Tier_A,2989
7702,google,Tier_A,2990
7703,google,Tier_A,724
7704,google,Tier_A,386
7705,google,Tier_A,1743
7706,google,Tier_A,2487
7707,google,Tier_A,2000
7708,google,Tier_A,440
7709,google,Tier_A,3275
7710,google,Tier_A,2493
7711,google,Tier_A,3043
7712,google,Tier_A,763
7713,google,Tier_A,517
7714,google,Tier_A,1275
7715,google,Tier_A,433
7716,google,Tier_A,1484
7717,google,Tier_A,3147
7718,google,Tier_A,177
7719,google,Tier_A,1010
7720,google,Tier_A,432
7721,google,Tier_A,3286
7722,google,Tier_A,3020
7723,google,Tier_A,2995
7724,google,Tier_A,3008
7725,google,Tier_A,2521
7726,google,Tier_A,1691
7727,google,Tier_A,2800
7728,google,Tier_A,585
7729,google,Tier_A,1186
7730,google,Tier_A,1590
7731,google,Tier_A,3165
7732,google,Tier_A,2336
7733,google,Tier_A,810
7734,google,Tier_A,3312
7735,google,Tier_A,2577
7736,google,Tier_A,3028
7737,google,Tier_A,2696
7738,google,Tier_A,1963
7739,google,Tier_A,3248
7740,google,Tier_A,856
7741,google,Tier_A,883
7742,google,Tier_A,1942
7743,google,Tier_A,2406
7744,google,Tier_A,3318
7745,google,Tier_A,1348
7746,google,Tier_A,632
7747,google,Tier_A,546
7748,google,Tier_A,2530
7749,google,Tier_A,3024
7750,google,Tier_A,2263
7751,google,Tier_A,1229
7752,google,Tier_A,2938
7753,google,Tier_A,1203
7754,google,Tier_A,1405
7755,google,Tier_A,1976
7756,google,Tier_A,3283
7757,google,Tier_A,3319
7758,google,Tier_A,1545
7759,google,Tier_A,3327
7760,google,Tier_A,2044
7761,google,Tier_A,1356
7762,google,Tier_A,1029
7763,google,Tier_A,1075
7764,google,Tier_A,2641
7765,google,Tier_A,2965
7766,google,Tier_A,445
7767,google,Tier_A,1531
7768,google,Tier_A,3326
7769,google,Tier_A,2501
7770,google,Tier_A,1389
7771,google,Tier_A,1671
7772,google,Tier_A,296
7773,google,Tier_A,2684
7774,google,Tier_A,3337
7775,google,Tier_A,860
7776,google,Tier_A,2463
7777,google,Tier_A,2127
7778,google,Tier_A,3341
7779,google,Tier_A,3163
7780,google,Tier_A,3325
7781,google,Tier_A,164
7782,google,Tier_A,2914
7783,google,Tier_A,1886
7784,google,Tier_A,3011
7785,google,Tier_A,2210
7786,google,Tier_A,1957
7787,google,Tier_A,2275
7788,google,Tier_A,3224
7789,google,Tier_A,2413
7790,google,Tier_A,1570
7791,google,Tier_A,3133
7792,google,Tier_A,325
7793,google,Tier_A,2571
7794,google,Tier_A,3097
7795,google,Tier_A,2583
7796,google,Tier_A,3350
7797,google,Tier_A,3346
7798,google,Tier_A,1049
7799,google,Tier_A,3347
7800,google,Tier_A,3349
7801,google,Tier_A,3351
7802,google,Tier_A,2070
7803,google,Tier_A,3208
7804,google,Tier_A,1650
7805,google,Tier_A,1185
7806,google,Tier_A,3254
7807,google,Tier_A,3356
7808,google,Tier_A,364
7809,google,Tier_A,3355
7810,google,Tier_A,1652
7811,google,Tier_A,2516
7812,google,Tier_A,1072
7813,google,Tier_A,1633
7814,google,Tier_A,2257
7815,google,Tier_A,1019
7816,google,Tier_A,866
7817,google,Tier_A,1861
7818,google,Tier_A,1295
7819,google,Tier_A,1975
7820,google,Tier_A,628
7821,google,Tier_A,773
7822,google,Tier_A,3243
7823,google,Tier_A,1991
7824,google,Tier_A,423
7825,google,Tier_A,821
7826,google,Tier_A,3371
7827,google,Tier_A,2109
7828,google,Tier_A,1455
7829,google,Tier_A,3362
7830,google,Tier_A,1413
7831,google,Tier_A,216
7832,google,Tier_A,1038
7833,google,Tier_A,898
7834,google,Tier_A,1683
7835,google,Tier_A,1760
7836,google,Tier_A,1202
7837,google,Tier_A,3184
7838,google,Tier_A,2054
7839,google,Tier_A,3380
7840,google,Tier_A,355
7841,google,Tier_A,311
7842,google,Tier_A,2558
7843,google,Tier_A,2891
7844,google,Tier_A,2886
7845,google,Tier_A,2724
7846,google,Tier_A,2593
7847,google,Tier_A,1200
7848,google,Tier_A,1792
7849,google,Tier_A,2497
7850,google,Tier_A,1704
7851,google,Tier_A,3316
7852,google,Tier_A,2182
7853,google,Tier_A,2094
7854,google,Tier_A,596
7855,google,Tier_A,2415
7856,google,Tier_A,3309
7857,google,Tier_A,2940
7858,google,Tier_A,2221
7859,google,Tier_A,2471
7860,google,Tier_A,3203
7861,google,Tier_A,192
7862,google,Tier_A,1312
7863,google,Tier_A,1304
7864,google,Tier_A,3270
7865,google,Tier_A,434
7866,google,Tier_A,2469
7867,google,Tier_A,2466
7868,google,Tier_A,3404
7869,google,Tier_A,2560
7870,google,Tier_A,2270
7871,google,Tier_A,1559
7872,google,Tier_A,1712
7873,google,Tier_A,1791
7874,google,Tier_A,3387
7875,google,Tier_A,2381
7876,google,Tier_A,3413
7877,google,Tier_A,3410
7878,google,Tier_A,1034
7879,google,Tier_A,3408
7880,google,Tier_A,3394
7881,google,Tier_A,3397
7882,google,Tier_A,1252
7883,google,Tier_A,507
7884,google,Tier_A,1154
7885,google,Tier_A,1408
7886,google,Tier_A,3042
7887,google,Tier_A,2537
7888,google,Tier_A,2643
7889,google,Tier_A,1400
7890,google,Tier_A,728
7891,google,Tier_A,2161
7892,google,Tier_A,3419
7893,google,Tier_A,2657
7894,google,Tier_A,538
7895,google,Tier_A,3420
7896,google,Tier_A,2429
7897,google,Tier_A,2425
7898,google,Tier_A,1353
7899,google,Tier_A,2683
7900,google,Tier_A,1152
7901,google,Tier_A,372
7902,google,Tier_A,3426
7903,google,Tier_A,2661
7904,google,Tier_A,2815
7905,google,Tier_A,2017
7906,google,Tier_A,1773
7907,google,Tier_A,2181
7908,google,Tier_A,250
7909,google,Tier_A,2948
7910,google,Tier_A,1156
7911,google,Tier_A,637
7912,google,Tier_A,1385
7913,google,Tier_A,1462
7914,google,Tier_A,1035
7915,google,Tier_A,2845
7916,google,Tier_A,2658
7917,google,Tier_A,2100
7918,google,Tier_A,3151
7919,google,Tier_A,3434
7920,google,Tier_A,3409
7921,google,Tier_A,3105
7922,google,Tier_A,1464
7923,google,Tier_A,3439
7924,google,Tier_A,3440
7925,google,Tier_A,1800
7926,google,Tier_A,1790
7927,google,Tier_A,3160
7928,google,Tier_A,2364
7929,google,Tier_A,3389
7930,google,Tier_A,3258
7931,google,Tier_A,1827
7932,google,Tier_A,697
7933,google,Tier_A,2342
7934,google,Tier_A,2187
7935,google,Tier_A,3280
7936,google,Tier_A,1855
7937,google,Tier_A,1340
7938,google,Tier_A,3066
7939,google,Tier_A,619
7940,google,Tier_A,842
7941,google,Tier_A,1718
7942,google,Tier_A,3453
7943,google,Tier_A,1678
7944,google,Tier_A,1415
7945,google,Tier_A,3186
7946,google,Tier_A,965
7947,google,Tier_A,2375
7948,google,Tier_A,2880
7949,google,Tier_A,1221
7950,google,Tier_A,2306
7951,google,Tier_A,1748
7952,google,Tier_A,2974
7953,google,Tier_A,3459
7954,google,Tier_A,3454
7955,google,Tier_A,1574
7956,google,Tier_A,2596
7957,google,Tier_A,2879
7958,google,Tier_A,1524
7959,google,Tier_A,696
7960,google,Tier_A,461
7961,google,Tier_A,2078
7962,google,Tier_A,1341
7963,google,Tier_A,1749
7964,google,Tier_A,2615
7965,google,Tier_A,1856
7966,google,Tier_A,873
7967,google,Tier_A,339
7968,google,Tier_A,631
7969,google,Tier_A,2492
7970,google,Tier_A,594
7971,google,Tier_A,2894
7972,google,Tier_A,2460
7973,google,Tier_A,1941
7974,google,Tier_A,1780
7975,google,Tier_A,3158
7976,google,Tier_A,711
7977,google,Tier_A,2579
7978,google,Tier_A,3285
7979,google,Tier_A,2888
7980,google,Tier_A,3472
7981,google,Tier_A,2523
7982,google,Tier_A,2335
7983,google,Tier_A,2379
7984,google,Tier_A,3468
7985,google,Tier_A,1911
7986,google,Tier_A,736
7987,google,Tier_A,2262
7988,google,Tier_A,381
7989,google,Tier_A,2771
7990,google,Tier_A,1541
7991,google,Tier_A,2559
7992,google,Tier_A,2043
7993,google,Tier_A,2477
7994,google,Tier_A,2594
7995,google,Tier_A,3481
7996,google,Tier_A,3271
7997,google,Tier_A,2206
7998,google,Tier_A,3191
7999,google,Tier_A,2648
8000,google,Tier_A,3398
8001,google,Tier_A,3108
8002,google,Tier_A,2685
8003,google,Tier_A,1669
8004,google,Tier_A,2119
8005,google,Tier_A,1668
8006,google,Tier_A,3494
8007,google,Tier_A,2578
8008,google,Tier_A,761
8009,google,Tier_A,2033
8010,google,Tier_A,1227
8011,google,Tier_A,3185
8012,google,Tier_A,2731
8013,google,Tier_A,1407
8014,google,Tier_A,1873
8015,google,Tier_A,2780
8016,google,Tier_A,749
8017,google,Tier_A,3303
8018,google,Tier_A,2503
8019,google,Tier_A,1710
8020,google,Tier_A,3149
8021,google,Tier_A,967
8022,google,Tier_A,3304
8023,google,Tier_A,2818
8024,google,Tier_A,2575
8025,google,Tier_A,3240
8026,google,Tier_A,2572
8027,google,Tier_A,2481
8028,google,Tier_A,2069
8029,google,Tier_A,1952
8030,google,Tier_A,2140
8031,google,Tier_A,2551
8032,google,Tier_A,2873
8033,google,Tier_A,195
8034,google,Tier_A,2573
8035,google,Tier_A,3489
8036,google,Tier_A,2727
8037,google,Tier_A,2634
8038,google,Tier_A,2874
8039,google,Tier_A,132
8040,google,Tier_A,1123
8041,google,Tier_A,858
8042,google,Tier_A,449
8043,google,Tier_A,848
8044,google,Tier_A,3396
8045,google,Tier_A,2357
8046,google,Tier_A,2227
8047,google,Tier_A,3375
8048,google,Tier_A,2999
8049,google,Tier_A,3264
8050,google,Tier_A,3272
8051,google,Tier_A,285
8052,google,Tier_A,1534
8053,google,Tier_A,2319
8054,google,Tier_A,2179
8055,google,Tier_A,2277
8056,google,Tier_A,2138
8057,google,Tier_A,1179
8058,google,Tier_A,2176
8059,google,Tier_A,3507
8060,google,Tier_A,2787
8061,google,Tier_A,1882
8062,google,Tier_A,1527
8063,google,Tier_A,3486
8064,google,Tier_A,674
8065,google,Tier_A,3523
8066,google,Tier_A,2062
8067,google,Tier_A,2145
8068,google,Tier_A,924
8069,google,Tier_A,3250
8070,google,Tier_A,2338
8071,google,Tier_A,791
8072,google,Tier_A,2799
8073,google,Tier_A,1399
8074,google,Tier_A,1762
8075,google,Tier_A,3424
8076,google,Tier_A,2040
8077,google,Tier_A,3370
8078,google,Tier_A,3392
8079,google,Tier_A,3532
8080,google,Tier_A,2614
8081,google,Tier_A,3529
8082,google,Tier_A,999
8083,google,Tier_A,1060
8084,google,Tier_A,2781
8085,google,Tier_A,2962
8086,google,Tier_A,2071
8087,google,Tier_A,1537
8088,google,Tier_A,492
8089,google,Tier_A,1128
8090,google,Tier_A,3537
8091,google,Tier_A,3538
8092,google,Tier_A,3342
8093,google,Tier_A,1690
8094,google,Tier_A,3343
8095,google,Tier_A,2918
8096,google,Tier_A,2850
8097,google,Tier_A,3381
8098,google,Tier_A,1102
8099,google,Tier_A,3541
8100,google,Tier_A,3335
8101,google,Tier_A,797
8102,google,Tier_A,1242
8103,google,Tier_A,795
8104,google,Tier_A,510
8105,google,Tier_A,3551
8106,google,Tier_A,1992
8107,google,Tier_A,1041
8108,google,Tier_A,1374
8109,google,Tier_A,464
8110,google,Tier_A,976
8111,google,Tier_A,2942
8112,google,Tier_A,3536
8113,google,Tier_A,2500
8114,google,Tier_A,1396
8115,google,Tier_A,1890
8116,google,Tier_A,183
8117,google,Tier_A,3372
8118,google,Tier_A,984
8119,google,Tier_A,972
8120,google,Tier_A,3373
8121,google,Tier_A,1563
8122,google,Tier_A,2359
8123,google,Tier_A,2929
8124,google,Tier_A,1523
8125,google,Tier_A,1298
8126,google,Tier_A,3361
8127,google,Tier_A,1061
8128,google,Tier_A,3403
8129,google,Tier_A,1239
8130,google,Tier_A,923
8131,google,Tier_A,3452
8132,google,Tier_A,3170
8133,google,Tier_A,720
8134,google,Tier_A,2169
8135,google,Tier_A,3574
8136,google,Tier_A,396
8137,google,Tier_A,3445
8138,google,Tier_A,3442
8139,google,Tier_A,3573
8140,google,Tier_A,1787
8141,google,Tier_A,499
8142,google,Tier_A,3423
8143,google,Tier_A,1649
8144,google,Tier_A,2566
8145,google,Tier_A,1432
8146,google,Tier_A,1995
8147,google,Tier_A,2081
8148,google,Tier_A,3483
8149,google,Tier_A,1349
8150,google,Tier_A,822
8151,google,Tier_A,2485
8152,google,Tier_A,3405
8153,google,Tier_A,1779
8154,google,Tier_A,3585
8155,google,Tier_A,244
8156,google,Tier_A,996
8157,google,Tier_A,2294
8158,google,Tier_A,3085
8159,google,Tier_A,3593
8160,google,Tier_A,3588
8161,google,Tier_A,2389
8162,google,Tier_A,3592
8163,google,Tier_A,3049
8164,google,Tier_A,1755
8165,google,Tier_A,1685
8166,google,Tier_A,1588
8167,google,Tier_A,1402
8168,google,Tier_A,2014
8169,google,Tier_A,2233
8170,google,Tier_A,2099
8171,google,Tier_A,3597
8172,google,Tier_A,262
8173,google,Tier_A,491
8174,google,Tier_A,467
8175,google,Tier_A,468
8176,google,Tier_A,575
8177,google,Tier_A,3330
8178,google,Tier_A,3333
8179,google,Tier_A,3307
8180,google,Tier_A,3503
8181,google,Tier_A,811
8182,google,Tier_A,1394
8183,google,Tier_A,466
8184,google,Tier_A,1865
8185,google,Tier_A,961
8186,google,Tier_A,3046
8187,google,Tier_A,1985
8188,google,Tier_A,1695
8189,google,Tier_A,473
8190,google,Tier_A,2410
8191,google,Tier_A,2386
8192,google,Tier_A,3613
8193,google,Tier_A,1443
8194,google,Tier_A,3136
8195,google,Tier_A,1111
8196,google,Tier_A,989
8197,google,Tier_A,2163
8198,google,Tier_A,184
8199,google,Tier_A,1416
8200,google,Tier_A,2677
8201,google,Tier_A,730
8202,google,Tier_A,2574
8203,google,Tier_A,3625
8204,google,Tier_A,2365
8205,google,Tier_A,3623
8206,google,Tier_A,3417
8207,google,Tier_A,2322
8208,google,Tier_A,3227
8209,google,Tier_A,1013
8210,google,Tier_A,3619
8211,google,Tier_A,3578
8212,google,Tier_A,3487
8213,google,Tier_A,511
8214,google,Tier_A,3480
8215,google,Tier_A,714
8216,google,Tier_A,2411
8217,google,Tier_A,3589
8218,google,Tier_A,784
8219,google,Tier_A,194
8220,google,Tier_A,3630
8221,google,Tier_A,2561
8222,google,Tier_A,2106
8223,google,Tier_A,2231
8224,google,Tier_A,1466
8225,google,Tier_A,3477
8226,google,Tier_A,3479
8227,google,Tier_A,3363
8228,google,Tier_A,2603
8229,google,Tier_A,2325
8230,google,Tier_A,1370
8231,google,Tier_A,1478
8232,google,Tier_A,895
8233,google,Tier_A,869
8234,google,Tier_A,3646
8235,google,Tier_A,3645
8236,google,Tier_A,1473
8237,google,Tier_A,2438
8238,google,Tier_A,3366
8239,google,Tier_A,3463
8240,google,Tier_A,640
8241,google,Tier_A,1169
8242,google,Tier_A,3636
8243,google,Tier_A,2065
8244,google,Tier_A,1323
8245,google,Tier_A,677
8246,google,Tier_A,599
8247,google,Tier_A,1837
8248,google,Tier_A,3195
8249,google,Tier_A,3197
8250,google,Tier_A,2156
8251,google,Tier_A,1031
8252,google,Tier_A,3659
8253,google,Tier_A,3000
8254,google,Tier_A,3412
8255,google,Tier_A,937
8256,google,Tier_A,3446
8257,google,Tier_A,3194
8258,google,Tier_A,2996
8259,google,Tier_A,3320
8260,google,Tier_A,3021
8261,google,Tier_A,1778
8262,google,Tier_A,868
8263,google,Tier_A,693
8264,google,Tier_A,3516
8265,google,Tier_A,2956
8266,google,Tier_A,3495
8267,google,Tier_A,2749
8268,google,Tier_A,3671
8269,google,Tier_A,2637
8270,google,Tier_A,1317
8271,google,Tier_A,2327
8272,google,Tier_A,3411
8273,google,Tier_A,1733
8274,google,Tier_A,1116
8275,google,Tier_A,3676
8276,google,Tier_A,2887
8277,google,Tier_A,966
8278,google,Tier_A,2197
8279,google,Tier_A,1935
8280,google,Tier_A,2002
8281,google,Tier_A,602
8282,google,Tier_A,3686
8283,google,Tier_A,3238
8284,google,Tier_A,3685
8285,google,Tier_A,3669
8286,google,Tier_A,1112
8287,google,Tier_A,3484
8288,google,Tier_A,3508
8289,google,Tier_A,2716
8290,google,Tier_A,3289
8291,google,Tier_A,1263
8292,google,Tier_A,3534
8293,google,Tier_A,3648
8294,google,Tier_A,3665
8295,google,Tier_A,3650
8296,google,Tier_A,2433
8297,google,Tier_A,2148
8298,google,Tier_A,3382
8299,google,Tier_A,1486
8300,google,Tier_A,3100
8301,google,Tier_A,1282
8302,google,Tier_A,3006
8303,google,Tier_A,3504
8304,google,Tier_A,3695
8305,google,Tier_A,3698
8306,google,Tier_A,2651
8307,google,Tier_A,2300
8308,google,Tier_A,1335
8309,google,Tier_A,2939
8310,google,Tier_A,156
8311,google,Tier_A,2273
8312,google,Tier_A,566
8313,google,Tier_A,1723
8314,google,Tier_A,805
8315,google,Tier_A,3715
8316,google,Tier_A,1928
8317,google,Tier_A,3461
8318,google,Tier_A,2048
8319,google,Tier_A,2529
8320,google,Tier_A,3354
8321,google,Tier_A,3720
8322,google,Tier_A,723
8323,google,Tier_A,2056
8324,google,Tier_A,890
8325,google,Tier_A,1895
8326,google,Tier_A,3321
8327,google,Tier_A,3469
8328,google,Tier_A,3733
8329,google,Tier_A,2595
8330,google,Tier_A,3607
8331,google,Tier_A,2528
8332,google,Tier_A,1611
8333,google,Tier_A,1964
8334,google,Tier_A,3492
8335,google,Tier_A,3542
8336,google,Tier_A,2654
8337,google,Tier_A,3738
8338,google,Tier_A,3421
8339,google,Tier_A,600
8340,google,Tier_A,915
8341,google,Tier_A,2164
8342,google,Tier_A,3747
8343,google,Tier_A,1688
8344,google,Tier_A,1437
8345,google,Tier_A,2659
8346,google,Tier_A,2154
8347,google,Tier_A,717
8348,google,Tier_A,1036
8349,google,Tier_A,1465
8350,google,Tier_A,3471
8351,google,Tier_A,2320
8352,google,Tier_A,757
8353,google,Tier_A,3550
8354,google,Tier_A,1262
8355,google,Tier_A,1018
8356,google,Tier_A,1050
8357,google,Tier_A,1502
8358,google,Tier_A,3756
8359,google,Tier_A,1626
8360,google,Tier_A,3512
8361,google,Tier_A,1949
8362,google,Tier_A,3432
8363,google,Tier_A,2211
8364,google,Tier_A,669
8365,google,Tier_A,1606
8366,google,Tier_A,3751
8367,google,Tier_A,3770
8368,google,Tier_A,3614
8369,google,Tier_A,1925
8370,google,Tier_A,3583
8371,google,Tier_A,3577
8372,google,Tier_A,488
8373,google,Tier_A,3531
8374,google,Tier_A,3606
8375,google,Tier_A,2110
8376,google,Tier_A,2778
8377,google,Tier_A,3562
8378,google,Tier_A,2496
8379,google,Tier_A,1244
8380,google,Tier_A,2195
8381,google,Tier_A,3074
8382,google,Tier_A,3664
8383,google,Tier_A,3075
8384,google,Tier_A,2535
8385,google,Tier_A,991
8386,google,Tier_A,1084
8387,google,Tier_A,3499
8388,google,Tier_A,2625
8389,google,Tier_A,1411
8390,google,Tier_A,1390
8391,google,Tier_A,751
8392,google,Tier_A,3731
8393,google,Tier_A,3438
8394,google,Tier_A,2630
8395,google,Tier_A,1339
8396,google,Tier_A,1458
8397,google,Tier_A,1603
8398,google,Tier_A,3545
8399,google,Tier_A,865
8400,google,Tier_A,956
8401,google,Tier_A,712
8402,google,Tier_A,978
8403,google,Tier_A,1329
8404,google,Tier_A,2791
8405,google,Tier_A,3803
8406,google,Tier_A,1932
8407,google,Tier_A,3805
8408,google,Tier_A,1172
8409,google,Tier_A,2975
8410,google,Tier_A,3348
8411,google,Tier_A,2943
8412,google,Tier_A,1160
8413,google,Tier_A,2225
8414,google,Tier_A,1162
8415,google,Tier_A,3815
8416,google,Tier_A,3314
8417,google,Tier_A,1191
8418,google,Tier_A,3014
8419,google,Tier_A,1801
8420,google,Tier_A,3510
8421,google,Tier_A,1877
8422,google,Tier_A,2622
8423,google,Tier_A,2789
8424,google,Tier_A,1641
8425,google,Tier_A,3821
8426,google,Tier_A,3651
8427,google,Tier_A,2977
8428,google,Tier_A,3010
8429,google,Tier_A,3637
8430,google,Tier_A,3599
8431,google,Tier_A,3013
8432,google,Tier_A,908
8433,google,Tier_A,3498
8434,google,Tier_A,3640
8435,google,Tier_A,3824
8436,google,Tier_A,3379
8437,google,Tier_A,3634
8438,google,Tier_A,2968
8439,google,Tier_A,1321
8440,google,Tier_A,3719
8441,google,Tier_A,3721
8442,google,Tier_A,3713
8443,google,Tier_A,3714
8444,google,Tier_A,2269
8445,google,Tier_A,2391
8446,google,Tier_A,1796
8447,google,Tier_A,3475
8448,google,Tier_A,601
8449,google,Tier_A,3586
8450,google,Tier_A,2470
8451,google,Tier_A,3743
8452,google,Tier_A,3732
8453,google,Tier_A,2768
8454,google,Tier_A,2344
8455,google,Tier_A,762
8456,google,Tier_A,2090
8457,google,Tier_A,1022
8458,google,Tier_A,3336
8459,google,Tier_A,1309
8460,google,Tier_A,3666
8461,google,Tier_A,1158
8462,google,Tier_A,1680
8463,google,Tier_A,1689
8464,google,Tier_A,2358
8465,google,Tier_A,1784
8466,google,Tier_A,3850
8467,google,Tier_A,3658
8468,google,Tier_A,3858
8469,google,Tier_A,3129
8470,google,Tier_A,2895
8471,google,Tier_A,2591
8472,google,Tier_A,3296
8473,google,Tier_A,1583
8474,google,Tier_A,3600
8475,google,Tier_A,2074
8476,google,Tier_A,1878
8477,google,Tier_A,3070
8478,google,Tier_A,3567
8479,google,Tier_A,3643
8480,google,Tier_A,3875
8481,google,Tier_A,1318
8482,google,Tier_A,3212
8483,google,Tier_A,1017
8484,google,Tier_A,2906
8485,google,Tier_A,3546
8486,google,Tier_A,3548
8487,google,Tier_A,2946
8488,google,Tier_A,2839
8489,google,Tier_A,3490
8490,google,Tier_A,2840
8491,google,Tier_A,1795
8492,google,Tier_A,1693
8493,google,Tier_A,3474
8494,google,Tier_A,2368
8495,google,Tier_A,3710
8496,google,Tier_A,3418
8497,google,Tier_A,398
8498,google,Tier_A,2075
8499,google,Tier_A,902
8500,google,Tier_A,874
8501,google,Tier_A,2715
8502,google,Tier_A,2097
8503,google,Tier_A,3740
8504,google,Tier_A,3882
8505,google,Tier_A,3741
8506,google,Tier_A,3266
8507,google,Tier_A,3896
8508,google,Tier_A,1848
8509,google,Tier_A,3894
8510,google,Tier_A,2858
8511,google,Tier_A,3488
8512,google,Tier_A,2400
8513,google,Tier_A,3448
8514,google,Tier_A,3862
8515,google,Tier_A,3761
8516,google,Tier_A,3783
8517,google,Tier_A,3723
8518,google,Tier_A,1195
8519,google,Tier_A,3900
8520,google,Tier_A,2801
8521,google,Tier_A,738
8522,google,Tier_A,2833
8523,google,Tier_A,3464
8524,google,Tier_A,1391
8525,google,Tier_A,2772
8526,google,Tier_A,3225
8527,google,Tier_A,3742
8528,google,Tier_A,3082
8529,google,Tier_A,3660
8530,google,Tier_A,3629
8531,google,Tier_A,161
8532,google,Tier_A,1914
8533,google,Tier_A,1429
8534,google,Tier_A,2553
8535,google,Tier_A,1665
8536,google,Tier_A,1674
8537,google,Tier_A,2784
8538,google,Tier_A,3569
8539,google,Tier_A,654
8540,google,Tier_A,607
8541,google,Tier_A,3932
8542,google,Tier_A,3935
8543,google,Tier_A,1129
8544,gopuff,Tier_C,513
8545,gopuff,Tier_C,1353
8546,goto,Tier_C,15
8547,grab,Tier_C,983
8548,grab,Tier_C,1
8549,grab,Tier_C,1073
8550,grab,Tier_C,2086
8551,grab,Tier_C,146
8552,grab,Tier_C,1253
8553,grab,Tier_C,20
8554,grab,Tier_C,71
8555,grab,Tier_C,739
8556,grab,Tier_C,1404
8557,grab,Tier_C,721
8558,grab,Tier_C,560
8559,grab,Tier_C,198
8560,grammarly,Tier_C,139
8561,grammarly,Tier_C,140
8562,grammarly,Tier_C,22
8563,grammarly,Tier_C,1209
8564,grammarly,Tier_C,56
8565,grammarly,Tier_C,187
8566,grammarly,Tier_C,70
8567,grammarly,Tier_C,200
8568,grammarly,Tier_C,79
8569,grammarly,Tier_C,1047
8570,grammarly,Tier_C,966
8571,grammarly,Tier_C,507
8572,grammarly,Tier_C,380
8573,grammarly,Tier_C,359
8574,grammarly,Tier_C,33
8575,grammarly,Tier_C,404
8576,grammarly,Tier_C,761
8577,grammarly,Tier_C,2075
8578,grammarly,Tier_C,150
8579,grammarly,Tier_C,208
8580,grammarly,Tier_C,3035
8581,grammarly,Tier_C,69
8582,grammarly,Tier_C,42
8583,grammarly,Tier_C,62
8584,grammarly,Tier_C,1461
8585,grammarly,Tier_C,35
8586,grammarly,Tier_C,435
8587,grammarly,Tier_C,2054
8588,graviton,Tier_C,841
8589,graviton,Tier_C,207
8590,graviton,Tier_C,968
8591,graviton,Tier_C,179
8592,graviton,Tier_C,91
8593,graviton,Tier_C,2603
8594,graviton,Tier_C,542
8595,groupon,Tier_C,1648
8596,groupon,Tier_C,45
8597,groww,Tier_C,2998
8598,groww,Tier_C,121
8599,groww,Tier_C,3026
8600,groww,Tier_C,11
8601,groww,Tier_C,1239
8602,grubhub,Tier_C,56
8603,grubhub,Tier_C,695
8604,gsa-capital,Tier_C,2462
8605,gsa-capital,Tier_C,221
8606,gsn-games,Tier_C,1097
8607,gsn-games,Tier_C,511
8608,gsn-games,Tier_C,512
8609,gsn-games,Tier_C,534
8610,gsn-games,Tier_C,550
8611,guidewire,Tier_C,1311
8612,guidewire,Tier_C,2850
8613,guidewire,Tier_C,2471
8614,guidewire,Tier_C,2745
8615,guidewire,Tier_C,1324
8616,gusto,Tier_C,273
8617,gusto,Tier_C,616
8618,gusto,Tier_C,981
8619,gusto,Tier_C,198
8620,gusto,Tier_C,2591
8621,harness,Tier_C,41
8622,harness,Tier_C,76
8623,harness,Tier_C,16
8624,harness,Tier_C,3878
8625,hashedin,Tier_B,3143
8626,hashedin,Tier_B,2999
8627,hashedin,Tier_B,3012
8628,hashedin,Tier_B,3051
8629,hashedin,Tier_B,3052
8630,hashedin,Tier_B,42
8631,hashedin,Tier_B,53
8632,hashedin,Tier_B,2448
8633,hashedin,Tier_B,31
8634,hashedin,Tier_B,810
8635,hashedin,Tier_B,45
8636,hashedin,Tier_B,55
8637,hashedin,Tier_B,526
8638,hashedin,Tier_B,200
8639,hashedin,Tier_B,2594
8640,hashedin,Tier_B,152
8641,hashedin,Tier_B,72
8642,hashedin,Tier_B,205
8643,hashedin,Tier_B,49
8644,hashedin,Tier_B,11
8645,hashedin,Tier_B,875
8646,hashedin,Tier_B,5
8647,hashedin,Tier_B,14
8648,hashedin,Tier_B,188
8649,hashedin,Tier_B,739
8650,hashedin,Tier_B,992
8651,hashedin,Tier_B,974
8652,hashedin,Tier_B,3
8653,hashedin,Tier_B,394
8654,hashedin,Tier_B,1
8655,hashedin,Tier_B,125
8656,hashedin,Tier_B,1505
8657,hashedin,Tier_B,93
8658,hbo,Tier_C,341
8659,hcl,Tier_C,20
8660,hcl,Tier_C,1
8661,hcl,Tier_C,3
8662,hcl,Tier_C,15
8663,hcl,Tier_C,88
8664,hcl,Tier_C,344
8665,hcl,Tier_C,176
8666,hcl,Tier_C,185
8667,hcl,Tier_C,125
8668,hcl,Tier_C,5
8669,hcl,Tier_C,647
8670,hcl,Tier_C,151
8671,hcl,Tier_C,53
8672,hcl,Tier_C,121
8673,hcl,Tier_C,268
8674,hcl,Tier_C,209
8675,helix,Tier_C,696
8676,highspot,Tier_C,227
8677,hilabs,Tier_C,3003
8678,hilabs,Tier_C,1518
8679,hilabs,Tier_C,1106
8680,hive,Tier_C,912
8681,hive,Tier_C,200
8682,hive,Tier_C,297
8683,hive,Tier_C,1162
8684,hive,Tier_C,42
8685,hive,Tier_C,68
8686,honey,Tier_C,1239
8687,honeywell,Tier_C,1848
8688,honeywell,Tier_C,1975
8689,honeywell,Tier_C,2747
8690,honeywell,Tier_C,1
8691,hopper,Tier_C,332
8692,hotstar,Tier_C,927
8693,houzz,Tier_C,660
8694,houzz,Tier_C,772
8695,hp,Tier_C,2087
8696,hp,Tier_C,409
8697,hp,Tier_C,2379
8698,hp,Tier_C,20
8699,hpe,Tier_C,21
8700,hpe,Tier_C,39
8701,hpe,Tier_C,70
8702,hpe,Tier_C,5
8703,hrt,Tier_C,2508
8704,hrt,Tier_C,2246
8705,hrt,Tier_C,2285
8706,hrt,Tier_C,1566
8707,hrt,Tier_C,1317
8708,hrt,Tier_C,1342
8709,hrt,Tier_C,1323
8710,hrt,Tier_C,3225
8711,hrt,Tier_C,14
8712,hsbc,Tier_C,121
8713,hsbc,Tier_C,14
8714,hsbc,Tier_C,5
8715,hsbc,Tier_C,70
8716,hsbc,Tier_C,1323
8717,hsbc,Tier_C,419
8718,htc,Tier_C,787
8719,htc,Tier_C,1512
8720,htc,Tier_C,509
8721,htc,Tier_C,118
8722,htc,Tier_C,605
8723,huawei,Tier_C,1
8724,huawei,Tier_C,20
8725,huawei,Tier_C,2617
8726,huawei,Tier_C,200
8727,huawei,Tier_C,1702
8728,huawei,Tier_C,394
8729,huawei,Tier_C,22
8730,huawei,Tier_C,21
8731,huawei,Tier_C,53
8732,huawei,Tier_C,5
8733,huawei,Tier_C,51
8734,huawei,Tier_C,402
8735,huawei,Tier_C,300
8736,huawei,Tier_C,42
8737,huawei,Tier_C,11
8738,huawei,Tier_C,23
8739,huawei,Tier_C,141
8740,hubspot,Tier_C,1
8741,hubspot,Tier_C,1297
8742,hubspot,Tier_C,21
8743,hubspot,Tier_C,88
8744,hubspot,Tier_C,347
8745,hubspot,Tier_C,23
8746,hubspot,Tier_C,56
8747,hubspot,Tier_C,2386
8748,hubspot,Tier_C,253
8749,hubspot,Tier_C,277
8750,hubspot,Tier_C,2043
8751,hubspot,Tier_C,2623
8752,hulu,Tier_C,1063
8753,hulu,Tier_C,772
8754,hulu,Tier_C,814
8755,hulu,Tier_C,371
8756,hulu,Tier_C,440
8757,ibm,Tier_A,1
8758,ibm,Tier_A,3
8759,ibm,Tier_A,4
8760,ibm,Tier_A,5
8761,ibm,Tier_A,9
8762,ibm,Tier_A,12
8763,ibm,Tier_A,13
8764,ibm,Tier_A,14
8765,ibm,Tier_A,17
8766,ibm,Tier_A,20
8767,ibm,Tier_A,48
8768,ibm,Tier_A,49
8769,ibm,Tier_A,53
8770,ibm,Tier_A,2904
8771,ibm,Tier_A,88
8772,ibm,Tier_A,2907
8773,ibm,Tier_A,121
8774,ibm,Tier_A,128
8775,ibm,Tier_A,2921
8776,ibm,Tier_A,146
8777,ibm,Tier_A,169
8778,ibm,Tier_A,2964
8779,ibm,Tier_A,189
8780,ibm,Tier_A,238
8781,ibm,Tier_A,3024
8782,ibm,Tier_A,253
8783,ibm,Tier_A,1200
8784,ibm,Tier_A,3096
8785,ibm,Tier_A,1208
8786,ibm,Tier_A,3147
8787,ibm,Tier_A,3107
8788,ibm,Tier_A,3145
8789,ibm,Tier_A,3175
8790,ibm,Tier_A,3159
8791,ibm,Tier_A,412
8792,ibm,Tier_A,443
8793,ibm,Tier_A,2432
8794,ibm,Tier_A,1355
8795,ibm,Tier_A,1395
8796,ibm,Tier_A,2455
8797,ibm,Tier_A,2545
8798,ibm,Tier_A,2598
8799,ibm,Tier_A,636
8800,ibm,Tier_A,2562
8801,ibm,Tier_A,1710
8802,ibm,Tier_A,1834
8803,ibm,Tier_A,3223
8804,ibm,Tier_A,696
8805,ibm,Tier_A,2972
8806,ibm,Tier_A,98
8807,ibm,Tier_A,2580
8808,ibm,Tier_A,1319
8809,ibm,Tier_A,560
8810,ibm,Tier_A,78
8811,ibm,Tier_A,2559
8812,ibm,Tier_A,70
8813,ibm,Tier_A,2734
8814,ibm,Tier_A,844
8815,ibm,Tier_A,2461
8816,ibm,Tier_A,153
8817,ibm,Tier_A,2602
8818,ibm,Tier_A,54
8819,ibm,Tier_A,832
8820,ibm,Tier_A,2950
8821,ibm,Tier_A,51
8822,ibm,Tier_A,926
8823,ibm,Tier_A,2587
8824,ibm,Tier_A,1888
8825,ibm,Tier_A,2134
8826,ibm,Tier_A,56
8827,ibm,Tier_A,3130
8828,ibm,Tier_A,2506
8829,ibm,Tier_A,2451
8830,ibm,Tier_A,2390
8831,ibm,Tier_A,2696
8832,ibm,Tier_A,2406
8833,ibm,Tier_A,242
8834,ibm,Tier_A,15
8835,ibm,Tier_A,453
8836,ibm,Tier_A,268
8837,ibm,Tier_A,1974
8838,ibm,Tier_A,2038
8839,ibm,Tier_A,259
8840,ibm,Tier_A,3295
8841,ibm,Tier_A,1910
8842,ibm,Tier_A,3402
8843,ibm,Tier_A,210
8844,ibm,Tier_A,767
8845,ibm,Tier_A,2231
8846,ibm,Tier_A,1768
8847,ibm,Tier_A,2948
8848,ibm,Tier_A,200
8849,ibm,Tier_A,724
8850,ibm,Tier_A,1752
8851,ibm,Tier_A,1539
8852,ibm,Tier_A,7
8853,ibm,Tier_A,1051
8854,ibm,Tier_A,206
8855,ibm,Tier_A,451
8856,ibm,Tier_A,1413
8857,ibm,Tier_A,217
8858,ibm,Tier_A,845
8859,ibm,Tier_A,89
8860,ibm,Tier_A,76
8861,ibm,Tier_A,151
8862,ibm,Tier_A,66
8863,ibm,Tier_A,1283
8864,ibm,Tier_A,67
8865,ibm,Tier_A,135
8866,ibm,Tier_A,1004
8867,ibm,Tier_A,901
8868,ibm,Tier_A,33
8869,ibm,Tier_A,11
8870,ibm,Tier_A,283
8871,ibm,Tier_A,141
8872,ibm,Tier_A,350
8873,ibm,Tier_A,79
8874,ibm,Tier_A,1963
8875,ibm,Tier_A,1163
8876,ibm,Tier_A,921
8877,ibm,Tier_A,35
8878,ibm,Tier_A,45
8879,ibm,Tier_A,1167
8880,ibm,Tier_A,475
8881,ibm,Tier_A,1052
8882,ibm,Tier_A,23
8883,ibm,Tier_A,1802
8884,ibm,Tier_A,1604
8885,ibm,Tier_A,239
8886,ibm,Tier_A,1518
8887,ibm,Tier_A,876
8888,ibm,Tier_A,26
8889,ibm,Tier_A,155
8890,ibm,Tier_A,31
8891,ibm,Tier_A,735
8892,ibm,Tier_A,2220
8893,ibm,Tier_A,754
8894,ibm,Tier_A,994
8895,ibm,Tier_A,435
8896,ibm,Tier_A,322
8897,ibm,Tier_A,1046
8898,ibm,Tier_A,2405
8899,ibm,Tier_A,71
8900,ibm,Tier_A,680
8901,ibm,Tier_A,3627
8902,ibm,Tier_A,2193
8903,ibm,Tier_A,881
8904,ibm,Tier_A,1526
8905,ibm,Tier_A,1685
8906,ibm,Tier_A,1513
8907,ibm,Tier_A,387
8908,ibm,Tier_A,1877
8909,ibm,Tier_A,2
8910,ibm,Tier_A,2273
8911,ibm,Tier_A,42
8912,ibm,Tier_A,32
8913,ibm,Tier_A,1312
8914,ibm,Tier_A,763
8915,ibm,Tier_A,2429
8916,ibm,Tier_A,22
8917,ibm,Tier_A,215
8918,ibm,Tier_A,485
8919,ibm,Tier_A,875
8920,ibm,Tier_A,1758
8921,ibm,Tier_A,3521
8922,ibm,Tier_A,647
8923,ibm,Tier_A,72
8924,ibm,Tier_A,371
8925,ibm,Tier_A,992
8926,ibm,Tier_A,2402
8927,ibm,Tier_A,75
8928,ibm,Tier_A,152
8929,ibm,Tier_A,1838
8930,ibm,Tier_A,191
8931,ibm,Tier_A,2116
8932,ibm,Tier_A,202
8933,ibm,Tier_A,347
8934,ibm,Tier_A,941
8935,iit-bombay,Tier_C,861
8936,imc,Tier_C,735
8937,imc,Tier_C,1292
8938,imc,Tier_C,1293
8939,imc,Tier_C,155
8940,imc,Tier_C,1889
8941,imc,Tier_C,761
8942,impact-analytics,Tier_C,121
8943,impetus,Tier_C,26
8944,increff,Tier_C,316
8945,indeed,Tier_C,985
8946,indeed,Tier_C,563
8947,indeed,Tier_C,2547
8948,indeed,Tier_C,2225
8949,indeed,Tier_C,453
8950,indeed,Tier_C,2133
8951,indeed,Tier_C,346
8952,info-edge,Tier_C,2058
8953,info-edge,Tier_C,3334
8954,info-edge,Tier_C,5
8955,info-edge,Tier_C,815
8956,info-edge,Tier_C,1476
8957,info-edge,Tier_C,3265
8958,info-edge,Tier_C,2032
8959,info-edge,Tier_C,75
8960,informatica,Tier_C,994
8961,informatica,Tier_C,155
8962,infosys,Tier_A,1
8963,infosys,Tier_A,2
8964,infosys,Tier_A,3
8965,infosys,Tier_A,5
8966,infosys,Tier_A,7
8967,infosys,Tier_A,9
8968,infosys,Tier_A,11
8969,infosys,Tier_A,12
8970,infosys,Tier_A,14
8971,infosys,Tier_A,15
8972,infosys,Tier_A,20
8973,infosys,Tier_A,21
8974,infosys,Tier_A,25
8975,infosys,Tier_A,26
8976,infosys,Tier_A,1946
8977,infosys,Tier_A,31
8978,infosys,Tier_A,39
8979,infosys,Tier_A,42
8980,infosys,Tier_A,49
8981,infosys,Tier_A,53
8982,infosys,Tier_A,70
8983,infosys,Tier_A,72
8984,infosys,Tier_A,88
8985,infosys,Tier_A,2940
8986,infosys,Tier_A,121
8987,infosys,Tier_A,134
8988,infosys,Tier_A,176
8989,infosys,Tier_A,189
8990,infosys,Tier_A,1124
8991,infosys,Tier_A,198
8992,infosys,Tier_A,200
8993,infosys,Tier_A,2233
8994,infosys,Tier_A,344
8995,infosys,Tier_A,69
8996,infosys,Tier_A,3165
8997,infosys,Tier_A,2338
8998,infosys,Tier_A,2382
8999,infosys,Tier_A,2418
9000,infosys,Tier_A,2457
9001,infosys,Tier_A,2463
9002,infosys,Tier_A,2445
9003,infosys,Tier_A,1540
9004,infosys,Tier_A,2597
9005,infosys,Tier_A,2612
9006,infosys,Tier_A,2829
9007,infosys,Tier_A,853
9008,infosys,Tier_A,1798
9009,infosys,Tier_A,2827
9010,infosys,Tier_A,2834
9011,infosys,Tier_A,1872
9012,infosys,Tier_A,509
9013,infosys,Tier_A,322
9014,infosys,Tier_A,48
9015,infosys,Tier_A,40
9016,infosys,Tier_A,125
9017,infosys,Tier_A,215
9018,infosys,Tier_A,167
9019,infosys,Tier_A,2149
9020,infosys,Tier_A,912
9021,infosys,Tier_A,1378
9022,infosys,Tier_A,54
9023,infosys,Tier_A,128
9024,infosys,Tier_A,22
9025,infosys,Tier_A,238
9026,infosys,Tier_A,151
9027,infosys,Tier_A,3336
9028,infosys,Tier_A,28
9029,infosys,Tier_A,560
9030,infosys,Tier_A,242
9031,infosys,Tier_A,8
9032,infosys,Tier_A,104
9033,infosys,Tier_A,56
9034,infosys,Tier_A,122
9035,infosys,Tier_A,1431
9036,infosys,Tier_A,18
9037,infosys,Tier_A,3449
9038,infosys,Tier_A,3457
9039,infosys,Tier_A,76
9040,infosys,Tier_A,283
9041,infosys,Tier_A,78
9042,infosys,Tier_A,3467
9043,infosys,Tier_A,232
9044,infosys,Tier_A,33
9045,infosys,Tier_A,704
9046,infosys,Tier_A,13
9047,infosys,Tier_A,73
9048,infosys,Tier_A,34
9049,infosys,Tier_A,141
9050,infosys,Tier_A,196
9051,infosys,Tier_A,142
9052,infosys,Tier_A,303
9053,infosys,Tier_A,3575
9054,infosys,Tier_A,153
9055,infosys,Tier_A,992
9056,infosys,Tier_A,162
9057,infosys,Tier_A,349
9058,infosys,Tier_A,556
9059,infosys,Tier_A,3184
9060,infosys,Tier_A,234
9061,infosys,Tier_A,392
9062,infosys,Tier_A,118
9063,infosys,Tier_A,583
9064,infosys,Tier_A,541
9065,infosys,Tier_A,347
9066,infosys,Tier_A,3637
9067,infosys,Tier_A,994
9068,infosys,Tier_A,3640
9069,infosys,Tier_A,1922
9070,infosys,Tier_A,3653
9071,infosys,Tier_A,3655
9072,infosys,Tier_A,628
9073,infosys,Tier_A,945
9074,infosys,Tier_A,450
9075,infosys,Tier_A,3671
9076,infosys,Tier_A,3661
9077,infosys,Tier_A,2163
9078,infosys,Tier_A,1910
9079,infosys,Tier_A,77
9080,infosys,Tier_A,50
9081,infosys,Tier_A,1094
9082,infosys,Tier_A,3539
9083,infosys,Tier_A,10
9084,infosys,Tier_A,516
9085,infosys,Tier_A,2872
9086,infosys,Tier_A,1929
9087,infosys,Tier_A,92
9088,infosys,Tier_A,90
9089,infosys,Tier_A,258
9090,infosys,Tier_A,1235
9091,infosys,Tier_A,319
9092,infosys,Tier_A,410
9093,infosys,Tier_A,2259
9094,infosys,Tier_A,840
9095,infosys,Tier_A,120
9096,infosys,Tier_A,30
9097,infosys,Tier_A,143
9098,infosys,Tier_A,767
9099,infosys,Tier_A,44
9100,infosys,Tier_A,1819
9101,infosys,Tier_A,300
9102,infosys,Tier_A,525
9103,infosys,Tier_A,150
9104,infosys,Tier_A,1838
9105,infosys,Tier_A,84
9106,infosys,Tier_A,6
9107,infosys,Tier_A,135
9108,infosys,Tier_A,977
9109,infosys,Tier_A,213
9110,infosys,Tier_A,231
9111,infosys,Tier_A,67
9112,infosys,Tier_A,3666
9113,infosys,Tier_A,739
9114,infosys,Tier_A,51
9115,infosys,Tier_A,32
9116,infosys,Tier_A,1498
9117,infosys,Tier_A,658
9118,infosys,Tier_A,46
9119,infosys,Tier_A,841
9120,infosys,Tier_A,41
9121,infosys,Tier_A,217
9122,infosys,Tier_A,1004
9123,infosys,Tier_A,55
9124,infosys,Tier_A,532
9125,infosys,Tier_A,328
9126,infosys,Tier_A,155
9127,infosys,Tier_A,75
9128,infosys,Tier_A,875
9129,infosys,Tier_A,179
9130,infosys,Tier_A,1376
9131,infosys,Tier_A,175
9132,infosys,Tier_A,169
9133,infosys,Tier_A,3901
9134,inmobi,Tier_C,754
9135,inmobi,Tier_C,763
9136,inmobi,Tier_C,2398
9137,inmobi,Tier_C,684
9138,inmobi,Tier_C,32
9139,inmobi,Tier_C,42
9140,inmobi,Tier_C,1377
9141,inmobi,Tier_C,488
9142,inmobi,Tier_C,664
9143,innovaccer,Tier_C,2535
9144,innovaccer,Tier_C,2667
9145,innovaccer,Tier_C,2073
9146,innovaccer,Tier_C,502
9147,instabase,Tier_C,2334
9148,instabase,Tier_C,208
9149,instabase,Tier_C,210
9150,instacart,Tier_C,2133
9151,instacart,Tier_C,977
9152,instacart,Tier_C,981
9153,instacart,Tier_C,34
9154,instacart,Tier_C,44
9155,instacart,Tier_C,1701
9156,instacart,Tier_C,3043
9157,instacart,Tier_C,2043
9158,instacart,Tier_C,49
9159,intel,Tier_C,1
9160,intel,Tier_C,3
9161,intel,Tier_C,20
9162,intel,Tier_C,42
9163,intel,Tier_C,138
9164,intel,Tier_C,151
9165,intel,Tier_C,200
9166,intel,Tier_C,204
9167,intel,Tier_C,2526
9168,intel,Tier_C,1614
9169,intel,Tier_C,146
9170,intel,Tier_C,9
9171,intel,Tier_C,11
9172,intel,Tier_C,48
9173,intel,Tier_C,125
9174,intel,Tier_C,53
9175,intel,Tier_C,155
9176,intel,Tier_C,238
9177,intel,Tier_C,229
9178,intel,Tier_C,234
9179,intel,Tier_C,509
9180,intel,Tier_C,236
9181,interactive-brokers,Tier_C,2303
9182,intercom,Tier_C,1348
9183,intuit,Tier_B,1
9184,intuit,Tier_B,983
9185,intuit,Tier_B,20
9186,intuit,Tier_B,22
9187,intuit,Tier_B,2915
9188,intuit,Tier_B,37
9189,intuit,Tier_B,49
9190,intuit,Tier_B,54
9191,intuit,Tier_B,994
9192,intuit,Tier_B,121
9193,intuit,Tier_B,139
9194,intuit,Tier_B,146
9195,intuit,Tier_B,155
9196,intuit,Tier_B,198
9197,intuit,Tier_B,210
9198,intuit,Tier_B,238
9199,intuit,Tier_B,2234
9200,intuit,Tier_B,300
9201,intuit,Tier_B,3148
9202,intuit,Tier_B,3088
9203,intuit,Tier_B,322
9204,intuit,Tier_B,347
9205,intuit,Tier_B,359
9206,intuit,Tier_B,2453
9207,intuit,Tier_B,2467
9208,intuit,Tier_B,2489
9209,intuit,Tier_B,628
9210,intuit,Tier_B,695
9211,intuit,Tier_B,770
9212,intuit,Tier_B,1698
9213,intuit,Tier_B,876
9214,intuit,Tier_B,929
9215,intuit,Tier_B,1319
9216,intuit,Tier_B,622
9217,intuit,Tier_B,1537
9218,intuit,Tier_B,354
9219,intuit,Tier_B,32
9220,intuit,Tier_B,673
9221,intuit,Tier_B,6
9222,intuit,Tier_B,85
9223,intuit,Tier_B,739
9224,intuit,Tier_B,215
9225,intuit,Tier_B,1760
9226,intuit,Tier_B,236
9227,intuit,Tier_B,31
9228,intuit,Tier_B,66
9229,intuit,Tier_B,283
9230,intuit,Tier_B,503
9231,intuit,Tier_B,759
9232,intuit,Tier_B,1647
9233,intuit,Tier_B,3619
9234,intuit,Tier_B,91
9235,intuit,Tier_B,787
9236,intuit,Tier_B,1091
9237,intuit,Tier_B,295
9238,intuit,Tier_B,125
9239,intuit,Tier_B,56
9240,intuit,Tier_B,380
9241,intuit,Tier_B,1411
9242,intuit,Tier_B,1931
9243,intuit,Tier_B,493
9244,intuit,Tier_B,647
9245,intuit,Tier_B,664
9246,intuit,Tier_B,3719
9247,intuit,Tier_B,465
9248,intuit,Tier_B,2812
9249,intuit,Tier_B,468
9250,intuit,Tier_B,772
9251,intuit,Tier_B,729
9252,intuit,Tier_B,70
9253,ivp,Tier_C,3376
9254,ivp,Tier_C,3385
9255,ixigo,Tier_C,380
9256,ixl,Tier_C,23
9257,ixl,Tier_C,295
9258,ixl,Tier_C,1465
9259,ixl,Tier_C,56
9260,ixl,Tier_C,592
9261,ixl,Tier_C,598
9262,ixl,Tier_C,353
9263,ixl,Tier_C,634
9264,ixl,Tier_C,380
9265,ixl,Tier_C,162
9266,ixl,Tier_C,166
9267,ixl,Tier_C,691
9268,ixl,Tier_C,1347
9269,ixl,Tier_C,227
9270,ixl,Tier_C,234
9271,ixl,Tier_C,717
9272,ixl,Tier_C,207
9273,jane-street,Tier_C,14
9274,jane-street,Tier_C,1032
9275,jane-street,Tier_C,2235
9276,jane-street,Tier_C,2809
9277,jane-street,Tier_C,874
9278,jane-street,Tier_C,2085
9279,jane-street,Tier_C,415
9280,jane-street,Tier_C,2296
9281,jane-street,Tier_C,495
9282,jane-street,Tier_C,20
9283,jane-street,Tier_C,146
9284,jane-street,Tier_C,1
9285,jane-street,Tier_C,1801
9286,jane-street,Tier_C,2
9287,jd,Tier_C,2999
9288,jeavio,Tier_C,2027
9289,jingchi,Tier_C,772
9290,jio,Tier_C,1
9291,jio,Tier_C,3013
9292,jio,Tier_C,3030
9293,jio,Tier_C,3372
9294,jio,Tier_C,3373
9295,jio,Tier_C,206
9296,jio,Tier_C,49
9297,josh-technology,Tier_B,1171
9298,josh-technology,Tier_B,283
9299,josh-technology,Tier_B,2181
9300,josh-technology,Tier_B,2606
9301,josh-technology,Tier_B,2134
9302,josh-technology,Tier_B,2824
9303,josh-technology,Tier_B,25
9304,josh-technology,Tier_B,2415
9305,josh-technology,Tier_B,513
9306,josh-technology,Tier_B,2130
9307,josh-technology,Tier_B,1448
9308,josh-technology,Tier_B,402
9309,josh-technology,Tier_B,179
9310,josh-technology,Tier_B,739
9311,josh-technology,Tier_B,1026
9312,josh-technology,Tier_B,49
9313,josh-technology,Tier_B,226
9314,josh-technology,Tier_B,54
9315,josh-technology,Tier_B,2074
9316,josh-technology,Tier_B,114
9317,josh-technology,Tier_B,19
9318,josh-technology,Tier_B,875
9319,josh-technology,Tier_B,617
9320,josh-technology,Tier_B,132
9321,josh-technology,Tier_B,1315
9322,josh-technology,Tier_B,21
9323,josh-technology,Tier_B,328
9324,josh-technology,Tier_B,1325
9325,josh-technology,Tier_B,33
9326,josh-technology,Tier_B,61
9327,josh-technology,Tier_B,515
9328,josh-technology,Tier_B,84
9329,josh-technology,Tier_B,463
9330,josh-technology,Tier_B,70
9331,jpmorgan,Tier_B,1
9332,jpmorgan,Tier_B,3
9333,jpmorgan,Tier_B,5
9334,jpmorgan,Tier_B,20
9335,jpmorgan,Tier_B,49
9336,jpmorgan,Tier_B,56
9337,jpmorgan,Tier_B,1167
9338,jpmorgan,Tier_B,121
9339,jpmorgan,Tier_B,122
9340,jpmorgan,Tier_B,202
9341,jpmorgan,Tier_B,1200
9342,jpmorgan,Tier_B,322
9343,jpmorgan,Tier_B,2283
9344,jpmorgan,Tier_B,2273
9345,jpmorgan,Tier_B,349
9346,jpmorgan,Tier_B,1247
9347,jpmorgan,Tier_B,412
9348,jpmorgan,Tier_B,435
9349,jpmorgan,Tier_B,2415
9350,jpmorgan,Tier_B,1418
9351,jpmorgan,Tier_B,2503
9352,jpmorgan,Tier_B,1529
9353,jpmorgan,Tier_B,2602
9354,jpmorgan,Tier_B,1625
9355,jpmorgan,Tier_B,780
9356,jpmorgan,Tier_B,1812
9357,jpmorgan,Tier_B,1843
9358,jpmorgan,Tier_B,1012
9359,jpmorgan,Tier_B,3216
9360,jpmorgan,Tier_B,3386
9361,jpmorgan,Tier_B,1464
9362,jpmorgan,Tier_B,2587
9363,jpmorgan,Tier_B,347
9364,jpmorgan,Tier_B,696
9365,jpmorgan,Tier_B,48
9366,jpmorgan,Tier_B,146
9367,jpmorgan,Tier_B,167
9368,jpmorgan,Tier_B,3159
9369,jpmorgan,Tier_B,73
9370,jpmorgan,Tier_B,384
9371,jpmorgan,Tier_B,295
9372,jpmorgan,Tier_B,253
9373,jpmorgan,Tier_B,1347
9374,jpmorgan,Tier_B,239
9375,jpmorgan,Tier_B,2270
9376,jpmorgan,Tier_B,476
9377,jpmorgan,Tier_B,2491
9378,jpmorgan,Tier_B,53
9379,jpmorgan,Tier_B,1535
9380,jpmorgan,Tier_B,3147
9381,jpmorgan,Tier_B,1974
9382,jpmorgan,Tier_B,974
9383,jpmorgan,Tier_B,1046
9384,jpmorgan,Tier_B,115
9385,jpmorgan,Tier_B,13
9386,jpmorgan,Tier_B,1208
9387,jpmorgan,Tier_B,1648
9388,jpmorgan,Tier_B,387
9389,jpmorgan,Tier_B,2054
9390,jpmorgan,Tier_B,42
9391,jpmorgan,Tier_B,1629
9392,jpmorgan,Tier_B,128
9393,jpmorgan,Tier_B,2182
9394,jpmorgan,Tier_B,3818
9395,jpmorgan,Tier_B,643
9396,jpmorgan,Tier_B,560
9397,jpmorgan,Tier_B,1710
9398,jpmorgan,Tier_B,2461
9399,jpmorgan,Tier_B,118
9400,jpmorgan,Tier_B,678
9401,jpmorgan,Tier_B,12
9402,jpmorgan,Tier_B,912
9403,jtg,Tier_C,283
9404,jump-trading,Tier_C,202
9405,jump-trading,Tier_C,2275
9406,jump-trading,Tier_C,60
9407,jump-trading,Tier_C,572
9408,juspay,Tier_C,2360
9409,juspay,Tier_C,2359
9410,juspay,Tier_C,2374
9411,juspay,Tier_C,1993
9412,juspay,Tier_C,73
9413,juspay,Tier_C,3
9414,juspay,Tier_C,3409
9415,juspay,Tier_C,1857
9416,juspay,Tier_C,3515
9417,juspay,Tier_C,239
9418,juspay,Tier_C,1717
9419,juspay,Tier_C,134
9420,juspay,Tier_C,735
9421,juspay,Tier_C,1
9422,juspay,Tier_C,56
9423,juspay,Tier_C,3842
9424,juspay,Tier_C,152
9425,kakao,Tier_C,2212
9426,kakao,Tier_C,1210
9427,karat,Tier_C,36
9428,karat,Tier_C,68
9429,karat,Tier_C,79
9430,karat,Tier_C,1160
9431,karat,Tier_C,1604
9432,karat,Tier_C,2133
9433,karat,Tier_C,383
9434,karat,Tier_C,221
9435,karat,Tier_C,55
9436,karat,Tier_C,1
9437,karat,Tier_C,2225
9438,karat,Tier_C,2933
9439,kickdrum,Tier_C,390
9440,kickdrum,Tier_C,423
9441,kickdrum,Tier_C,200
9442,kla,Tier_C,460
9443,kla,Tier_C,780
9444,kla,Tier_C,1
9445,kla,Tier_C,146
9446,kla,Tier_C,295
9447,kla,Tier_C,3584
9448,kla,Tier_C,2106
9449,kla,Tier_C,554
9450,kla-tencor,Tier_C,1192
9451,kla-tencor,Tier_C,460
9452,kla-tencor,Tier_C,780
9453,kla-tencor,Tier_C,2079
9454,kotak-mahindra-bank,Tier_C,68
9455,kotak-mahindra-bank,Tier_C,14
9456,kpmg,Tier_C,283
9457,kpmg,Tier_C,3
9458,kpmg,Tier_C,560
9459,larsen-toubro,Tier_C,3079
9460,larsen-toubro,Tier_C,3105
9461,leap-motion,Tier_C,478
9462,lendingkart,Tier_C,1663
9463,lenskart,Tier_C,54
9464,lg-electronics,Tier_C,242
9465,lg-electronics,Tier_C,443
9466,lg-electronics,Tier_C,777
9467,lg-electronics,Tier_C,38
9468,lg-electronics,Tier_C,121
9469,lg-electronics,Tier_C,28
9470,liberty-mutual,Tier_C,2296
9471,liftoff,Tier_C,528
9472,liftoff,Tier_C,498
9473,liftoff,Tier_C,1424
9474,liftoff,Tier_C,52
9475,lime,Tier_C,785
9476,lime,Tier_C,1951
9477,lime,Tier_C,1022
9478,lime,Tier_C,2545
9479,lime,Tier_C,253
9480,lime,Tier_C,68
9481,lime,Tier_C,56
9482,line,Tier_C,1547
9483,line,Tier_C,239
9484,line,Tier_C,146
9485,linkedin,Tier_A,1
9486,linkedin,Tier_A,3
9487,linkedin,Tier_A,5
9488,linkedin,Tier_A,12
9489,linkedin,Tier_A,17
9490,linkedin,Tier_A,20
9491,linkedin,Tier_A,21
9492,linkedin,Tier_A,23
9493,linkedin,Tier_A,33
9494,linkedin,Tier_A,34
9495,linkedin,Tier_A,39
9496,linkedin,Tier_A,46
9497,linkedin,Tier_A,47
9498,linkedin,Tier_A,50
9499,linkedin,Tier_A,53
9500,linkedin,Tier_A,56
9501,linkedin,Tier_A,57
9502,linkedin,Tier_A,65
9503,linkedin,Tier_A,61
9504,linkedin,Tier_A,68
9505,linkedin,Tier_A,72
9506,linkedin,Tier_A,76
9507,linkedin,Tier_A,88
9508,linkedin,Tier_A,100
9509,linkedin,Tier_A,101
9510,linkedin,Tier_A,103
9511,linkedin,Tier_A,104
9512,linkedin,Tier_A,2040
9513,linkedin,Tier_A,102
9514,linkedin,Tier_A,121
9515,linkedin,Tier_A,126
9516,linkedin,Tier_A,127
9517,linkedin,Tier_A,143
9518,linkedin,Tier_A,146
9519,linkedin,Tier_A,149
9520,linkedin,Tier_A,150
9521,linkedin,Tier_A,152
9522,linkedin,Tier_A,155
9523,linkedin,Tier_A,156
9524,linkedin,Tier_A,170
9525,linkedin,Tier_A,173
9526,linkedin,Tier_A,187
9527,linkedin,Tier_A,198
9528,linkedin,Tier_A,200
9529,linkedin,Tier_A,205
9530,linkedin,Tier_A,213
9531,linkedin,Tier_A,215
9532,linkedin,Tier_A,235
9533,linkedin,Tier_A,236
9534,linkedin,Tier_A,238
9535,linkedin,Tier_A,243
9536,linkedin,Tier_A,244
9537,linkedin,Tier_A,245
9538,linkedin,Tier_A,254
9539,linkedin,Tier_A,256
9540,linkedin,Tier_A,2196
9541,linkedin,Tier_A,261
9542,linkedin,Tier_A,272
9543,linkedin,Tier_A,277
9544,linkedin,Tier_A,297
9545,linkedin,Tier_A,2276
9546,linkedin,Tier_A,311
9547,linkedin,Tier_A,323
9548,linkedin,Tier_A,339
9549,linkedin,Tier_A,341
9550,linkedin,Tier_A,360
9551,linkedin,Tier_A,364
9552,linkedin,Tier_A,366
9553,linkedin,Tier_A,367
9554,linkedin,Tier_A,373
9555,linkedin,Tier_A,2344
9556,linkedin,Tier_A,380
9557,linkedin,Tier_A,381
9558,linkedin,Tier_A,384
9559,linkedin,Tier_A,432
9560,linkedin,Tier_A,464
9561,linkedin,Tier_A,2472
9562,linkedin,Tier_A,515
9563,linkedin,Tier_A,516
9564,linkedin,Tier_A,2431
9565,linkedin,Tier_A,2532
9566,linkedin,Tier_A,605
9567,linkedin,Tier_A,611
9568,linkedin,Tier_A,633
9569,linkedin,Tier_A,636
9570,linkedin,Tier_A,647
9571,linkedin,Tier_A,658
9572,linkedin,Tier_A,671
9573,linkedin,Tier_A,695
9574,linkedin,Tier_A,698
9575,linkedin,Tier_A,716
9576,linkedin,Tier_A,730
9577,linkedin,Tier_A,744
9578,linkedin,Tier_A,763
9579,linkedin,Tier_A,706
9580,linkedin,Tier_A,528
9581,linkedin,Tier_A,946
9582,linkedin,Tier_A,973
9583,linkedin,Tier_A,1197
9584,linkedin,Tier_A,1117
9585,linkedin,Tier_A,1107
9586,linkedin,Tier_A,1188
9587,linkedin,Tier_A,1127
9588,linkedin,Tier_A,1148
9589,linkedin,Tier_A,1149
9590,linkedin,Tier_A,1343
9591,linkedin,Tier_A,1588
9592,linkedin,Tier_A,1644
9593,linkedin,Tier_A,1650
9594,linkedin,Tier_A,1004
9595,linkedin,Tier_A,28
9596,linkedin,Tier_A,36
9597,linkedin,Tier_A,40
9598,linkedin,Tier_A,139
9599,linkedin,Tier_A,13
9600,linkedin,Tier_A,62
9601,linkedin,Tier_A,226
9602,linkedin,Tier_A,886
9603,linkedin,Tier_A,921
9604,linkedin,Tier_A,210
9605,linkedin,Tier_A,489
9606,linkedin,Tier_A,742
9607,linkedin,Tier_A,721
9608,linkedin,Tier_A,1570
9609,linkedin,Tier_A,274
9610,linkedin,Tier_A,470
9611,linkedin,Tier_A,925
9612,linkedin,Tier_A,69
9613,linkedin,Tier_A,542
9614,linkedin,Tier_A,319
9615,linkedin,Tier_A,875
9616,linkedin,Tier_A,2964
9617,linkedin,Tier_A,160
9618,linkedin,Tier_A,282
9619,linkedin,Tier_A,678
9620,linkedin,Tier_A,785
9621,linkedin,Tier_A,230
9622,linkedin,Tier_A,450
9623,linkedin,Tier_A,3480
9624,linkedin,Tier_A,265
9625,linkedin,Tier_A,1944
9626,linkedin,Tier_A,430
9627,linkedin,Tier_A,1857
9628,linkedin,Tier_A,337
9629,linkedin,Tier_A,1386
9630,linkedin,Tier_A,273
9631,linkedin,Tier_A,621
9632,linkedin,Tier_A,153
9633,linkedin,Tier_A,7
9634,linkedin,Tier_A,32
9635,linkedin,Tier_A,1882
9636,linkedin,Tier_A,632
9637,linkedin,Tier_A,1473
9638,linkedin,Tier_A,617
9639,linkedin,Tier_A,1048
9640,linkedin,Tier_A,3113
9641,linkedin,Tier_A,560
9642,linkedin,Tier_A,151
9643,linkedin,Tier_A,18
9644,linkedin,Tier_A,827
9645,linkedin,Tier_A,1041
9646,linkedin,Tier_A,207
9647,linkedin,Tier_A,460
9648,linkedin,Tier_A,128
9649,linkedin,Tier_A,296
9650,linkedin,Tier_A,98
9651,linkedin,Tier_A,490
9652,linkedin,Tier_A,84
9653,linkedin,Tier_A,752
9654,linkedin,Tier_A,3850
9655,linkedin,Tier_A,994
9656,linkedin,Tier_A,141
9657,linkedin,Tier_A,1017
9658,linkedin,Tier_A,701
9659,linkedin,Tier_A,81
9660,linkedin,Tier_A,3891
9661,linkedin,Tier_A,387
9662,linkedin,Tier_A,206
9663,liveramp,Tier_C,575
9664,liveramp,Tier_C,581
9665,liveramp,Tier_C,594
9666,liveramp,Tier_C,949
9667,liveramp,Tier_C,207
9668,liveramp,Tier_C,981
9669,livspace,Tier_C,452
9670,livspace,Tier_C,111
9671,lowe,Tier_C,1994
9672,lowe,Tier_C,2157
9673,lowe,Tier_C,3330
9674,lowe,Tier_C,3375
9675,lowe,Tier_C,1
9676,lti,Tier_C,7
9677,lti,Tier_C,1755
9678,lti,Tier_C,2747
9679,lti,Tier_C,2271
9680,lti,Tier_C,509
9681,lti,Tier_C,283
9682,lti,Tier_C,125
9683,lti,Tier_C,176
9684,lucid,Tier_C,20
9685,lucid,Tier_C,2603
9686,lucid,Tier_C,1742
9687,lucid,Tier_C,155
9688,lucid,Tier_C,236
9689,lucid,Tier_C,200
9690,luxoft,Tier_C,206
9691,luxoft,Tier_C,9
9692,lyft,Tier_C,994
9693,lyft,Tier_C,76
9694,lyft,Tier_C,109
9695,lyft,Tier_C,632
9696,lyft,Tier_C,126
9697,lyft,Tier_C,128
9698,lyft,Tier_C,155
9699,lyft,Tier_C,158
9700,lyft,Tier_C,1094
9701,lyft,Tier_C,716
9702,lyft,Tier_C,208
9703,lyft,Tier_C,253
9704,lyft,Tier_C,365
9705,lyft,Tier_C,443
9706,lyft,Tier_C,981
9707,lyft,Tier_C,3
9708,lyft,Tier_C,91
9709,lyft,Tier_C,1620
9710,lyft,Tier_C,238
9711,lyft,Tier_C,1298
9712,lyft,Tier_C,958
9713,lyft,Tier_C,148
9714,lyft,Tier_C,17
9715,lyft,Tier_C,2101
9716,machine-zone,Tier_C,715
9717,machine-zone,Tier_C,1336
9718,machinezone,Tier_C,1336
9719,maersk,Tier_C,14
9720,makemytrip,Tier_C,22
9721,makemytrip,Tier_C,41
9722,makemytrip,Tier_C,42
9723,makemytrip,Tier_C,76
9724,makemytrip,Tier_C,2958
9725,makemytrip,Tier_C,1714
9726,makemytrip,Tier_C,2370
9727,makemytrip,Tier_C,2368
9728,makemytrip,Tier_C,787
9729,makemytrip,Tier_C,56
9730,makemytrip,Tier_C,32
9731,makemytrip,Tier_C,399
9732,makemytrip,Tier_C,239
9733,makemytrip,Tier_C,5
9734,makemytrip,Tier_C,79
9735,makemytrip,Tier_C,49
9736,makemytrip,Tier_C,43
9737,makemytrip,Tier_C,918
9738,makemytrip,Tier_C,127
9739,makemytrip,Tier_C,3
9740,makemytrip,Tier_C,198
9741,makemytrip,Tier_C,75
9742,makemytrip,Tier_C,213
9743,mapbox,Tier_C,1356
9744,maq-software,Tier_C,467
9745,maq-software,Tier_C,3
9746,maq-software,Tier_C,84
9747,maq-software,Tier_C,5
9748,maq-software,Tier_C,516
9749,maq-software,Tier_C,196
9750,maq-software,Tier_C,32
9751,marqeta,Tier_C,146
9752,marqeta,Tier_C,705
9753,mastercard,Tier_C,20
9754,mastercard,Tier_C,1
9755,mastercard,Tier_C,242
9756,mastercard,Tier_C,11
9757,mastercard,Tier_C,5
9758,mastercard,Tier_C,121
9759,mastercard,Tier_C,134
9760,mastercard,Tier_C,322
9761,mastercard,Tier_C,79
9762,mastercard,Tier_C,412
9763,mastercard,Tier_C,518
9764,mathworks,Tier_B,2861
9765,mathworks,Tier_B,2514
9766,mathworks,Tier_B,566
9767,mathworks,Tier_B,2038
9768,mathworks,Tier_B,1163
9769,mathworks,Tier_B,1130
9770,mathworks,Tier_B,3049
9771,mathworks,Tier_B,3048
9772,mathworks,Tier_B,3035
9773,mathworks,Tier_B,2851
9774,mathworks,Tier_B,2444
9775,mathworks,Tier_B,500
9776,mathworks,Tier_B,2462
9777,mathworks,Tier_B,1328
9778,mathworks,Tier_B,25
9779,mathworks,Tier_B,2582
9780,mathworks,Tier_B,2858
9781,mathworks,Tier_B,2964
9782,mathworks,Tier_B,1290
9783,mathworks,Tier_B,968
9784,mathworks,Tier_B,1648
9785,mathworks,Tier_B,638
9786,mathworks,Tier_B,621
9787,mathworks,Tier_B,1335
9788,mathworks,Tier_B,2559
9789,mathworks,Tier_B,2831
9790,mathworks,Tier_B,2697
9791,mathworks,Tier_B,2918
9792,mathworks,Tier_B,1220
9793,mathworks,Tier_B,20
9794,mathworks,Tier_B,3335
9795,mcafee,Tier_C,1777
9796,mcdonalds,Tier_C,2563
9797,mcdonalds,Tier_C,83
9798,mckinsey,Tier_C,2530
9799,mckinsey,Tier_C,934
9800,medianet,Tier_B,1938
9801,medianet,Tier_B,1959
9802,medianet,Tier_B,42
9803,medianet,Tier_B,2473
9804,medianet,Tier_B,2479
9805,medianet,Tier_B,2538
9806,medianet,Tier_B,2852
9807,medianet,Tier_B,2874
9808,medianet,Tier_B,2873
9809,medianet,Tier_B,2572
9810,medianet,Tier_B,1642
9811,medianet,Tier_B,1222
9812,medianet,Tier_B,1266
9813,medianet,Tier_B,1787
9814,medianet,Tier_B,1879
9815,medianet,Tier_B,2835
9816,medianet,Tier_B,2382
9817,medianet,Tier_B,407
9818,medianet,Tier_B,1376
9819,medianet,Tier_B,668
9820,medianet,Tier_B,354
9821,medianet,Tier_B,2945
9822,medianet,Tier_B,406
9823,medianet,Tier_B,947
9824,medianet,Tier_B,1994
9825,medianet,Tier_B,54
9826,medianet,Tier_B,3660
9827,medianet,Tier_B,827
9828,medianet,Tier_B,3291
9829,medianet,Tier_B,99
9830,medianet,Tier_B,70
9831,medianet,Tier_B,53
9832,meesho,Tier_B,2858
9833,meesho,Tier_B,2930
9834,meesho,Tier_B,2959
9835,meesho,Tier_B,2953
9836,meesho,Tier_B,1326
9837,meesho,Tier_B,740
9838,meesho,Tier_B,2742
9839,meesho,Tier_B,2771
9840,meesho,Tier_B,55
9841,meesho,Tier_B,1
9842,meesho,Tier_B,1268
9843,meesho,Tier_B,180
9844,meesho,Tier_B,2444
9845,meesho,Tier_B,176
9846,meesho,Tier_B,2187
9847,meesho,Tier_B,1639
9848,meesho,Tier_B,735
9849,meesho,Tier_B,1944
9850,meesho,Tier_B,355
9851,meesho,Tier_B,696
9852,meesho,Tier_B,200
9853,meesho,Tier_B,3513
9854,meesho,Tier_B,3514
9855,meesho,Tier_B,31
9856,meesho,Tier_B,328
9857,meesho,Tier_B,886
9858,meesho,Tier_B,15
9859,meesho,Tier_B,2603
9860,meesho,Tier_B,754
9861,meesho,Tier_B,295
9862,meesho,Tier_B,197
9863,meesho,Tier_B,805
9864,meesho,Tier_B,626
9865,meesho,Tier_B,584
9866,meesho,Tier_B,2751
9867,meesho,Tier_B,76
9868,meesho,Tier_B,3709
9869,meesho,Tier_B,3715
9870,meesho,Tier_B,587
9871,meesho,Tier_B,149
9872,meesho,Tier_B,115
9873,meesho,Tier_B,1235
9874,meesho,Tier_B,53
9875,meituan,Tier_C,2980
9876,mercari,Tier_C,1598
9877,mercari,Tier_C,1399
9878,mercari,Tier_C,2598
9879,mercari,Tier_C,1403
9880,mercari,Tier_C,1432
9881,mercari,Tier_C,1396
9882,meta,Tier_A,1
9883,meta,Tier_A,2
9884,meta,Tier_A,3
9885,meta,Tier_A,4
9886,meta,Tier_A,5
9887,meta,Tier_A,6
9888,meta,Tier_A,7
9889,meta,Tier_A,8
9890,meta,Tier_A,9
9891,meta,Tier_A,10
9892,meta,Tier_A,11
9893,meta,Tier_A,12
9894,meta,Tier_A,13
9895,meta,Tier_A,14
9896,meta,Tier_A,15
9897,meta,Tier_A,16
9898,meta,Tier_A,17
9899,meta,Tier_A,18
9900,meta,Tier_A,19
9901,meta,Tier_A,20
9902,meta,Tier_A,21
9903,meta,Tier_A,22
9904,meta,Tier_A,23
9905,meta,Tier_A,24
9906,meta,Tier_A,25
9907,meta,Tier_A,26
9908,meta,Tier_A,27
9909,meta,Tier_A,28
9910,meta,Tier_A,29
9911,meta,Tier_A,30
9912,meta,Tier_A,31
9913,meta,Tier_A,32
9914,meta,Tier_A,33
9915,meta,Tier_A,34
9916,meta,Tier_A,35
9917,meta,Tier_A,36
9918,meta,Tier_A,37
9919,meta,Tier_A,38
9920,meta,Tier_A,39
9921,meta,Tier_A,40
9922,meta,Tier_A,41
9923,meta,Tier_A,42
9924,meta,Tier_A,43
9925,meta,Tier_A,44
9926,meta,Tier_A,45
9927,meta,Tier_A,46
9928,meta,Tier_A,47
9929,meta,Tier_A,48
9930,meta,Tier_A,49
9931,meta,Tier_A,50
9932,meta,Tier_A,51
9933,meta,Tier_A,53
9934,meta,Tier_A,54
9935,meta,Tier_A,55
9936,meta,Tier_A,56
9937,meta,Tier_A,57
9938,meta,Tier_A,58
9939,meta,Tier_A,59
9940,meta,Tier_A,61
9941,meta,Tier_A,62
9942,meta,Tier_A,63
9943,meta,Tier_A,64
9944,meta,Tier_A,65
9945,meta,Tier_A,66
9946,meta,Tier_A,67
9947,meta,Tier_A,68
9948,meta,Tier_A,69
9949,meta,Tier_A,70
9950,meta,Tier_A,71
9951,meta,Tier_A,72
9952,meta,Tier_A,73
9953,meta,Tier_A,74
9954,meta,Tier_A,75
9955,meta,Tier_A,76
9956,meta,Tier_A,77
9957,meta,Tier_A,78
9958,meta,Tier_A,79
9959,meta,Tier_A,80
9960,meta,Tier_A,81
9961,meta,Tier_A,84
9962,meta,Tier_A,85
9963,meta,Tier_A,88
9964,meta,Tier_A,90
9965,meta,Tier_A,91
9966,meta,Tier_A,92
9967,meta,Tier_A,93
9968,meta,Tier_A,94
9969,meta,Tier_A,95
9970,meta,Tier_A,98
9971,meta,Tier_A,100
9972,meta,Tier_A,101
9973,meta,Tier_A,102
9974,meta,Tier_A,103
9975,meta,Tier_A,104
9976,meta,Tier_A,105
9977,meta,Tier_A,107
9978,meta,Tier_A,108
9979,meta,Tier_A,109
9980,meta,Tier_A,110
9981,meta,Tier_A,111
9982,meta,Tier_A,112
9983,meta,Tier_A,113
9984,meta,Tier_A,114
9985,meta,Tier_A,116
9986,meta,Tier_A,117
9987,meta,Tier_A,118
9988,meta,Tier_A,119
9989,meta,Tier_A,121
9990,meta,Tier_A,122
9991,meta,Tier_A,124
9992,meta,Tier_A,125
9993,meta,Tier_A,126
9994,meta,Tier_A,127
9995,meta,Tier_A,128
9996,meta,Tier_A,129
9997,meta,Tier_A,130
9998,meta,Tier_A,131
9999,meta,Tier_A,133
10000,meta,Tier_A,134
10001,meta,Tier_A,135
10002,meta,Tier_A,136
10003,meta,Tier_A,137
10004,meta,Tier_A,138
10005,meta,Tier_A,139
10006,meta,Tier_A,140
10007,meta,Tier_A,141
10008,meta,Tier_A,142
10009,meta,Tier_A,143
10010,meta,Tier_A,144
10011,meta,Tier_A,145
10012,meta,Tier_A,146
10013,meta,Tier_A,148
10014,meta,Tier_A,149
10015,meta,Tier_A,150
10016,meta,Tier_A,151
10017,meta,Tier_A,152
10018,meta,Tier_A,153
10019,meta,Tier_A,155
10020,meta,Tier_A,157
10021,meta,Tier_A,158
10022,meta,Tier_A,160
10023,meta,Tier_A,161
10024,meta,Tier_A,162
10025,meta,Tier_A,163
10026,meta,Tier_A,167
10027,meta,Tier_A,168
10028,meta,Tier_A,169
10029,meta,Tier_A,172
10030,meta,Tier_A,173
10031,meta,Tier_A,174
10032,meta,Tier_A,175
10033,meta,Tier_A,176
10034,meta,Tier_A,179
10035,meta,Tier_A,180
10036,meta,Tier_A,181
10037,meta,Tier_A,182
10038,meta,Tier_A,183
10039,meta,Tier_A,184
10040,meta,Tier_A,185
10041,meta,Tier_A,187
10042,meta,Tier_A,188
10043,meta,Tier_A,189
10044,meta,Tier_A,190
10045,meta,Tier_A,191
10046,meta,Tier_A,197
10047,meta,Tier_A,198
10048,meta,Tier_A,199
10049,meta,Tier_A,200
10050,meta,Tier_A,202
10051,meta,Tier_A,203
10052,meta,Tier_A,204
10053,meta,Tier_A,205
10054,meta,Tier_A,206
10055,meta,Tier_A,207
10056,meta,Tier_A,208
10057,meta,Tier_A,209
10058,meta,Tier_A,210
10059,meta,Tier_A,211
10060,meta,Tier_A,212
10061,meta,Tier_A,213
10062,meta,Tier_A,215
10063,meta,Tier_A,217
10064,meta,Tier_A,218
10065,meta,Tier_A,219
10066,meta,Tier_A,221
10067,meta,Tier_A,223
10068,meta,Tier_A,224
10069,meta,Tier_A,226
10070,meta,Tier_A,227
10071,meta,Tier_A,228
10072,meta,Tier_A,229
10073,meta,Tier_A,230
10074,meta,Tier_A,231
10075,meta,Tier_A,232
10076,meta,Tier_A,233
10077,meta,Tier_A,234
10078,meta,Tier_A,235
10079,meta,Tier_A,236
10080,meta,Tier_A,237
10081,meta,Tier_A,238
10082,meta,Tier_A,239
10083,meta,Tier_A,240
10084,meta,Tier_A,242
10085,meta,Tier_A,246
10086,meta,Tier_A,247
10087,meta,Tier_A,249
10088,meta,Tier_A,252
10089,meta,Tier_A,253
10090,meta,Tier_A,257
10091,meta,Tier_A,261
10092,meta,Tier_A,265
10093,meta,Tier_A,266
10094,meta,Tier_A,268
10095,meta,Tier_A,269
10096,meta,Tier_A,270
10097,meta,Tier_A,271
10098,meta,Tier_A,273
10099,meta,Tier_A,274
10100,meta,Tier_A,275
10101,meta,Tier_A,277
10102,meta,Tier_A,278
10103,meta,Tier_A,282
10104,meta,Tier_A,283
10105,meta,Tier_A,285
10106,meta,Tier_A,286
10107,meta,Tier_A,287
10108,meta,Tier_A,289
10109,meta,Tier_A,290
10110,meta,Tier_A,295
10111,meta,Tier_A,296
10112,meta,Tier_A,297
10113,meta,Tier_A,299
10114,meta,Tier_A,300
10115,meta,Tier_A,301
10116,meta,Tier_A,303
10117,meta,Tier_A,304
10118,meta,Tier_A,310
10119,meta,Tier_A,311
10120,meta,Tier_A,314
10121,meta,Tier_A,316
10122,meta,Tier_A,317
10123,meta,Tier_A,319
10124,meta,Tier_A,322
10125,meta,Tier_A,323
10126,meta,Tier_A,325
10127,meta,Tier_A,326
10128,meta,Tier_A,328
10129,meta,Tier_A,329
10130,meta,Tier_A,330
10131,meta,Tier_A,332
10132,meta,Tier_A,333
10133,meta,Tier_A,334
10134,meta,Tier_A,337
10135,meta,Tier_A,338
10136,meta,Tier_A,339
10137,meta,Tier_A,341
10138,meta,Tier_A,342
10139,meta,Tier_A,343
10140,meta,Tier_A,344
10141,meta,Tier_A,345
10142,meta,Tier_A,346
10143,meta,Tier_A,347
10144,meta,Tier_A,348
10145,meta,Tier_A,349
10146,meta,Tier_A,350
10147,meta,Tier_A,367
10148,meta,Tier_A,371
10149,meta,Tier_A,373
10150,meta,Tier_A,377
10151,meta,Tier_A,378
10152,meta,Tier_A,380
10153,meta,Tier_A,381
10154,meta,Tier_A,383
10155,meta,Tier_A,384
10156,meta,Tier_A,387
10157,meta,Tier_A,388
10158,meta,Tier_A,389
10159,meta,Tier_A,392
10160,meta,Tier_A,393
10161,meta,Tier_A,394
10162,meta,Tier_A,398
10163,meta,Tier_A,399
10164,meta,Tier_A,402
10165,meta,Tier_A,404
10166,meta,Tier_A,405
10167,meta,Tier_A,406
10168,meta,Tier_A,407
10169,meta,Tier_A,408
10170,meta,Tier_A,409
10171,meta,Tier_A,410
10172,meta,Tier_A,412
10173,meta,Tier_A,415
10174,meta,Tier_A,416
10175,meta,Tier_A,417
10176,meta,Tier_A,419
10177,meta,Tier_A,424
10178,meta,Tier_A,435
10179,meta,Tier_A,437
10180,meta,Tier_A,438
10181,meta,Tier_A,442
10182,meta,Tier_A,443
10183,meta,Tier_A,445
10184,meta,Tier_A,448
10185,meta,Tier_A,450
10186,meta,Tier_A,451
10187,meta,Tier_A,455
10188,meta,Tier_A,456
10189,meta,Tier_A,460
10190,meta,Tier_A,461
10191,meta,Tier_A,463
10192,meta,Tier_A,468
10193,meta,Tier_A,477
10194,meta,Tier_A,480
10195,meta,Tier_A,485
10196,meta,Tier_A,490
10197,meta,Tier_A,493
10198,meta,Tier_A,494
10199,meta,Tier_A,496
10200,meta,Tier_A,498
10201,meta,Tier_A,501
10202,meta,Tier_A,502
10203,meta,Tier_A,503
10204,meta,Tier_A,515
10205,meta,Tier_A,516
10206,meta,Tier_A,523
10207,meta,Tier_A,525
10208,meta,Tier_A,1721
10209,meta,Tier_A,529
10210,meta,Tier_A,530
10211,meta,Tier_A,535
10212,meta,Tier_A,536
10213,meta,Tier_A,540
10214,meta,Tier_A,542
10215,meta,Tier_A,543
10216,meta,Tier_A,545
10217,meta,Tier_A,547
10218,meta,Tier_A,554
10219,meta,Tier_A,556
10220,meta,Tier_A,560
10221,meta,Tier_A,561
10222,meta,Tier_A,567
10223,meta,Tier_A,570
10224,meta,Tier_A,572
10225,meta,Tier_A,578
10226,meta,Tier_A,584
10227,meta,Tier_A,595
10228,meta,Tier_A,597
10229,meta,Tier_A,601
10230,meta,Tier_A,602
10231,meta,Tier_A,605
10232,meta,Tier_A,610
10233,meta,Tier_A,616
10234,meta,Tier_A,617
10235,meta,Tier_A,621
10236,meta,Tier_A,628
10237,meta,Tier_A,633
10238,meta,Tier_A,636
10239,meta,Tier_A,637
10240,meta,Tier_A,639
10241,meta,Tier_A,642
10242,meta,Tier_A,643
10243,meta,Tier_A,645
10244,meta,Tier_A,647
10245,meta,Tier_A,649
10246,meta,Tier_A,653
10247,meta,Tier_A,658
10248,meta,Tier_A,662
10249,meta,Tier_A,670
10250,meta,Tier_A,673
10251,meta,Tier_A,674
10252,meta,Tier_A,678
10253,meta,Tier_A,680
10254,meta,Tier_A,682
10255,meta,Tier_A,687
10256,meta,Tier_A,688
10257,meta,Tier_A,689
10258,meta,Tier_A,691
10259,meta,Tier_A,692
10260,meta,Tier_A,695
10261,meta,Tier_A,698
10262,meta,Tier_A,711
10263,meta,Tier_A,713
10264,meta,Tier_A,714
10265,meta,Tier_A,715
10266,meta,Tier_A,721
10267,meta,Tier_A,723
10268,meta,Tier_A,724
10269,meta,Tier_A,727
10270,meta,Tier_A,733
10271,meta,Tier_A,735
10272,meta,Tier_A,739
10273,meta,Tier_A,745
10274,meta,Tier_A,750
10275,meta,Tier_A,752
10276,meta,Tier_A,426
10277,meta,Tier_A,430
10278,meta,Tier_A,763
10279,meta,Tier_A,764
10280,meta,Tier_A,766
10281,meta,Tier_A,767
10282,meta,Tier_A,771
10283,meta,Tier_A,700
10284,meta,Tier_A,772
10285,meta,Tier_A,703
10286,meta,Tier_A,704
10287,meta,Tier_A,778
10288,meta,Tier_A,779
10289,meta,Tier_A,784
10290,meta,Tier_A,785
10291,meta,Tier_A,787
10292,meta,Tier_A,791
10293,meta,Tier_A,796
10294,meta,Tier_A,797
10295,meta,Tier_A,705
10296,meta,Tier_A,706
10297,meta,Tier_A,801
10298,meta,Tier_A,815
10299,meta,Tier_A,819
10300,meta,Tier_A,708
10301,meta,Tier_A,824
10302,meta,Tier_A,825
10303,meta,Tier_A,826
10304,meta,Tier_A,827
10305,meta,Tier_A,622
10306,meta,Tier_A,489
10307,meta,Tier_A,836
10308,meta,Tier_A,844
10309,meta,Tier_A,846
10310,meta,Tier_A,852
10311,meta,Tier_A,862
10312,meta,Tier_A,863
10313,meta,Tier_A,865
10314,meta,Tier_A,872
10315,meta,Tier_A,875
10316,meta,Tier_A,876
10317,meta,Tier_A,528
10318,meta,Tier_A,881
10319,meta,Tier_A,893
10320,meta,Tier_A,896
10321,meta,Tier_A,904
10322,meta,Tier_A,905
10323,meta,Tier_A,907
10324,meta,Tier_A,912
10325,meta,Tier_A,918
10326,meta,Tier_A,919
10327,meta,Tier_A,921
10328,meta,Tier_A,930
10329,meta,Tier_A,934
10330,meta,Tier_A,938
10331,meta,Tier_A,953
10332,meta,Tier_A,958
10333,meta,Tier_A,968
10334,meta,Tier_A,509
10335,meta,Tier_A,973
10336,meta,Tier_A,974
10337,meta,Tier_A,977
10338,meta,Tier_A,981
10339,meta,Tier_A,983
10340,meta,Tier_A,986
10341,meta,Tier_A,987
10342,meta,Tier_A,989
10343,meta,Tier_A,992
10344,meta,Tier_A,993
10345,meta,Tier_A,994
10346,meta,Tier_A,995
10347,meta,Tier_A,998
10348,meta,Tier_A,1002
10349,meta,Tier_A,1004
10350,meta,Tier_A,1008
10351,meta,Tier_A,1011
10352,meta,Tier_A,1060
10353,meta,Tier_A,1021
10354,meta,Tier_A,1026
10355,meta,Tier_A,1028
10356,meta,Tier_A,1029
10357,meta,Tier_A,1033
10358,meta,Tier_A,1040
10359,meta,Tier_A,1161
10360,meta,Tier_A,1043
10361,meta,Tier_A,1046
10362,meta,Tier_A,1047
10363,meta,Tier_A,1052
10364,meta,Tier_A,1197
10365,meta,Tier_A,1071
10366,meta,Tier_A,1213
10367,meta,Tier_A,1070
10368,meta,Tier_A,1075
10369,meta,Tier_A,1076
10370,meta,Tier_A,1077
10371,meta,Tier_A,1092
10372,meta,Tier_A,1091
10373,meta,Tier_A,1245
10374,meta,Tier_A,1216
10375,meta,Tier_A,550
10376,meta,Tier_A,1094
10377,meta,Tier_A,1095
10378,meta,Tier_A,1106
10379,meta,Tier_A,1108
10380,meta,Tier_A,1110
10381,meta,Tier_A,1113
10382,meta,Tier_A,1122
10383,meta,Tier_A,1123
10384,meta,Tier_A,1287
10385,meta,Tier_A,1137
10386,meta,Tier_A,1132
10387,meta,Tier_A,1315
10388,meta,Tier_A,1141
10389,meta,Tier_A,1142
10390,meta,Tier_A,1146
10391,meta,Tier_A,1143
10392,meta,Tier_A,1331
10393,meta,Tier_A,1148
10394,meta,Tier_A,1155
10395,meta,Tier_A,1236
10396,meta,Tier_A,1361
10397,meta,Tier_A,1382
10398,meta,Tier_A,1944
10399,meta,Tier_A,1207
10400,meta,Tier_A,1209
10401,meta,Tier_A,2226
10402,meta,Tier_A,1206
10403,meta,Tier_A,1211
10404,meta,Tier_A,1225
10405,meta,Tier_A,1239
10406,meta,Tier_A,1242
10407,meta,Tier_A,1248
10408,meta,Tier_A,1249
10409,meta,Tier_A,1428
10410,meta,Tier_A,1241
10411,meta,Tier_A,1254
10412,meta,Tier_A,1255
10413,meta,Tier_A,2303
10414,meta,Tier_A,1251
10415,meta,Tier_A,1266
10416,meta,Tier_A,1268
10417,meta,Tier_A,1264
10418,meta,Tier_A,1281
10419,meta,Tier_A,1290
10420,meta,Tier_A,1293
10421,meta,Tier_A,1305
10422,meta,Tier_A,1309
10423,meta,Tier_A,1344
10424,meta,Tier_A,1322
10425,meta,Tier_A,1357
10426,meta,Tier_A,1358
10427,meta,Tier_A,1338
10428,meta,Tier_A,1373
10429,meta,Tier_A,1351
10430,meta,Tier_A,1352
10431,meta,Tier_A,1353
10432,meta,Tier_A,1379
10433,meta,Tier_A,1378
10434,meta,Tier_A,1431
10435,meta,Tier_A,1398
10436,meta,Tier_A,1424
10437,meta,Tier_A,1448
10438,meta,Tier_A,1436
10439,meta,Tier_A,1438
10440,meta,Tier_A,1439
10441,meta,Tier_A,1443
10442,meta,Tier_A,1460
10443,meta,Tier_A,1453
10444,meta,Tier_A,1445
10445,meta,Tier_A,1493
10446,meta,Tier_A,1480
10447,meta,Tier_A,1482
10448,meta,Tier_A,1498
10449,meta,Tier_A,1512
10450,meta,Tier_A,1539
10451,meta,Tier_A,1541
10452,meta,Tier_A,1517
10453,meta,Tier_A,1522
10454,meta,Tier_A,1570
10455,meta,Tier_A,1598
10456,meta,Tier_A,1581
10457,meta,Tier_A,1586
10458,meta,Tier_A,1608
10459,meta,Tier_A,1614
10460,meta,Tier_A,1631
10461,meta,Tier_A,1644
10462,meta,Tier_A,1662
10463,meta,Tier_A,1650
10464,meta,Tier_A,1679
10465,meta,Tier_A,1661
10466,meta,Tier_A,1701
10467,meta,Tier_A,1688
10468,meta,Tier_A,1718
10469,meta,Tier_A,1683
10470,meta,Tier_A,1748
10471,meta,Tier_A,1752
10472,meta,Tier_A,1731
10473,meta,Tier_A,1781
10474,meta,Tier_A,1768
10475,meta,Tier_A,1773
10476,meta,Tier_A,1757
10477,meta,Tier_A,1762
10478,meta,Tier_A,1790
10479,meta,Tier_A,1778
10480,meta,Tier_A,1789
10481,meta,Tier_A,1810
10482,meta,Tier_A,1838
10483,meta,Tier_A,1826
10484,meta,Tier_A,1854
10485,meta,Tier_A,1877
10486,meta,Tier_A,1868
10487,meta,Tier_A,1926
10488,meta,Tier_A,1928
10489,meta,Tier_A,1891
10490,meta,Tier_A,1892
10491,meta,Tier_A,1901
10492,meta,Tier_A,1920
10493,meta,Tier_A,1922
10494,meta,Tier_A,1929
10495,meta,Tier_A,1930
10496,meta,Tier_A,1947
10497,meta,Tier_A,1934
10498,meta,Tier_A,1976
10499,meta,Tier_A,1949
10500,meta,Tier_A,1980
10501,meta,Tier_A,1971
10502,meta,Tier_A,1973
10503,meta,Tier_A,2011
10504,meta,Tier_A,2014
10505,meta,Tier_A,2037
10506,meta,Tier_A,2060
10507,meta,Tier_A,2073
10508,meta,Tier_A,2090
10509,meta,Tier_A,2096
10510,meta,Tier_A,2109
10511,meta,Tier_A,2149
10512,meta,Tier_A,2210
10513,meta,Tier_A,2199
10514,meta,Tier_A,2265
10515,meta,Tier_A,2281
10516,meta,Tier_A,2289
10517,meta,Tier_A,2235
10518,meta,Tier_A,2236
10519,meta,Tier_A,2302
10520,meta,Tier_A,2367
10521,meta,Tier_A,2373
10522,meta,Tier_A,2365
10523,meta,Tier_A,2418
10524,meta,Tier_A,2444
10525,meta,Tier_A,2452
10526,meta,Tier_A,2461
10527,meta,Tier_A,2485
10528,meta,Tier_A,2487
10529,meta,Tier_A,2502
10530,meta,Tier_A,2553
10531,meta,Tier_A,2596
10532,meta,Tier_A,2620
10533,meta,Tier_A,2619
10534,meta,Tier_A,2627
10535,meta,Tier_A,2635
10536,meta,Tier_A,2694
10537,meta,Tier_A,2667
10538,meta,Tier_A,2704
10539,meta,Tier_A,2824
10540,meta,Tier_A,2877
10541,meta,Tier_A,2956
10542,meta,Tier_A,2962
10543,meta,Tier_A,3005
10544,meta,Tier_A,3202
10545,meta,Tier_A,264
10546,meta,Tier_A,1334
10547,meta,Tier_A,2915
10548,meta,Tier_A,2160
10549,meta,Tier_A,312
10550,meta,Tier_A,2678
10551,meta,Tier_A,82
10552,meta,Tier_A,86
10553,meta,Tier_A,581
10554,meta,Tier_A,1045
10555,meta,Tier_A,885
10556,meta,Tier_A,959
10557,meta,Tier_A,2104
10558,meta,Tier_A,222
10559,meta,Tier_A,860
10560,meta,Tier_A,609
10561,meta,Tier_A,120
10562,meta,Tier_A,1140
10563,meta,Tier_A,60
10564,meta,Tier_A,2529
10565,meta,Tier_A,340
10566,meta,Tier_A,263
10567,meta,Tier_A,196
10568,meta,Tier_A,1514
10569,meta,Tier_A,1446
10570,meta,Tier_A,1341
10571,meta,Tier_A,577
10572,meta,Tier_A,123
10573,meta,Tier_A,2239
10574,meta,Tier_A,2022
10575,meta,Tier_A,96
10576,meta,Tier_A,843
10577,meta,Tier_A,1945
10578,meta,Tier_A,504
10579,meta,Tier_A,1399
10580,meta,Tier_A,1609
10581,meta,Tier_A,725
10582,meta,Tier_A,1160
10583,meta,Tier_A,3110
10584,meta,Tier_A,2807
10585,meta,Tier_A,588
10586,meta,Tier_A,1164
10587,meta,Tier_A,629
10588,meta,Tier_A,374
10589,meta,Tier_A,3165
10590,meta,Tier_A,1275
10591,meta,Tier_A,1280
10592,meta,Tier_A,2419
10593,meta,Tier_A,1371
10594,meta,Tier_A,1055
10595,meta,Tier_A,539
10596,meta,Tier_A,3234
10597,meta,Tier_A,3186
10598,meta,Tier_A,931
10599,meta,Tier_A,214
10600,meta,Tier_A,386
10601,meta,Tier_A,1667
10602,meta,Tier_A,440
10603,meta,Tier_A,2707
10604,meta,Tier_A,3043
10605,meta,Tier_A,1475
10606,meta,Tier_A,432
10607,meta,Tier_A,355
10608,meta,Tier_A,1367
10609,meta,Tier_A,2034
10610,meta,Tier_A,52
10611,meta,Tier_A,1497
10612,meta,Tier_A,1832
10613,meta,Tier_A,2058
10614,meta,Tier_A,87
10615,meta,Tier_A,716
10616,meta,Tier_A,1590
10617,meta,Tier_A,315
10618,meta,Tier_A,2352
10619,meta,Tier_A,2406
10620,meta,Tier_A,1221
10621,meta,Tier_A,632
10622,meta,Tier_A,474
10623,meta,Tier_A,1579
10624,meta,Tier_A,413
10625,meta,Tier_A,1233
10626,meta,Tier_A,1545
10627,meta,Tier_A,1593
10628,meta,Tier_A,453
10629,meta,Tier_A,933
10630,meta,Tier_A,83
10631,meta,Tier_A,147
10632,meta,Tier_A,856
10633,meta,Tier_A,566
10634,meta,Tier_A,1048
10635,meta,Tier_A,568
10636,meta,Tier_A,2095
10637,meta,Tier_A,814
10638,meta,Tier_A,2501
10639,meta,Tier_A,684
10640,meta,Tier_A,1636
10641,meta,Tier_A,701
10642,meta,Tier_A,1639
10643,meta,Tier_A,696
10644,meta,Tier_A,2389
10645,meta,Tier_A,195
10646,meta,Tier_A,2914
10647,meta,Tier_A,3011
10648,meta,Tier_A,1671
10649,meta,Tier_A,3133
10650,meta,Tier_A,2723
10651,meta,Tier_A,3097
10652,meta,Tier_A,364
10653,meta,Tier_A,1283
10654,meta,Tier_A,1845
10655,meta,Tier_A,510
10656,meta,Tier_A,362
10657,meta,Tier_A,1574
10658,meta,Tier_A,3254
10659,meta,Tier_A,2035
10660,meta,Tier_A,1319
10661,meta,Tier_A,2427
10662,meta,Tier_A,1652
10663,meta,Tier_A,728
10664,meta,Tier_A,746
10665,meta,Tier_A,1291
10666,meta,Tier_A,225
10667,meta,Tier_A,507
10668,meta,Tier_A,1633
10669,meta,Tier_A,2516
10670,meta,Tier_A,1861
10671,meta,Tier_A,773
10672,meta,Tier_A,2924
10673,meta,Tier_A,901
10674,meta,Tier_A,400
10675,meta,Tier_A,3371
10676,meta,Tier_A,505
10677,meta,Tier_A,258
10678,meta,Tier_A,1346
10679,meta,Tier_A,2337
10680,meta,Tier_A,193
10681,meta,Tier_A,1760
10682,meta,Tier_A,3152
10683,meta,Tier_A,292
10684,meta,Tier_A,395
10685,meta,Tier_A,2981
10686,meta,Tier_A,2558
10687,meta,Tier_A,382
10688,meta,Tier_A,2593
10689,meta,Tier_A,2125
10690,meta,Tier_A,1277
10691,meta,Tier_A,641
10692,meta,Tier_A,886
10693,meta,Tier_A,476
10694,meta,Tier_A,324
10695,meta,Tier_A,1903
10696,meta,Tier_A,541
10697,meta,Tier_A,2008
10698,meta,Tier_A,2192
10699,meta,Tier_A,729
10700,meta,Tier_A,1886
10701,meta,Tier_A,853
10702,meta,Tier_A,1025
10703,meta,Tier_A,1822
10704,meta,Tier_A,305
10705,meta,Tier_A,1014
10706,meta,Tier_A,2466
10707,meta,Tier_A,3161
10708,meta,Tier_A,1406
10709,meta,Tier_A,1422
10710,meta,Tier_A,895
10711,meta,Tier_A,620
10712,meta,Tier_A,2182
10713,meta,Tier_A,2270
10714,meta,Tier_A,2381
10715,meta,Tier_A,1769
10716,meta,Tier_A,1408
10717,meta,Tier_A,475
10718,meta,Tier_A,3042
10719,meta,Tier_A,2785
10720,meta,Tier_A,626
10721,meta,Tier_A,2185
10722,meta,Tier_A,916
10723,meta,Tier_A,1400
10724,meta,Tier_A,2116
10725,meta,Tier_A,385
10726,meta,Tier_A,1062
10727,meta,Tier_A,2348
10728,meta,Tier_A,2657
10729,meta,Tier_A,650
10730,meta,Tier_A,2013
10731,meta,Tier_A,2215
10732,meta,Tier_A,2326
10733,meta,Tier_A,980
10734,meta,Tier_A,2731
10735,meta,Tier_A,1368
10736,meta,Tier_A,2425
10737,meta,Tier_A,3428
10738,meta,Tier_A,585
10739,meta,Tier_A,655
10740,meta,Tier_A,1267
10741,meta,Tier_A,802
10742,meta,Tier_A,925
10743,meta,Tier_A,2130
10744,meta,Tier_A,941
10745,meta,Tier_A,2044
10746,meta,Tier_A,1462
10747,meta,Tier_A,939
10748,meta,Tier_A,2658
10749,meta,Tier_A,164
10750,meta,Tier_A,1174
10751,meta,Tier_A,2772
10752,meta,Tier_A,2493
10753,meta,Tier_A,3151
10754,meta,Tier_A,744
10755,meta,Tier_A,3105
10756,meta,Tier_A,1726
10757,meta,Tier_A,839
10758,meta,Tier_A,867
10759,meta,Tier_A,1200
10760,meta,Tier_A,1365
10761,meta,Tier_A,2402
10762,meta,Tier_A,3174
10763,meta,Tier_A,1910
10764,meta,Tier_A,2342
10765,meta,Tier_A,783
10766,meta,Tier_A,909
10767,meta,Tier_A,3066
10768,meta,Tier_A,2698
10769,meta,Tier_A,132
10770,meta,Tier_A,1632
10771,meta,Tier_A,1079
10772,meta,Tier_A,740
10773,meta,Tier_A,769
10774,meta,Tier_A,288
10775,meta,Tier_A,1415
10776,meta,Tier_A,1732
10777,meta,Tier_A,889
10778,meta,Tier_A,487
10779,meta,Tier_A,2467
10780,meta,Tier_A,1193
10781,meta,Tier_A,1524
10782,meta,Tier_A,2300
10783,meta,Tier_A,671
10784,meta,Tier_A,873
10785,meta,Tier_A,1074
10786,meta,Tier_A,1700
10787,meta,Tier_A,166
10788,meta,Tier_A,2570
10789,meta,Tier_A,997
10790,meta,Tier_A,1044
10791,meta,Tier_A,2460
10792,meta,Tier_A,1780
10793,meta,Tier_A,2579
10794,meta,Tier_A,947
10795,meta,Tier_A,2965
10796,meta,Tier_A,1552
10797,meta,Tier_A,3217
10798,meta,Tier_A,2523
10799,meta,Tier_A,1518
10800,meta,Tier_A,943
10801,meta,Tier_A,2629
10802,meta,Tier_A,1321
10803,meta,Tier_A,594
10804,meta,Tier_A,441
10805,meta,Tier_A,3356
10806,meta,Tier_A,2379
10807,meta,Tier_A,1603
10808,meta,Tier_A,2560
10809,meta,Tier_A,661
10810,meta,Tier_A,874
10811,meta,Tier_A,2879
10812,meta,Tier_A,932
10813,meta,Tier_A,2401
10814,meta,Tier_A,914
10815,meta,Tier_A,606
10816,meta,Tier_A,946
10817,meta,Tier_A,3108
10818,meta,Tier_A,2115
10819,meta,Tier_A,847
10820,meta,Tier_A,3266
10821,meta,Tier_A,2078
10822,meta,Tier_A,1484
10823,meta,Tier_A,538
10824,meta,Tier_A,2625
10825,meta,Tier_A,520
10826,meta,Tier_A,2940
10827,meta,Tier_A,2033
10828,meta,Tier_A,478
10829,meta,Tier_A,2503
10830,meta,Tier_A,2818
10831,meta,Tier_A,2551
10832,meta,Tier_A,194
10833,meta,Tier_A,1749
10834,meta,Tier_A,2140
10835,meta,Tier_A,2873
10836,meta,Tier_A,115
10837,meta,Tier_A,368
10838,meta,Tier_A,546
10839,meta,Tier_A,1653
10840,meta,Tier_A,354
10841,meta,Tier_A,2206
10842,meta,Tier_A,3396
10843,meta,Tier_A,2864
10844,meta,Tier_A,359
10845,meta,Tier_A,1235
10846,meta,Tier_A,2256
10847,meta,Tier_A,664
10848,meta,Tier_A,3272
10849,meta,Tier_A,1470
10850,meta,Tier_A,3503
10851,meta,Tier_A,1995
10852,meta,Tier_A,2047
10853,meta,Tier_A,178
10854,meta,Tier_A,1229
10855,meta,Tier_A,2843
10856,meta,Tier_A,1925
10857,meta,Tier_A,2537
10858,meta,Tier_A,2176
10859,meta,Tier_A,473
10860,meta,Tier_A,2655
10861,meta,Tier_A,2563
10862,meta,Tier_A,781
10863,meta,Tier_A,1814
10864,meta,Tier_A,2145
10865,meta,Tier_A,935
10866,meta,Tier_A,3163
10867,meta,Tier_A,1423
10868,meta,Tier_A,327
10869,meta,Tier_A,192
10870,meta,Tier_A,2799
10871,meta,Tier_A,1658
10872,meta,Tier_A,2845
10873,meta,Tier_A,818
10874,meta,Tier_A,1547
10875,meta,Tier_A,878
10876,meta,Tier_A,2074
10877,meta,Tier_A,3392
10878,meta,Tier_A,2119
10879,meta,Tier_A,3527
10880,meta,Tier_A,990
10881,meta,Tier_A,2942
10882,meta,Tier_A,1195
10883,meta,Tier_A,841
10884,meta,Tier_A,1295
10885,meta,Tier_A,564
10886,meta,Tier_A,1716
10887,meta,Tier_A,2071
10888,meta,Tier_A,3191
10889,meta,Tier_A,838
10890,meta,Tier_A,3533
10891,meta,Tier_A,1383
10892,meta,Tier_A,2742
10893,meta,Tier_A,790
10894,meta,Tier_A,2139
10895,meta,Tier_A,159
10896,meta,Tier_A,1326
10897,meta,Tier_A,2259
10898,meta,Tier_A,3343
10899,meta,Tier_A,1550
10900,meta,Tier_A,2094
10901,meta,Tier_A,521
10902,meta,Tier_A,1723
10903,meta,Tier_A,3337
10904,meta,Tier_A,3304
10905,meta,Tier_A,1007
10906,meta,Tier_A,2901
10907,meta,Tier_A,3341
10908,meta,Tier_A,1931
10909,meta,Tier_A,3545
10910,meta,Tier_A,3362
10911,meta,Tier_A,2144
10912,meta,Tier_A,3068
10913,meta,Tier_A,1710
10914,meta,Tier_A,2131
10915,meta,Tier_A,1857
10916,meta,Tier_A,401
10917,meta,Tier_A,2865
10918,meta,Tier_A,2894
10919,meta,Tier_A,1850
10920,meta,Tier_A,99
10921,meta,Tier_A,2739
10922,meta,Tier_A,1485
10923,meta,Tier_A,1204
10924,meta,Tier_A,743
10925,meta,Tier_A,2929
10926,meta,Tier_A,2715
10927,meta,Tier_A,3403
10928,meta,Tier_A,414
10929,meta,Tier_A,1061
10930,meta,Tier_A,1166
10931,meta,Tier_A,668
10932,meta,Tier_A,2434
10933,meta,Tier_A,792
10934,meta,Tier_A,3170
10935,meta,Tier_A,201
10936,meta,Tier_A,3442
10937,meta,Tier_A,3445
10938,meta,Tier_A,1068
10939,meta,Tier_A,3423
10940,meta,Tier_A,709
10941,meta,Tier_A,1282
10942,meta,Tier_A,2566
10943,meta,Tier_A,2616
10944,meta,Tier_A,926
10945,meta,Tier_A,3576
10946,meta,Tier_A,1432
10947,meta,Tier_A,2187
10948,meta,Tier_A,2016
10949,meta,Tier_A,3405
10950,meta,Tier_A,1464
10951,meta,Tier_A,2966
10952,meta,Tier_A,3443
10953,meta,Tier_A,1557
10954,meta,Tier_A,788
10955,meta,Tier_A,2336
10956,meta,Tier_A,2951
10957,meta,Tier_A,2477
10958,meta,Tier_A,2081
10959,meta,Tier_A,3282
10960,meta,Tier_A,2200
10961,meta,Tier_A,652
10962,meta,Tier_A,2007
10963,meta,Tier_A,2603
10964,meta,Tier_A,1642
10965,meta,Tier_A,2762
10966,meta,Tier_A,2099
10967,meta,Tier_A,686
10968,meta,Tier_A,97
10969,meta,Tier_A,3330
10970,meta,Tier_A,3333
10971,meta,Tier_A,592
10972,meta,Tier_A,2787
10973,meta,Tier_A,607
10974,meta,Tier_A,1394
10975,meta,Tier_A,866
10976,meta,Tier_A,1506
10977,meta,Tier_A,276
10978,meta,Tier_A,421
10979,meta,Tier_A,1523
10980,meta,Tier_A,3439
10981,meta,Tier_A,1685
10982,meta,Tier_A,1900
10983,meta,Tier_A,2410
10984,meta,Tier_A,106
10985,meta,Tier_A,2458
10986,meta,Tier_A,3136
10987,meta,Tier_A,910
10988,meta,Tier_A,3201
10989,meta,Tier_A,1022
10990,meta,Tier_A,2163
10991,meta,Tier_A,459
10992,meta,Tier_A,518
10993,meta,Tier_A,1304
10994,meta,Tier_A,1203
10995,meta,Tier_A,2974
10996,meta,Tier_A,372
10997,meta,Tier_A,1957
10998,meta,Tier_A,1695
10999,meta,Tier_A,1672
11000,meta,Tier_A,1834
11001,meta,Tier_A,2322
11002,meta,Tier_A,3487
11003,meta,Tier_A,3625
11004,meta,Tier_A,848
11005,meta,Tier_A,1717
11006,meta,Tier_A,3561
11007,meta,Tier_A,1009
11008,meta,Tier_A,2608
11009,meta,Tier_A,336
11010,meta,Tier_A,2411
11011,meta,Tier_A,2457
11012,meta,Tier_A,898
11013,meta,Tier_A,2870
11014,meta,Tier_A,2561
11015,meta,Tier_A,3477
11016,meta,Tier_A,754
11017,meta,Tier_A,537
11018,meta,Tier_A,869
11019,meta,Tier_A,3636
11020,meta,Tier_A,3566
11021,meta,Tier_A,1323
11022,meta,Tier_A,627
11023,meta,Tier_A,707
11024,meta,Tier_A,837
11025,meta,Tier_A,511
11026,meta,Tier_A,3379
11027,meta,Tier_A,1461
11028,meta,Tier_A,1218
11029,meta,Tier_A,1911
11030,meta,Tier_A,1297
11031,meta,Tier_A,1504
11032,meta,Tier_A,2815
11033,meta,Tier_A,679
11034,meta,Tier_A,2999
11035,meta,Tier_A,2043
11036,meta,Tier_A,3274
11037,meta,Tier_A,665
11038,meta,Tier_A,3000
11039,meta,Tier_A,2594
11040,meta,Tier_A,1179
11041,meta,Tier_A,3446
11042,meta,Tier_A,937
11043,meta,Tier_A,1792
11044,meta,Tier_A,3025
11045,meta,Tier_A,1466
11046,meta,Tier_A,3027
11047,meta,Tier_A,3516
11048,meta,Tier_A,2749
11049,meta,Tier_A,923
11050,meta,Tier_A,1582
11051,meta,Tier_A,741
11052,meta,Tier_A,298
11053,meta,Tier_A,3541
11054,meta,Tier_A,3227
11055,meta,Tier_A,966
11056,meta,Tier_A,1345
11057,meta,Tier_A,1299
11058,meta,Tier_A,1054
11059,meta,Tier_A,3688
11060,meta,Tier_A,3158
11061,meta,Tier_A,3552
11062,meta,Tier_A,306
11063,meta,Tier_A,3650
11064,meta,Tier_A,611
11065,meta,Tier_A,976
11066,meta,Tier_A,1039
11067,meta,Tier_A,2325
11068,meta,Tier_A,1813
11069,meta,Tier_A,391
11070,meta,Tier_A,3100
11071,meta,Tier_A,851
11072,meta,Tier_A,3417
11073,meta,Tier_A,3652
11074,meta,Tier_A,1488
11075,meta,Tier_A,871
11076,meta,Tier_A,2954
11077,meta,Tier_A,3494
11078,meta,Tier_A,3697
11079,meta,Tier_A,464
11080,meta,Tier_A,2426
11081,meta,Tier_A,1584
11082,meta,Tier_A,433
11083,meta,Tier_A,3539
11084,meta,Tier_A,1676
11085,meta,Tier_A,2273
11086,meta,Tier_A,1984
11087,meta,Tier_A,3289
11088,meta,Tier_A,454
11089,meta,Tier_A,1921
11090,meta,Tier_A,1656
11091,meta,Tier_A,1865
11092,meta,Tier_A,3397
11093,meta,Tier_A,1691
11094,meta,Tier_A,3346
11095,meta,Tier_A,3461
11096,meta,Tier_A,2048
11097,meta,Tier_A,2781
11098,meta,Tier_A,2250
11099,meta,Tier_A,3354
11100,meta,Tier_A,1526
11101,meta,Tier_A,1360
11102,meta,Tier_A,2257
11103,meta,Tier_A,3318
11104,meta,Tier_A,2296
11105,meta,Tier_A,3607
11106,meta,Tier_A,3570
11107,meta,Tier_A,1463
11108,meta,Tier_A,2028
11109,meta,Tier_A,877
11110,meta,Tier_A,3542
11111,meta,Tier_A,3228
11112,meta,Tier_A,2817
11113,meta,Tier_A,2536
11114,meta,Tier_A,1743
11115,meta,Tier_A,1437
11116,meta,Tier_A,1337
11117,meta,Tier_A,2154
11118,meta,Tier_A,259
11119,meta,Tier_A,1098
11120,meta,Tier_A,1502
11121,meta,Tier_A,757
11122,meta,Tier_A,608
11123,meta,Tier_A,2019
11124,meta,Tier_A,1262
11125,meta,Tier_A,654
11126,meta,Tier_A,612
11127,meta,Tier_A,1015
11128,meta,Tier_A,1750
11129,meta,Tier_A,220
11130,meta,Tier_A,832
11131,meta,Tier_A,1393
11132,meta,Tier_A,3381
11133,meta,Tier_A,2760
11134,meta,Tier_A,2141
11135,meta,Tier_A,1109
11136,meta,Tier_A,3578
11137,meta,Tier_A,3623
11138,meta,Tier_A,3495
11139,meta,Tier_A,2703
11140,meta,Tier_A,3583
11141,meta,Tier_A,3577
11142,meta,Tier_A,1696
11143,meta,Tier_A,880
11144,meta,Tier_A,177
11145,meta,Tier_A,3573
11146,meta,Tier_A,3512
11147,meta,Tier_A,944
11148,meta,Tier_A,154
11149,meta,Tier_A,2054
11150,meta,Tier_A,1129
11151,meta,Tier_A,3732
11152,meta,Tier_A,3690
11153,meta,Tier_A,1795
11154,meta,Tier_A,3562
11155,meta,Tier_A,563
11156,meta,Tier_A,2220
11157,meta,Tier_A,1970
11158,meta,Tier_A,961
11159,meta,Tier_A,1411
11160,meta,Tier_A,888
11161,meta,Tier_A,1390
11162,meta,Tier_A,1975
11163,meta,Tier_A,1136
11164,meta,Tier_A,1339
11165,meta,Tier_A,759
11166,meta,Tier_A,1458
11167,meta,Tier_A,712
11168,meta,Tier_A,313
11169,meta,Tier_A,1049
11170,meta,Tier_A,3453
11171,meta,Tier_A,2943
11172,meta,Tier_A,2330
11173,meta,Tier_A,3047
11174,meta,Tier_A,3315
11175,meta,Tier_A,513
11176,meta,Tier_A,3507
11177,meta,Tier_A,2024
11178,meta,Tier_A,3651
11179,meta,Tier_A,3296
11180,meta,Tier_A,3010
11181,meta,Tier_A,3637
11182,meta,Tier_A,3640
11183,meta,Tier_A,3829
11184,meta,Tier_A,3634
11185,meta,Tier_A,1201
11186,meta,Tier_A,845
11187,meta,Tier_A,1392
11188,meta,Tier_A,2946
11189,meta,Tier_A,3713
11190,meta,Tier_A,3714
11191,meta,Tier_A,557
11192,meta,Tier_A,799
11193,meta,Tier_A,3770
11194,meta,Tier_A,2889
11195,meta,Tier_A,956
11196,meta,Tier_A,1032
11197,meta,Tier_A,2521
11198,meta,Tier_A,1456
11199,meta,Tier_A,2601
11200,meta,Tier_A,1572
11201,meta,Tier_A,1404
11202,meta,Tier_A,3816
11203,meta,Tier_A,1800
11204,meta,Tier_A,1758
11205,meta,Tier_A,1664
11206,meta,Tier_A,1888
11207,meta,Tier_A,834
11208,meta,Tier_A,2672
11209,meta,Tier_A,3862
11210,meta,Tier_A,360
11211,meta,Tier_A,1442
11212,meta,Tier_A,2697
11213,meta,Tier_A,1342
11214,meta,Tier_A,1727
11215,meta,Tier_A,979
11216,meta,Tier_A,549
11217,meta,Tier_A,3643
11218,meta,Tier_A,922
11219,meta,Tier_A,2332
11220,meta,Tier_A,2264
11221,meta,Tier_A,3129
11222,meta,Tier_A,1006
11223,meta,Tier_A,3592
11224,meta,Tier_A,3024
11225,meta,Tier_A,2751
11226,meta,Tier_A,1289
11227,meta,Tier_A,630
11228,meta,Tier_A,859
11229,meta,Tier_A,1492
11230,meta,Tier_A,3761
11231,meta,Tier_A,2615
11232,meta,Tier_A,1963
11233,meta,Tier_A,2833
11234,meta,Tier_A,3046
11235,meta,Tier_A,1559
11236,meta,Tier_A,396
11237,meta,Tier_A,2248
11238,meta,Tier_A,3335
11239,meta,Tier_A,1823
11240,meta,Tier_A,1413
11241,meta,Tier_A,3629
11242,meta,Tier_A,1914
11243,meta,Tier_A,3606
11244,meta,Tier_A,2770
11245,meta,Tier_A,1674
11246,meta,Tier_A,1534
11247,meta,Tier_A,3932
11248,micro1,Tier_C,20
11249,micro1,Tier_C,3
11250,micro1,Tier_C,1143
11251,micro1,Tier_C,621
11252,microsoft,Tier_A,1
11253,microsoft,Tier_A,2
11254,microsoft,Tier_A,3
11255,microsoft,Tier_A,4
11256,microsoft,Tier_A,5
11257,microsoft,Tier_A,6
11258,microsoft,Tier_A,7
11259,microsoft,Tier_A,8
11260,microsoft,Tier_A,9
11261,microsoft,Tier_A,10
11262,microsoft,Tier_A,11
11263,microsoft,Tier_A,12
11264,microsoft,Tier_A,13
11265,microsoft,Tier_A,14
11266,microsoft,Tier_A,15
11267,microsoft,Tier_A,16
11268,microsoft,Tier_A,17
11269,microsoft,Tier_A,18
11270,microsoft,Tier_A,19
11271,microsoft,Tier_A,20
11272,microsoft,Tier_A,21
11273,microsoft,Tier_A,22
11274,microsoft,Tier_A,23
11275,microsoft,Tier_A,24
11276,microsoft,Tier_A,25
11277,microsoft,Tier_A,26
11278,microsoft,Tier_A,27
11279,microsoft,Tier_A,28
11280,microsoft,Tier_A,29
11281,microsoft,Tier_A,30
11282,microsoft,Tier_A,31
11283,microsoft,Tier_A,32
11284,microsoft,Tier_A,33
11285,microsoft,Tier_A,34
11286,microsoft,Tier_A,35
11287,microsoft,Tier_A,36
11288,microsoft,Tier_A,37
11289,microsoft,Tier_A,38
11290,microsoft,Tier_A,39
11291,microsoft,Tier_A,40
11292,microsoft,Tier_A,41
11293,microsoft,Tier_A,42
11294,microsoft,Tier_A,43
11295,microsoft,Tier_A,44
11296,microsoft,Tier_A,45
11297,microsoft,Tier_A,46
11298,microsoft,Tier_A,47
11299,microsoft,Tier_A,48
11300,microsoft,Tier_A,49
11301,microsoft,Tier_A,50
11302,microsoft,Tier_A,51
11303,microsoft,Tier_A,52
11304,microsoft,Tier_A,53
11305,microsoft,Tier_A,54
11306,microsoft,Tier_A,55
11307,microsoft,Tier_A,56
11308,microsoft,Tier_A,57
11309,microsoft,Tier_A,58
11310,microsoft,Tier_A,59
11311,microsoft,Tier_A,61
11312,microsoft,Tier_A,62
11313,microsoft,Tier_A,63
11314,microsoft,Tier_A,64
11315,microsoft,Tier_A,66
11316,microsoft,Tier_A,67
11317,microsoft,Tier_A,68
11318,microsoft,Tier_A,69
11319,microsoft,Tier_A,70
11320,microsoft,Tier_A,71
11321,microsoft,Tier_A,72
11322,microsoft,Tier_A,73
11323,microsoft,Tier_A,74
11324,microsoft,Tier_A,75
11325,microsoft,Tier_A,76
11326,microsoft,Tier_A,77
11327,microsoft,Tier_A,78
11328,microsoft,Tier_A,79
11329,microsoft,Tier_A,80
11330,microsoft,Tier_A,81
11331,microsoft,Tier_A,82
11332,microsoft,Tier_A,83
11333,microsoft,Tier_A,84
11334,microsoft,Tier_A,85
11335,microsoft,Tier_A,86
11336,microsoft,Tier_A,88
11337,microsoft,Tier_A,90
11338,microsoft,Tier_A,91
11339,microsoft,Tier_A,92
11340,microsoft,Tier_A,93
11341,microsoft,Tier_A,94
11342,microsoft,Tier_A,95
11343,microsoft,Tier_A,96
11344,microsoft,Tier_A,97
11345,microsoft,Tier_A,98
11346,microsoft,Tier_A,99
11347,microsoft,Tier_A,100
11348,microsoft,Tier_A,101
11349,microsoft,Tier_A,102
11350,microsoft,Tier_A,103
11351,microsoft,Tier_A,104
11352,microsoft,Tier_A,105
11353,microsoft,Tier_A,106
11354,microsoft,Tier_A,108
11355,microsoft,Tier_A,109
11356,microsoft,Tier_A,110
11357,microsoft,Tier_A,111
11358,microsoft,Tier_A,112
11359,microsoft,Tier_A,113
11360,microsoft,Tier_A,114
11361,microsoft,Tier_A,115
11362,microsoft,Tier_A,116
11363,microsoft,Tier_A,117
11364,microsoft,Tier_A,118
11365,microsoft,Tier_A,119
11366,microsoft,Tier_A,120
11367,microsoft,Tier_A,121
11368,microsoft,Tier_A,122
11369,microsoft,Tier_A,123
11370,microsoft,Tier_A,124
11371,microsoft,Tier_A,125
11372,microsoft,Tier_A,126
11373,microsoft,Tier_A,127
11374,microsoft,Tier_A,128
11375,microsoft,Tier_A,129
11376,microsoft,Tier_A,130
11377,microsoft,Tier_A,131
11378,microsoft,Tier_A,133
11379,microsoft,Tier_A,134
11380,microsoft,Tier_A,135
11381,microsoft,Tier_A,136
11382,microsoft,Tier_A,137
11383,microsoft,Tier_A,138
11384,microsoft,Tier_A,139
11385,microsoft,Tier_A,140
11386,microsoft,Tier_A,141
11387,microsoft,Tier_A,142
11388,microsoft,Tier_A,143
11389,microsoft,Tier_A,144
11390,microsoft,Tier_A,145
11391,microsoft,Tier_A,146
11392,microsoft,Tier_A,147
11393,microsoft,Tier_A,148
11394,microsoft,Tier_A,149
11395,microsoft,Tier_A,150
11396,microsoft,Tier_A,151
11397,microsoft,Tier_A,152
11398,microsoft,Tier_A,153
11399,microsoft,Tier_A,154
11400,microsoft,Tier_A,155
11401,microsoft,Tier_A,160
11402,microsoft,Tier_A,162
11403,microsoft,Tier_A,165
11404,microsoft,Tier_A,167
11405,microsoft,Tier_A,168
11406,microsoft,Tier_A,169
11407,microsoft,Tier_A,171
11408,microsoft,Tier_A,172
11409,microsoft,Tier_A,173
11410,microsoft,Tier_A,174
11411,microsoft,Tier_A,175
11412,microsoft,Tier_A,176
11413,microsoft,Tier_A,178
11414,microsoft,Tier_A,179
11415,microsoft,Tier_A,180
11416,microsoft,Tier_A,181
11417,microsoft,Tier_A,184
11418,microsoft,Tier_A,185
11419,microsoft,Tier_A,186
11420,microsoft,Tier_A,187
11421,microsoft,Tier_A,188
11422,microsoft,Tier_A,189
11423,microsoft,Tier_A,191
11424,microsoft,Tier_A,197
11425,microsoft,Tier_A,198
11426,microsoft,Tier_A,199
11427,microsoft,Tier_A,200
11428,microsoft,Tier_A,202
11429,microsoft,Tier_A,203
11430,microsoft,Tier_A,204
11431,microsoft,Tier_A,205
11432,microsoft,Tier_A,206
11433,microsoft,Tier_A,207
11434,microsoft,Tier_A,208
11435,microsoft,Tier_A,209
11436,microsoft,Tier_A,210
11437,microsoft,Tier_A,211
11438,microsoft,Tier_A,212
11439,microsoft,Tier_A,213
11440,microsoft,Tier_A,214
11441,microsoft,Tier_A,215
11442,microsoft,Tier_A,217
11443,microsoft,Tier_A,218
11444,microsoft,Tier_A,219
11445,microsoft,Tier_A,222
11446,microsoft,Tier_A,223
11447,microsoft,Tier_A,224
11448,microsoft,Tier_A,225
11449,microsoft,Tier_A,226
11450,microsoft,Tier_A,227
11451,microsoft,Tier_A,229
11452,microsoft,Tier_A,230
11453,microsoft,Tier_A,231
11454,microsoft,Tier_A,232
11455,microsoft,Tier_A,233
11456,microsoft,Tier_A,234
11457,microsoft,Tier_A,235
11458,microsoft,Tier_A,236
11459,microsoft,Tier_A,237
11460,microsoft,Tier_A,238
11461,microsoft,Tier_A,239
11462,microsoft,Tier_A,240
11463,microsoft,Tier_A,242
11464,microsoft,Tier_A,252
11465,microsoft,Tier_A,253
11466,microsoft,Tier_A,258
11467,microsoft,Tier_A,260
11468,microsoft,Tier_A,261
11469,microsoft,Tier_A,264
11470,microsoft,Tier_A,266
11471,microsoft,Tier_A,268
11472,microsoft,Tier_A,269
11473,microsoft,Tier_A,270
11474,microsoft,Tier_A,271
11475,microsoft,Tier_A,273
11476,microsoft,Tier_A,274
11477,microsoft,Tier_A,277
11478,microsoft,Tier_A,278
11479,microsoft,Tier_A,279
11480,microsoft,Tier_A,283
11481,microsoft,Tier_A,285
11482,microsoft,Tier_A,287
11483,microsoft,Tier_A,289
11484,microsoft,Tier_A,290
11485,microsoft,Tier_A,292
11486,microsoft,Tier_A,295
11487,microsoft,Tier_A,297
11488,microsoft,Tier_A,300
11489,microsoft,Tier_A,303
11490,microsoft,Tier_A,310
11491,microsoft,Tier_A,312
11492,microsoft,Tier_A,314
11493,microsoft,Tier_A,315
11494,microsoft,Tier_A,316
11495,microsoft,Tier_A,319
11496,microsoft,Tier_A,322
11497,microsoft,Tier_A,325
11498,microsoft,Tier_A,326
11499,microsoft,Tier_A,328
11500,microsoft,Tier_A,329
11501,microsoft,Tier_A,333
11502,microsoft,Tier_A,337
11503,microsoft,Tier_A,338
11504,microsoft,Tier_A,340
11505,microsoft,Tier_A,341
11506,microsoft,Tier_A,342
11507,microsoft,Tier_A,343
11508,microsoft,Tier_A,344
11509,microsoft,Tier_A,345
11510,microsoft,Tier_A,347
11511,microsoft,Tier_A,348
11512,microsoft,Tier_A,349
11513,microsoft,Tier_A,350
11514,microsoft,Tier_A,354
11515,microsoft,Tier_A,355
11516,microsoft,Tier_A,362
11517,microsoft,Tier_A,365
11518,microsoft,Tier_A,367
11519,microsoft,Tier_A,368
11520,microsoft,Tier_A,371
11521,microsoft,Tier_A,373
11522,microsoft,Tier_A,378
11523,microsoft,Tier_A,380
11524,microsoft,Tier_A,384
11525,microsoft,Tier_A,387
11526,microsoft,Tier_A,392
11527,microsoft,Tier_A,394
11528,microsoft,Tier_A,395
11529,microsoft,Tier_A,399
11530,microsoft,Tier_A,400
11531,microsoft,Tier_A,402
11532,microsoft,Tier_A,403
11533,microsoft,Tier_A,407
11534,microsoft,Tier_A,409
11535,microsoft,Tier_A,410
11536,microsoft,Tier_A,412
11537,microsoft,Tier_A,414
11538,microsoft,Tier_A,415
11539,microsoft,Tier_A,416
11540,microsoft,Tier_A,419
11541,microsoft,Tier_A,420
11542,microsoft,Tier_A,421
11543,microsoft,Tier_A,424
11544,microsoft,Tier_A,432
11545,microsoft,Tier_A,433
11546,microsoft,Tier_A,435
11547,microsoft,Tier_A,437
11548,microsoft,Tier_A,438
11549,microsoft,Tier_A,441
11550,microsoft,Tier_A,442
11551,microsoft,Tier_A,443
11552,microsoft,Tier_A,445
11553,microsoft,Tier_A,450
11554,microsoft,Tier_A,451
11555,microsoft,Tier_A,452
11556,microsoft,Tier_A,455
11557,microsoft,Tier_A,456
11558,microsoft,Tier_A,457
11559,microsoft,Tier_A,460
11560,microsoft,Tier_A,462
11561,microsoft,Tier_A,463
11562,microsoft,Tier_A,465
11563,microsoft,Tier_A,468
11564,microsoft,Tier_A,473
11565,microsoft,Tier_A,475
11566,microsoft,Tier_A,486
11567,microsoft,Tier_A,493
11568,microsoft,Tier_A,494
11569,microsoft,Tier_A,496
11570,microsoft,Tier_A,502
11571,microsoft,Tier_A,503
11572,microsoft,Tier_A,510
11573,microsoft,Tier_A,513
11574,microsoft,Tier_A,515
11575,microsoft,Tier_A,518
11576,microsoft,Tier_A,1983
11577,microsoft,Tier_A,523
11578,microsoft,Tier_A,525
11579,microsoft,Tier_A,535
11580,microsoft,Tier_A,539
11581,microsoft,Tier_A,540
11582,microsoft,Tier_A,542
11583,microsoft,Tier_A,543
11584,microsoft,Tier_A,545
11585,microsoft,Tier_A,556
11586,microsoft,Tier_A,557
11587,microsoft,Tier_A,560
11588,microsoft,Tier_A,564
11589,microsoft,Tier_A,567
11590,microsoft,Tier_A,570
11591,microsoft,Tier_A,572
11592,microsoft,Tier_A,581
11593,microsoft,Tier_A,584
11594,microsoft,Tier_A,588
11595,microsoft,Tier_A,591
11596,microsoft,Tier_A,595
11597,microsoft,Tier_A,596
11598,microsoft,Tier_A,605
11599,microsoft,Tier_A,621
11600,microsoft,Tier_A,626
11601,microsoft,Tier_A,628
11602,microsoft,Tier_A,631
11603,microsoft,Tier_A,633
11604,microsoft,Tier_A,642
11605,microsoft,Tier_A,643
11606,microsoft,Tier_A,645
11607,microsoft,Tier_A,647
11608,microsoft,Tier_A,648
11609,microsoft,Tier_A,650
11610,microsoft,Tier_A,651
11611,microsoft,Tier_A,652
11612,microsoft,Tier_A,653
11613,microsoft,Tier_A,654
11614,microsoft,Tier_A,657
11615,microsoft,Tier_A,658
11616,microsoft,Tier_A,661
11617,microsoft,Tier_A,672
11618,microsoft,Tier_A,678
11619,microsoft,Tier_A,680
11620,microsoft,Tier_A,692
11621,microsoft,Tier_A,694
11622,microsoft,Tier_A,695
11623,microsoft,Tier_A,698
11624,microsoft,Tier_A,714
11625,microsoft,Tier_A,718
11626,microsoft,Tier_A,721
11627,microsoft,Tier_A,722
11628,microsoft,Tier_A,724
11629,microsoft,Tier_A,726
11630,microsoft,Tier_A,733
11631,microsoft,Tier_A,735
11632,microsoft,Tier_A,739
11633,microsoft,Tier_A,740
11634,microsoft,Tier_A,741
11635,microsoft,Tier_A,743
11636,microsoft,Tier_A,746
11637,microsoft,Tier_A,752
11638,microsoft,Tier_A,426
11639,microsoft,Tier_A,428
11640,microsoft,Tier_A,763
11641,microsoft,Tier_A,767
11642,microsoft,Tier_A,769
11643,microsoft,Tier_A,700
11644,microsoft,Tier_A,701
11645,microsoft,Tier_A,772
11646,microsoft,Tier_A,703
11647,microsoft,Tier_A,704
11648,microsoft,Tier_A,778
11649,microsoft,Tier_A,784
11650,microsoft,Tier_A,785
11651,microsoft,Tier_A,787
11652,microsoft,Tier_A,790
11653,microsoft,Tier_A,791
11654,microsoft,Tier_A,794
11655,microsoft,Tier_A,796
11656,microsoft,Tier_A,797
11657,microsoft,Tier_A,706
11658,microsoft,Tier_A,802
11659,microsoft,Tier_A,805
11660,microsoft,Tier_A,819
11661,microsoft,Tier_A,707
11662,microsoft,Tier_A,826
11663,microsoft,Tier_A,828
11664,microsoft,Tier_A,834
11665,microsoft,Tier_A,489
11666,microsoft,Tier_A,836
11667,microsoft,Tier_A,841
11668,microsoft,Tier_A,846
11669,microsoft,Tier_A,852
11670,microsoft,Tier_A,853
11671,microsoft,Tier_A,857
11672,microsoft,Tier_A,862
11673,microsoft,Tier_A,863
11674,microsoft,Tier_A,867
11675,microsoft,Tier_A,871
11676,microsoft,Tier_A,875
11677,microsoft,Tier_A,876
11678,microsoft,Tier_A,528
11679,microsoft,Tier_A,881
11680,microsoft,Tier_A,886
11681,microsoft,Tier_A,894
11682,microsoft,Tier_A,895
11683,microsoft,Tier_A,901
11684,microsoft,Tier_A,904
11685,microsoft,Tier_A,905
11686,microsoft,Tier_A,907
11687,microsoft,Tier_A,909
11688,microsoft,Tier_A,912
11689,microsoft,Tier_A,918
11690,microsoft,Tier_A,921
11691,microsoft,Tier_A,930
11692,microsoft,Tier_A,931
11693,microsoft,Tier_A,932
11694,microsoft,Tier_A,934
11695,microsoft,Tier_A,938
11696,microsoft,Tier_A,945
11697,microsoft,Tier_A,947
11698,microsoft,Tier_A,949
11699,microsoft,Tier_A,950
11700,microsoft,Tier_A,956
11701,microsoft,Tier_A,962
11702,microsoft,Tier_A,968
11703,microsoft,Tier_A,969
11704,microsoft,Tier_A,972
11705,microsoft,Tier_A,509
11706,microsoft,Tier_A,973
11707,microsoft,Tier_A,974
11708,microsoft,Tier_A,977
11709,microsoft,Tier_A,979
11710,microsoft,Tier_A,981
11711,microsoft,Tier_A,987
11712,microsoft,Tier_A,992
11713,microsoft,Tier_A,993
11714,microsoft,Tier_A,994
11715,microsoft,Tier_A,995
11716,microsoft,Tier_A,997
11717,microsoft,Tier_A,1002
11718,microsoft,Tier_A,1004
11719,microsoft,Tier_A,1006
11720,microsoft,Tier_A,1007
11721,microsoft,Tier_A,1011
11722,microsoft,Tier_A,1013
11723,microsoft,Tier_A,1019
11724,microsoft,Tier_A,1021
11725,microsoft,Tier_A,1027
11726,microsoft,Tier_A,1035
11727,microsoft,Tier_A,1038
11728,microsoft,Tier_A,1166
11729,microsoft,Tier_A,1047
11730,microsoft,Tier_A,1051
11731,microsoft,Tier_A,1053
11732,microsoft,Tier_A,1197
11733,microsoft,Tier_A,1198
11734,microsoft,Tier_A,1071
11735,microsoft,Tier_A,1068
11736,microsoft,Tier_A,1070
11737,microsoft,Tier_A,1092
11738,microsoft,Tier_A,1091
11739,microsoft,Tier_A,1093
11740,microsoft,Tier_A,1106
11741,microsoft,Tier_A,1273
11742,microsoft,Tier_A,1246
11743,microsoft,Tier_A,1114
11744,microsoft,Tier_A,1131
11745,microsoft,Tier_A,1146
11746,microsoft,Tier_A,1143
11747,microsoft,Tier_A,1148
11748,microsoft,Tier_A,1360
11749,microsoft,Tier_A,1361
11750,microsoft,Tier_A,1363
11751,microsoft,Tier_A,1382
11752,microsoft,Tier_A,1190
11753,microsoft,Tier_A,1192
11754,microsoft,Tier_A,1405
11755,microsoft,Tier_A,1193
11756,microsoft,Tier_A,1207
11757,microsoft,Tier_A,1209
11758,microsoft,Tier_A,1204
11759,microsoft,Tier_A,1206
11760,microsoft,Tier_A,2321
11761,microsoft,Tier_A,1235
11762,microsoft,Tier_A,2216
11763,microsoft,Tier_A,2193
11764,microsoft,Tier_A,1239
11765,microsoft,Tier_A,2309
11766,microsoft,Tier_A,1248
11767,microsoft,Tier_A,1249
11768,microsoft,Tier_A,1254
11769,microsoft,Tier_A,1251
11770,microsoft,Tier_A,1268
11771,microsoft,Tier_A,1290
11772,microsoft,Tier_A,1280
11773,microsoft,Tier_A,1285
11774,microsoft,Tier_A,1304
11775,microsoft,Tier_A,1306
11776,microsoft,Tier_A,1318
11777,microsoft,Tier_A,1342
11778,microsoft,Tier_A,1344
11779,microsoft,Tier_A,1324
11780,microsoft,Tier_A,1339
11781,microsoft,Tier_A,1371
11782,microsoft,Tier_A,1372
11783,microsoft,Tier_A,1386
11784,microsoft,Tier_A,1375
11785,microsoft,Tier_A,1376
11786,microsoft,Tier_A,1369
11787,microsoft,Tier_A,1378
11788,microsoft,Tier_A,1394
11789,microsoft,Tier_A,1415
11790,microsoft,Tier_A,1404
11791,microsoft,Tier_A,1431
11792,microsoft,Tier_A,1417
11793,microsoft,Tier_A,1423
11794,microsoft,Tier_A,1448
11795,microsoft,Tier_A,1438
11796,microsoft,Tier_A,1443
11797,microsoft,Tier_A,1458
11798,microsoft,Tier_A,1475
11799,microsoft,Tier_A,1466
11800,microsoft,Tier_A,1470
11801,microsoft,Tier_A,1472
11802,microsoft,Tier_A,1492
11803,microsoft,Tier_A,1480
11804,microsoft,Tier_A,1482
11805,microsoft,Tier_A,1469
11806,microsoft,Tier_A,1510
11807,microsoft,Tier_A,1474
11808,microsoft,Tier_A,1523
11809,microsoft,Tier_A,1518
11810,microsoft,Tier_A,1539
11811,microsoft,Tier_A,1528
11812,microsoft,Tier_A,1557
11813,microsoft,Tier_A,1545
11814,microsoft,Tier_A,1547
11815,microsoft,Tier_A,1573
11816,microsoft,Tier_A,1576
11817,microsoft,Tier_A,1578
11818,microsoft,Tier_A,1584
11819,microsoft,Tier_A,1570
11820,microsoft,Tier_A,1581
11821,microsoft,Tier_A,1615
11822,microsoft,Tier_A,1636
11823,microsoft,Tier_A,1637
11824,microsoft,Tier_A,1638
11825,microsoft,Tier_A,1631
11826,microsoft,Tier_A,1653
11827,microsoft,Tier_A,1642
11828,microsoft,Tier_A,1669
11829,microsoft,Tier_A,1671
11830,microsoft,Tier_A,1647
11831,microsoft,Tier_A,1644
11832,microsoft,Tier_A,1650
11833,microsoft,Tier_A,1672
11834,microsoft,Tier_A,1679
11835,microsoft,Tier_A,1681
11836,microsoft,Tier_A,1661
11837,microsoft,Tier_A,1700
11838,microsoft,Tier_A,1703
11839,microsoft,Tier_A,1723
11840,microsoft,Tier_A,1732
11841,microsoft,Tier_A,1751
11842,microsoft,Tier_A,1763
11843,microsoft,Tier_A,1752
11844,microsoft,Tier_A,1781
11845,microsoft,Tier_A,1768
11846,microsoft,Tier_A,1757
11847,microsoft,Tier_A,1762
11848,microsoft,Tier_A,1791
11849,microsoft,Tier_A,1802
11850,microsoft,Tier_A,1808
11851,microsoft,Tier_A,1789
11852,microsoft,Tier_A,1822
11853,microsoft,Tier_A,1823
11854,microsoft,Tier_A,1838
11855,microsoft,Tier_A,1836
11856,microsoft,Tier_A,1854
11857,microsoft,Tier_A,1887
11858,microsoft,Tier_A,1884
11859,microsoft,Tier_A,1904
11860,microsoft,Tier_A,1942
11861,microsoft,Tier_A,1929
11862,microsoft,Tier_A,1945
11863,microsoft,Tier_A,2052
11864,microsoft,Tier_A,1952
11865,microsoft,Tier_A,1971
11866,microsoft,Tier_A,2015
11867,microsoft,Tier_A,2028
11868,microsoft,Tier_A,2035
11869,microsoft,Tier_A,2058
11870,microsoft,Tier_A,2086
11871,microsoft,Tier_A,2073
11872,microsoft,Tier_A,2095
11873,microsoft,Tier_A,2115
11874,microsoft,Tier_A,2104
11875,microsoft,Tier_A,2130
11876,microsoft,Tier_A,2098
11877,microsoft,Tier_A,2124
11878,microsoft,Tier_A,2127
11879,microsoft,Tier_A,2107
11880,microsoft,Tier_A,2149
11881,microsoft,Tier_A,2181
11882,microsoft,Tier_A,2206
11883,microsoft,Tier_A,2208
11884,microsoft,Tier_A,2220
11885,microsoft,Tier_A,2259
11886,microsoft,Tier_A,2265
11887,microsoft,Tier_A,2239
11888,microsoft,Tier_A,2275
11889,microsoft,Tier_A,2246
11890,microsoft,Tier_A,2235
11891,microsoft,Tier_A,2236
11892,microsoft,Tier_A,2332
11893,microsoft,Tier_A,2333
11894,microsoft,Tier_A,2352
11895,microsoft,Tier_A,2339
11896,microsoft,Tier_A,2385
11897,microsoft,Tier_A,2391
11898,microsoft,Tier_A,2342
11899,microsoft,Tier_A,2384
11900,microsoft,Tier_A,2405
11901,microsoft,Tier_A,2441
11902,microsoft,Tier_A,2444
11903,microsoft,Tier_A,2461
11904,microsoft,Tier_A,2477
11905,microsoft,Tier_A,2502
11906,microsoft,Tier_A,2498
11907,microsoft,Tier_A,2450
11908,microsoft,Tier_A,2540
11909,microsoft,Tier_A,2542
11910,microsoft,Tier_A,2599
11911,microsoft,Tier_A,2548
11912,microsoft,Tier_A,2616
11913,microsoft,Tier_A,2620
11914,microsoft,Tier_A,2667
11915,microsoft,Tier_A,2704
11916,microsoft,Tier_A,2703
11917,microsoft,Tier_A,2664
11918,microsoft,Tier_A,2745
11919,microsoft,Tier_A,2723
11920,microsoft,Tier_A,2816
11921,microsoft,Tier_A,2815
11922,microsoft,Tier_A,2877
11923,microsoft,Tier_A,2850
11924,microsoft,Tier_A,2847
11925,microsoft,Tier_A,2942
11926,microsoft,Tier_A,2962
11927,microsoft,Tier_A,3002
11928,microsoft,Tier_A,2996
11929,microsoft,Tier_A,2998
11930,microsoft,Tier_A,3004
11931,microsoft,Tier_A,3009
11932,microsoft,Tier_A,3040
11933,microsoft,Tier_A,3038
11934,microsoft,Tier_A,3134
11935,microsoft,Tier_A,3110
11936,microsoft,Tier_A,3111
11937,microsoft,Tier_A,3139
11938,microsoft,Tier_A,3121
11939,microsoft,Tier_A,3119
11940,microsoft,Tier_A,3197
11941,microsoft,Tier_A,3157
11942,microsoft,Tier_A,3212
11943,microsoft,Tier_A,389
11944,microsoft,Tier_A,1244
11945,microsoft,Tier_A,3024
11946,microsoft,Tier_A,745
11947,microsoft,Tier_A,1334
11948,microsoft,Tier_A,2976
11949,microsoft,Tier_A,827
11950,microsoft,Tier_A,132
11951,microsoft,Tier_A,3234
11952,microsoft,Tier_A,2401
11953,microsoft,Tier_A,577
11954,microsoft,Tier_A,2045
11955,microsoft,Tier_A,259
11956,microsoft,Tier_A,1460
11957,microsoft,Tier_A,3007
11958,microsoft,Tier_A,3099
11959,microsoft,Tier_A,1865
11960,microsoft,Tier_A,1934
11961,microsoft,Tier_A,847
11962,microsoft,Tier_A,885
11963,microsoft,Tier_A,1633
11964,microsoft,Tier_A,359
11965,microsoft,Tier_A,872
11966,microsoft,Tier_A,840
11967,microsoft,Tier_A,959
11968,microsoft,Tier_A,915
11969,microsoft,Tier_A,2037
11970,microsoft,Tier_A,1944
11971,microsoft,Tier_A,860
11972,microsoft,Tier_A,624
11973,microsoft,Tier_A,887
11974,microsoft,Tier_A,1932
11975,microsoft,Tier_A,511
11976,microsoft,Tier_A,1937
11977,microsoft,Tier_A,602
11978,microsoft,Tier_A,1910
11979,microsoft,Tier_A,3259
11980,microsoft,Tier_A,1174
11981,microsoft,Tier_A,664
11982,microsoft,Tier_A,1717
11983,microsoft,Tier_A,620
11984,microsoft,Tier_A,815
11985,microsoft,Tier_A,263
11986,microsoft,Tier_A,177
11987,microsoft,Tier_A,662
11988,microsoft,Tier_A,2645
11989,microsoft,Tier_A,1164
11990,microsoft,Tier_A,1514
11991,microsoft,Tier_A,2182
11992,microsoft,Tier_A,436
11993,microsoft,Tier_A,547
11994,microsoft,Tier_A,725
11995,microsoft,Tier_A,3169
11996,microsoft,Tier_A,2326
11997,microsoft,Tier_A,1512
11998,microsoft,Tier_A,2807
11999,microsoft,Tier_A,243
12000,microsoft,Tier_A,1654
12001,microsoft,Tier_A,483
12002,microsoft,Tier_A,941
12003,microsoft,Tier_A,1608
12004,microsoft,Tier_A,241
12005,microsoft,Tier_A,221
12006,microsoft,Tier_A,386
12007,microsoft,Tier_A,1688
12008,microsoft,Tier_A,684
12009,microsoft,Tier_A,440
12010,microsoft,Tier_A,3043
12011,microsoft,Tier_A,814
12012,microsoft,Tier_A,500
12013,microsoft,Tier_A,383
12014,microsoft,Tier_A,1731
12015,microsoft,Tier_A,1381
12016,microsoft,Tier_A,1614
12017,microsoft,Tier_A,1497
12018,microsoft,Tier_A,459
12019,microsoft,Tier_A,1331
12020,microsoft,Tier_A,1590
12021,microsoft,Tier_A,2598
12022,microsoft,Tier_A,2491
12023,microsoft,Tier_A,825
12024,microsoft,Tier_A,1963
12025,microsoft,Tier_A,550
12026,microsoft,Tier_A,2965
12027,microsoft,Tier_A,632
12028,microsoft,Tier_A,744
12029,microsoft,Tier_A,2938
12030,microsoft,Tier_A,2619
12031,microsoft,Tier_A,2390
12032,microsoft,Tier_A,670
12033,microsoft,Tier_A,771
12034,microsoft,Tier_A,2044
12035,microsoft,Tier_A,1593
12036,microsoft,Tier_A,986
12037,microsoft,Tier_A,470
12038,microsoft,Tier_A,2583
12039,microsoft,Tier_A,60
12040,microsoft,Tier_A,429
12041,microsoft,Tier_A,304
12042,microsoft,Tier_A,1922
12043,microsoft,Tier_A,1046
12044,microsoft,Tier_A,1233
12045,microsoft,Tier_A,1252
12046,microsoft,Tier_A,2501
12047,microsoft,Tier_A,1804
12048,microsoft,Tier_A,2463
12049,microsoft,Tier_A,334
12050,microsoft,Tier_A,1531
12051,microsoft,Tier_A,1683
12052,microsoft,Tier_A,3163
12053,microsoft,Tier_A,448
12054,microsoft,Tier_A,690
12055,microsoft,Tier_A,3011
12056,microsoft,Tier_A,801
12057,microsoft,Tier_A,3097
12058,microsoft,Tier_A,286
12059,microsoft,Tier_A,2601
12060,microsoft,Tier_A,3211
12061,microsoft,Tier_A,1008
12062,microsoft,Tier_A,1957
12063,microsoft,Tier_A,2769
12064,microsoft,Tier_A,719
12065,microsoft,Tier_A,1493
12066,microsoft,Tier_A,1652
12067,microsoft,Tier_A,1141
12068,microsoft,Tier_A,1072
12069,microsoft,Tier_A,673
12070,microsoft,Tier_A,1861
12071,microsoft,Tier_A,1975
12072,microsoft,Tier_A,1327
12073,microsoft,Tier_A,374
12074,microsoft,Tier_A,182
12075,microsoft,Tier_A,3243
12076,microsoft,Tier_A,1179
12077,microsoft,Tier_A,2577
12078,microsoft,Tier_A,1455
12079,microsoft,Tier_A,1346
12080,microsoft,Tier_A,2165
12081,microsoft,Tier_A,1667
12082,microsoft,Tier_A,2337
12083,microsoft,Tier_A,2483
12084,microsoft,Tier_A,2554
12085,microsoft,Tier_A,2210
12086,microsoft,Tier_A,2061
12087,microsoft,Tier_A,2054
12088,microsoft,Tier_A,3152
12089,microsoft,Tier_A,3377
12090,microsoft,Tier_A,682
12091,microsoft,Tier_A,2981
12092,microsoft,Tier_A,629
12093,microsoft,Tier_A,291
12094,microsoft,Tier_A,1792
12095,microsoft,Tier_A,3264
12096,microsoft,Tier_A,1373
12097,microsoft,Tier_A,1839
12098,microsoft,Tier_A,220
12099,microsoft,Tier_A,1901
12100,microsoft,Tier_A,317
12101,microsoft,Tier_A,1222
12102,microsoft,Tier_A,686
12103,microsoft,Tier_A,1229
12104,microsoft,Tier_A,2402
12105,microsoft,Tier_A,183
12106,microsoft,Tier_A,2824
12107,microsoft,Tier_A,689
12108,microsoft,Tier_A,481
12109,microsoft,Tier_A,1657
12110,microsoft,Tier_A,453
12111,microsoft,Tier_A,2970
12112,microsoft,Tier_A,888
12113,microsoft,Tier_A,1401
12114,microsoft,Tier_A,2559
12115,microsoft,Tier_A,164
12116,microsoft,Tier_A,2270
12117,microsoft,Tier_A,1930
12118,microsoft,Tier_A,2596
12119,microsoft,Tier_A,3393
12120,microsoft,Tier_A,1408
12121,microsoft,Tier_A,916
12122,microsoft,Tier_A,2185
12123,microsoft,Tier_A,485
12124,microsoft,Tier_A,480
12125,microsoft,Tier_A,1400
12126,microsoft,Tier_A,324
12127,microsoft,Tier_A,1926
12128,microsoft,Tier_A,1169
12129,microsoft,Tier_A,3420
12130,microsoft,Tier_A,2657
12131,microsoft,Tier_A,2429
12132,microsoft,Tier_A,541
12133,microsoft,Tier_A,1729
12134,microsoft,Tier_A,2017
12135,microsoft,Tier_A,498
12136,microsoft,Tier_A,627
12137,microsoft,Tier_A,1267
12138,microsoft,Tier_A,404
12139,microsoft,Tier_A,1321
12140,microsoft,Tier_A,1462
12141,microsoft,Tier_A,2658
12142,microsoft,Tier_A,1769
12143,microsoft,Tier_A,2493
12144,microsoft,Tier_A,1358
12145,microsoft,Tier_A,3151
12146,microsoft,Tier_A,585
12147,microsoft,Tier_A,3105
12148,microsoft,Tier_A,851
12149,microsoft,Tier_A,696
12150,microsoft,Tier_A,583
12151,microsoft,Tier_A,449
12152,microsoft,Tier_A,1790
12153,microsoft,Tier_A,1800
12154,microsoft,Tier_A,1283
12155,microsoft,Tier_A,301
12156,microsoft,Tier_A,1034
12157,microsoft,Tier_A,1726
12158,microsoft,Tier_A,2109
12159,microsoft,Tier_A,520
12160,microsoft,Tier_A,1075
12161,microsoft,Tier_A,1275
12162,microsoft,Tier_A,1043
12163,microsoft,Tier_A,1352
12164,microsoft,Tier_A,1020
12165,microsoft,Tier_A,1718
12166,microsoft,Tier_A,3348
12167,microsoft,Tier_A,65
12168,microsoft,Tier_A,1980
12169,microsoft,Tier_A,946
12170,microsoft,Tier_A,3462
12171,microsoft,Tier_A,1524
12172,microsoft,Tier_A,873
12173,microsoft,Tier_A,532
12174,microsoft,Tier_A,889
12175,microsoft,Tier_A,1749
12176,microsoft,Tier_A,1028
12177,microsoft,Tier_A,2161
12178,microsoft,Tier_A,1351
12179,microsoft,Tier_A,2579
12180,microsoft,Tier_A,844
12181,microsoft,Tier_A,1048
12182,microsoft,Tier_A,2523
12183,microsoft,Tier_A,3208
12184,microsoft,Tier_A,1824
12185,microsoft,Tier_A,610
12186,microsoft,Tier_A,2134
12187,microsoft,Tier_A,372
12188,microsoft,Tier_A,2529
12189,microsoft,Tier_A,3477
12190,microsoft,Tier_A,2226
12191,microsoft,Tier_A,2560
12192,microsoft,Tier_A,1886
12193,microsoft,Tier_A,89
12194,microsoft,Tier_A,713
12195,microsoft,Tier_A,3108
12196,microsoft,Tier_A,2594
12197,microsoft,Tier_A,2685
12198,microsoft,Tier_A,3487
12199,microsoft,Tier_A,1277
12200,microsoft,Tier_A,845
12201,microsoft,Tier_A,2033
12202,microsoft,Tier_A,2780
12203,microsoft,Tier_A,3191
12204,microsoft,Tier_A,622
12205,microsoft,Tier_A,637
12206,microsoft,Tier_A,2874
12207,microsoft,Tier_A,1834
12208,microsoft,Tier_A,2623
12209,microsoft,Tier_A,228
12210,microsoft,Tier_A,1907
12211,microsoft,Tier_A,1129
12212,microsoft,Tier_A,1863
12213,microsoft,Tier_A,3217
12214,microsoft,Tier_A,3396
12215,microsoft,Tier_A,1049
12216,microsoft,Tier_A,3375
12217,microsoft,Tier_A,1456
12218,microsoft,Tier_A,2843
12219,microsoft,Tier_A,2487
12220,microsoft,Tier_A,330
12221,microsoft,Tier_A,2537
12222,microsoft,Tier_A,2481
12223,microsoft,Tier_A,2176
12224,microsoft,Tier_A,2563
12225,microsoft,Tier_A,781
12226,microsoft,Tier_A,2064
12227,microsoft,Tier_A,2462
12228,microsoft,Tier_A,2338
12229,microsoft,Tier_A,983
12230,microsoft,Tier_A,190
12231,microsoft,Tier_A,2845
12232,microsoft,Tier_A,3517
12233,microsoft,Tier_A,2302
12234,microsoft,Tier_A,636
12235,microsoft,Tier_A,1295
12236,microsoft,Tier_A,838
12237,microsoft,Tier_A,201
12238,microsoft,Tier_A,1920
12239,microsoft,Tier_A,1461
12240,microsoft,Tier_A,1903
12241,microsoft,Tier_A,898
12242,microsoft,Tier_A,617
12243,microsoft,Tier_A,2140
12244,microsoft,Tier_A,2336
12245,microsoft,Tier_A,2094
12246,microsoft,Tier_A,3392
12247,microsoft,Tier_A,611
12248,microsoft,Tier_A,1664
12249,microsoft,Tier_A,1931
12250,microsoft,Tier_A,417
12251,microsoft,Tier_A,3355
12252,microsoft,Tier_A,2296
12253,microsoft,Tier_A,780
12254,microsoft,Tier_A,922
12255,microsoft,Tier_A,3362
12256,microsoft,Tier_A,2006
12257,microsoft,Tier_A,2131
12258,microsoft,Tier_A,2762
12259,microsoft,Tier_A,2101
12260,microsoft,Tier_A,434
12261,microsoft,Tier_A,1217
12262,microsoft,Tier_A,1976
12263,microsoft,Tier_A,3403
12264,microsoft,Tier_A,1219
12265,microsoft,Tier_A,1050
12266,microsoft,Tier_A,3170
12267,microsoft,Tier_A,2009
12268,microsoft,Tier_A,874
12269,microsoft,Tier_A,3576
12270,microsoft,Tier_A,3442
12271,microsoft,Tier_A,1859
12272,microsoft,Tier_A,3445
12273,microsoft,Tier_A,2618
12274,microsoft,Tier_A,3434
12275,microsoft,Tier_A,3423
12276,microsoft,Tier_A,933
12277,microsoft,Tier_A,2858
12278,microsoft,Tier_A,951
12279,microsoft,Tier_A,2571
12280,microsoft,Tier_A,1319
12281,microsoft,Tier_A,2966
12282,microsoft,Tier_A,1696
12283,microsoft,Tier_A,3443
12284,microsoft,Tier_A,554
12285,microsoft,Tier_A,2114
12286,microsoft,Tier_A,1721
12287,microsoft,Tier_A,2081
12288,microsoft,Tier_A,538
12289,microsoft,Tier_A,2040
12290,microsoft,Tier_A,958
12291,microsoft,Tier_A,1526
12292,microsoft,Tier_A,1797
12293,microsoft,Tier_A,2561
12294,microsoft,Tier_A,1094
12295,microsoft,Tier_A,1498
12296,microsoft,Tier_A,1572
12297,microsoft,Tier_A,196
12298,microsoft,Tier_A,3333
12299,microsoft,Tier_A,3304
12300,microsoft,Tier_A,381
12301,microsoft,Tier_A,2861
12302,microsoft,Tier_A,3330
12303,microsoft,Tier_A,1353
12304,microsoft,Tier_A,1760
12305,microsoft,Tier_A,1413
12306,microsoft,Tier_A,3440
12307,microsoft,Tier_A,2484
12308,microsoft,Tier_A,754
12309,microsoft,Tier_A,390
12310,microsoft,Tier_A,1529
12311,microsoft,Tier_A,3136
12312,microsoft,Tier_A,2266
12313,microsoft,Tier_A,1392
12314,microsoft,Tier_A,3201
12315,microsoft,Tier_A,3202
12316,microsoft,Tier_A,761
12317,microsoft,Tier_A,1335
12318,microsoft,Tier_A,2163
12319,microsoft,Tier_A,1948
12320,microsoft,Tier_A,1535
12321,microsoft,Tier_A,1695
12322,microsoft,Tier_A,2322
12323,microsoft,Tier_A,2448
12324,microsoft,Tier_A,821
12325,microsoft,Tier_A,1337
12326,microsoft,Tier_A,3480
12327,microsoft,Tier_A,504
12328,microsoft,Tier_A,1200
12329,microsoft,Tier_A,2433
12330,microsoft,Tier_A,843
12331,microsoft,Tier_A,2411
12332,microsoft,Tier_A,2570
12333,microsoft,Tier_A,586
12334,microsoft,Tier_A,507
12335,microsoft,Tier_A,2419
12336,microsoft,Tier_A,2592
12337,microsoft,Tier_A,2106
12338,microsoft,Tier_A,3479
12339,microsoft,Tier_A,869
12340,microsoft,Tier_A,1025
12341,microsoft,Tier_A,913
12342,microsoft,Tier_A,1402
12343,microsoft,Tier_A,982
12344,microsoft,Tier_A,2787
12345,microsoft,Tier_A,1211
12346,microsoft,Tier_A,1385
12347,microsoft,Tier_A,848
12348,microsoft,Tier_A,1323
12349,microsoft,Tier_A,837
12350,microsoft,Tier_A,1109
12351,microsoft,Tier_A,1089
12352,microsoft,Tier_A,353
12353,microsoft,Tier_A,679
12354,microsoft,Tier_A,2348
12355,microsoft,Tier_A,2328
12356,microsoft,Tier_A,332
12357,microsoft,Tier_A,2472
12358,microsoft,Tier_A,1163
12359,microsoft,Tier_A,1247
12360,microsoft,Tier_A,1287
12361,microsoft,Tier_A,3459
12362,microsoft,Tier_A,779
12363,microsoft,Tier_A,2364
12364,microsoft,Tier_A,3144
12365,microsoft,Tier_A,1162
12366,microsoft,Tier_A,3021
12367,microsoft,Tier_A,561
12368,microsoft,Tier_A,3665
12369,microsoft,Tier_A,697
12370,microsoft,Tier_A,2626
12371,microsoft,Tier_A,2300
12372,microsoft,Tier_A,924
12373,microsoft,Tier_A,3229
12374,microsoft,Tier_A,917
12375,microsoft,Tier_A,1317
12376,microsoft,Tier_A,166
12377,microsoft,Tier_A,192
12378,microsoft,Tier_A,1451
12379,microsoft,Tier_A,2327
12380,microsoft,Tier_A,2521
12381,microsoft,Tier_A,2785
12382,microsoft,Tier_A,2525
12383,microsoft,Tier_A,582
12384,microsoft,Tier_A,966
12385,microsoft,Tier_A,1935
12386,microsoft,Tier_A,2353
12387,microsoft,Tier_A,3408
12388,microsoft,Tier_A,3484
12389,microsoft,Tier_A,3508
12390,microsoft,Tier_A,430
12391,microsoft,Tier_A,2000
12392,microsoft,Tier_A,1995
12393,microsoft,Tier_A,3005
12394,microsoft,Tier_A,3688
12395,microsoft,Tier_A,2551
12396,microsoft,Tier_A,3648
12397,microsoft,Tier_A,1041
12398,microsoft,Tier_A,1665
12399,microsoft,Tier_A,546
12400,microsoft,Tier_A,2022
12401,microsoft,Tier_A,2954
12402,microsoft,Tier_A,1039
12403,microsoft,Tier_A,2221
12404,microsoft,Tier_A,1245
12405,microsoft,Tier_A,256
12406,microsoft,Tier_A,1832
12407,microsoft,Tier_A,2914
12408,microsoft,Tier_A,1341
12409,microsoft,Tier_A,3494
12410,microsoft,Tier_A,1202
12411,microsoft,Tier_A,2320
12412,microsoft,Tier_A,1537
12413,microsoft,Tier_A,313
12414,microsoft,Tier_A,991
12415,microsoft,Tier_A,2273
12416,microsoft,Tier_A,2680
12417,microsoft,Tier_A,3349
12418,microsoft,Tier_A,3195
12419,microsoft,Tier_A,600
12420,microsoft,Tier_A,2316
12421,microsoft,Tier_A,1226
12422,microsoft,Tier_A,2550
12423,microsoft,Tier_A,1095
12424,microsoft,Tier_A,829
12425,microsoft,Tier_A,1347
12426,microsoft,Tier_A,811
12427,microsoft,Tier_A,516
12428,microsoft,Tier_A,309
12429,microsoft,Tier_A,3461
12430,microsoft,Tier_A,1845
12431,microsoft,Tier_A,2048
12432,microsoft,Tier_A,1186
12433,microsoft,Tier_A,1716
12434,microsoft,Tier_A,3035
12435,microsoft,Tier_A,858
12436,microsoft,Tier_A,2370
12437,microsoft,Tier_A,2908
12438,microsoft,Tier_A,3354
12439,microsoft,Tier_A,773
12440,microsoft,Tier_A,3728
12441,microsoft,Tier_A,3370
12442,microsoft,Tier_A,2486
12443,microsoft,Tier_A,1297
12444,microsoft,Tier_A,3289
12445,microsoft,Tier_A,307
12446,microsoft,Tier_A,2257
12447,microsoft,Tier_A,3318
12448,microsoft,Tier_A,3607
12449,microsoft,Tier_A,3446
12450,microsoft,Tier_A,2062
12451,microsoft,Tier_A,3593
12452,microsoft,Tier_A,2164
12453,microsoft,Tier_A,609
12454,microsoft,Tier_A,2880
12455,microsoft,Tier_A,902
12456,microsoft,Tier_A,296
12457,microsoft,Tier_A,757
12458,microsoft,Tier_A,1079
12459,microsoft,Tier_A,1236
12460,microsoft,Tier_A,1502
12461,microsoft,Tier_A,799
12462,microsoft,Tier_A,1262
12463,microsoft,Tier_A,709
12464,microsoft,Tier_A,1015
12465,microsoft,Tier_A,2466
12466,microsoft,Tier_A,2435
12467,microsoft,Tier_A,980
12468,microsoft,Tier_A,2872
12469,microsoft,Tier_A,3512
12470,microsoft,Tier_A,1325
12471,microsoft,Tier_A,336
12472,microsoft,Tier_A,3432
12473,microsoft,Tier_A,3306
12474,microsoft,Tier_A,1309
12475,microsoft,Tier_A,3578
12476,microsoft,Tier_A,1018
12477,microsoft,Tier_A,3772
12478,microsoft,Tier_A,3433
12479,microsoft,Tier_A,1250
12480,microsoft,Tier_A,529
12481,microsoft,Tier_A,2110
12482,microsoft,Tier_A,2147
12483,microsoft,Tier_A,1188
12484,microsoft,Tier_A,3652
12485,microsoft,Tier_A,1463
12486,microsoft,Tier_A,1185
12487,microsoft,Tier_A,3075
12488,microsoft,Tier_A,2011
12489,microsoft,Tier_A,3658
12490,microsoft,Tier_A,3193
12491,microsoft,Tier_A,1966
12492,microsoft,Tier_A,2439
12493,microsoft,Tier_A,1411
12494,microsoft,Tier_A,925
12495,microsoft,Tier_A,1390
12496,microsoft,Tier_A,2798
12497,microsoft,Tier_A,1161
12498,microsoft,Tier_A,989
12499,microsoft,Tier_A,952
12500,microsoft,Tier_A,1266
12501,microsoft,Tier_A,996
12502,microsoft,Tier_A,3203
12503,microsoft,Tier_A,3803
12504,microsoft,Tier_A,1108
12505,microsoft,Tier_A,321
12506,microsoft,Tier_A,3047
12507,microsoft,Tier_A,1441
12508,microsoft,Tier_A,1365
12509,microsoft,Tier_A,3314
12510,microsoft,Tier_A,3315
12511,microsoft,Tier_A,107
12512,microsoft,Tier_A,2726
12513,microsoft,Tier_A,3006
12514,microsoft,Tier_A,3507
12515,microsoft,Tier_A,729
12516,microsoft,Tier_A,3510
12517,microsoft,Tier_A,788
12518,microsoft,Tier_A,1984
12519,microsoft,Tier_A,1552
12520,microsoft,Tier_A,3797
12521,microsoft,Tier_A,1624
12522,microsoft,Tier_A,1326
12523,microsoft,Tier_A,3650
12524,microsoft,Tier_A,2643
12525,microsoft,Tier_A,490
12526,microsoft,Tier_A,759
12527,microsoft,Tier_A,1776
12528,microsoft,Tier_A,2665
12529,microsoft,Tier_A,3010
12530,microsoft,Tier_A,262
12531,microsoft,Tier_A,2492
12532,microsoft,Tier_A,3640
12533,microsoft,Tier_A,2629
12534,microsoft,Tier_A,3379
12535,microsoft,Tier_A,3814
12536,microsoft,Tier_A,2197
12537,microsoft,Tier_A,1189
12538,microsoft,Tier_A,3090
12539,microsoft,Tier_A,1348
12540,microsoft,Tier_A,1037
12541,microsoft,Tier_A,824
12542,microsoft,Tier_A,2204
12543,microsoft,Tier_A,3714
12544,microsoft,Tier_A,401
12545,microsoft,Tier_A,3613
12546,microsoft,Tier_A,693
12547,microsoft,Tier_A,1429
12548,microsoft,Tier_A,1137
12549,microsoft,Tier_A,868
12550,microsoft,Tier_A,765
12551,microsoft,Tier_A,2299
12552,microsoft,Tier_A,1022
12553,microsoft,Tier_A,1356
12554,microsoft,Tier_A,405
12555,microsoft,Tier_A,2974
12556,microsoft,Tier_A,2050
12557,microsoft,Tier_A,3666
12558,microsoft,Tier_A,388
12559,microsoft,Tier_A,3366
12560,microsoft,Tier_A,939
12561,microsoft,Tier_A,3186
12562,microsoft,Tier_A,357
12563,microsoft,Tier_A,594
12564,microsoft,Tier_A,1758
12565,microsoft,Tier_A,832
12566,microsoft,Tier_A,1888
12567,microsoft,Tier_A,1000
12568,microsoft,Tier_A,1195
12569,microsoft,Tier_A,2977
12570,microsoft,Tier_A,728
12571,microsoft,Tier_A,2622
12572,microsoft,Tier_A,506
12573,microsoft,Tier_A,3282
12574,microsoft,Tier_A,747
12575,microsoft,Tier_A,3600
12576,microsoft,Tier_A,1349
12577,microsoft,Tier_A,1727
12578,microsoft,Tier_A,2831
12579,microsoft,Tier_A,216
12580,microsoft,Tier_A,491
12581,microsoft,Tier_A,159
12582,microsoft,Tier_A,2151
12583,microsoft,Tier_A,1594
12584,microsoft,Tier_A,3878
12585,microsoft,Tier_A,2906
12586,microsoft,Tier_A,3546
12587,microsoft,Tier_A,1710
12588,microsoft,Tier_A,2946
12589,microsoft,Tier_A,3548
12590,microsoft,Tier_A,427
12591,microsoft,Tier_A,2839
12592,microsoft,Tier_A,2840
12593,microsoft,Tier_A,3474
12594,microsoft,Tier_A,2381
12595,microsoft,Tier_A,1876
12596,microsoft,Tier_A,2751
12597,microsoft,Tier_A,3418
12598,microsoft,Tier_A,3661
12599,microsoft,Tier_A,526
12600,microsoft,Tier_A,655
12601,microsoft,Tier_A,508
12602,microsoft,Tier_A,1111
12603,microsoft,Tier_A,2215
12604,microsoft,Tier_A,1320
12605,microsoft,Tier_A,1052
12606,microsoft,Tier_A,2515
12607,microsoft,Tier_A,3741
12608,microsoft,Tier_A,1160
12609,microsoft,Tier_A,3761
12610,microsoft,Tier_A,1855
12611,microsoft,Tier_A,2661
12612,microsoft,Tier_A,2615
12613,microsoft,Tier_A,937
12614,microsoft,Tier_A,1559
12615,microsoft,Tier_A,3742
12616,microsoft,Tier_A,1208
12617,microsoft,Tier_A,396
12618,microsoft,Tier_A,193
12619,microsoft,Tier_A,1979
12620,microsoft,Tier_A,1928
12621,microsoft,Tier_A,346
12622,microsoft,Tier_A,2553
12623,microsoft,Tier_A,1674
12624,microsoft,Tier_A,2784
12625,microsoft,Tier_A,2879
12626,microstrategy,Tier_C,1227
12627,microstrategy,Tier_C,6
12628,microstrategy,Tier_C,844
12629,microstrategy,Tier_C,347
12630,microstrategy,Tier_C,121
12631,microstrategy,Tier_C,419
12632,microstrategy,Tier_C,2184
12633,microstrategy,Tier_C,46
12634,microstrategy,Tier_C,1963
12635,millennium,Tier_C,20
12636,millennium,Tier_C,121
12637,millennium,Tier_C,301
12638,millennium,Tier_C,2484
12639,millennium,Tier_C,139
12640,millennium,Tier_C,437
12641,millennium,Tier_C,2603
12642,millennium,Tier_C,98
12643,millennium,Tier_C,56
12644,millennium,Tier_C,622
12645,millennium,Tier_C,49
12646,mindtickle,Tier_C,1011
12647,mindtickle,Tier_C,1982
12648,mindtickle,Tier_C,1537
12649,mindtickle,Tier_C,1434
12650,mindtree,Tier_C,2180
12651,mindtree,Tier_C,1661
12652,mindtree,Tier_C,560
12653,mindtree,Tier_C,9
12654,mindtree,Tier_C,1
12655,mishipay,Tier_C,2106
12656,mitsogo,Tier_C,3131
12657,mitsogo,Tier_C,3132
12658,mitsogo,Tier_C,3144
12659,mitsogo,Tier_C,3213
12660,mitsogo,Tier_C,3180
12661,mitsogo,Tier_C,3181
12662,mitsogo,Tier_C,3097
12663,mitsogo,Tier_C,3095
12664,mitsogo,Tier_C,3128
12665,mitsogo,Tier_C,556
12666,mitsogo,Tier_C,2978
12667,mitsogo,Tier_C,118
12668,mitsogo,Tier_C,6
12669,mitsogo,Tier_C,31
12670,mitsogo,Tier_C,20
12671,mitsogo,Tier_C,3837
12672,mixpanel,Tier_C,986
12673,mixpanel,Tier_C,341
12674,mobileye,Tier_C,138
12675,mobileye,Tier_C,146
12676,mobisy,Tier_C,1835
12677,moengage,Tier_C,1897
12678,moloco,Tier_C,1381
12679,moloco,Tier_C,42
12680,moloco,Tier_C,1048
12681,moloco,Tier_C,540
12682,moloco,Tier_C,1438
12683,moloco,Tier_C,200
12684,moloco,Tier_C,146
12685,moloco,Tier_C,827
12686,moloco,Tier_C,130
12687,moloco,Tier_C,2116
12688,moloco,Tier_C,210
12689,moloco,Tier_C,394
12690,moloco,Tier_C,76
12691,moloco,Tier_C,305
12692,moneylion,Tier_C,2811
12693,mongodb,Tier_C,57
12694,mongodb,Tier_C,1242
12695,mongodb,Tier_C,617
12696,mongodb,Tier_C,33
12697,mongodb,Tier_C,139
12698,mongodb,Tier_C,2034
12699,mongodb,Tier_C,23
12700,mongodb,Tier_C,239
12701,mongodb,Tier_C,68
12702,mongodb,Tier_C,349
12703,mongodb,Tier_C,236
12704,mongodb,Tier_C,2759
12705,mongodb,Tier_C,208
12706,mongodb,Tier_C,642
12707,mongodb,Tier_C,1146
12708,mongodb,Tier_C,210
12709,mongodb,Tier_C,1650
12710,mongodb,Tier_C,443
12711,mongodb,Tier_C,140
12712,mongodb,Tier_C,146
12713,mongodb,Tier_C,21
12714,mongodb,Tier_C,133
12715,mongodb,Tier_C,981
12716,morgan-stanley,Tier_B,1
12717,morgan-stanley,Tier_B,3
12718,morgan-stanley,Tier_B,1964
12719,morgan-stanley,Tier_B,55
12720,morgan-stanley,Tier_B,56
12721,morgan-stanley,Tier_B,75
12722,morgan-stanley,Tier_B,121
12723,morgan-stanley,Tier_B,138
12724,morgan-stanley,Tier_B,146
12725,morgan-stanley,Tier_B,2152
12726,morgan-stanley,Tier_B,1217
12727,morgan-stanley,Tier_B,2395
12728,morgan-stanley,Tier_B,2432
12729,morgan-stanley,Tier_B,2433
12730,morgan-stanley,Tier_B,1626
12731,morgan-stanley,Tier_B,2444
12732,morgan-stanley,Tier_B,496
12733,morgan-stanley,Tier_B,525
12734,morgan-stanley,Tier_B,215
12735,morgan-stanley,Tier_B,253
12736,morgan-stanley,Tier_B,15
12737,morgan-stanley,Tier_B,49
12738,morgan-stanley,Tier_B,992
12739,morgan-stanley,Tier_B,26
12740,morgan-stanley,Tier_B,936
12741,morgan-stanley,Tier_B,22
12742,morgan-stanley,Tier_B,1539
12743,morgan-stanley,Tier_B,518
12744,morgan-stanley,Tier_B,2607
12745,morgan-stanley,Tier_B,79
12746,morgan-stanley,Tier_B,1658
12747,morgan-stanley,Tier_B,1209
12748,morgan-stanley,Tier_B,1143
12749,morgan-stanley,Tier_B,556
12750,morgan-stanley,Tier_B,3144
12751,morgan-stanley,Tier_B,54
12752,morgan-stanley,Tier_B,1529
12753,morgan-stanley,Tier_B,503
12754,morgan-stanley,Tier_B,1326
12755,morgan-stanley,Tier_B,9
12756,morgan-stanley,Tier_B,387
12757,morgan-stanley,Tier_B,1481
12758,morgan-stanley,Tier_B,135
12759,morgan-stanley,Tier_B,5
12760,morgan-stanley,Tier_B,152
12761,morgan-stanley,Tier_B,739
12762,morgan-stanley,Tier_B,19
12763,morgan-stanley,Tier_B,143
12764,morgan-stanley,Tier_B,234
12765,morgan-stanley,Tier_B,300
12766,morgan-stanley,Tier_B,169
12767,morgan-stanley,Tier_B,740
12768,morgan-stanley,Tier_B,907
12769,morgan-stanley,Tier_B,322
12770,morgan-stanley,Tier_B,1470
12771,motive,Tier_C,628
12772,motive,Tier_C,525
12773,motive,Tier_C,88
12774,motive,Tier_C,678
12775,motive,Tier_C,240
12776,motive,Tier_C,1004
12777,motive,Tier_C,49
12778,motive,Tier_C,93
12779,motive,Tier_C,772
12780,motive,Tier_C,227
12781,moveworks,Tier_C,68
12782,moveworks,Tier_C,140
12783,moveworks,Tier_C,3076
12784,moveworks,Tier_C,1258
12785,moveworks,Tier_C,56
12786,moveworks,Tier_C,2366
12787,mphasis,Tier_C,5
12788,msci,Tier_C,49
12789,murex,Tier_C,121
12790,mykaarma,Tier_C,132
12791,myntra,Tier_C,42
12792,myntra,Tier_C,2008
12793,myntra,Tier_C,735
12794,myntra,Tier_C,146
12795,myntra,Tier_C,179
12796,myntra,Tier_C,459
12797,myntra,Tier_C,1443
12798,myntra,Tier_C,49
12799,myntra,Tier_C,121
12800,myntra,Tier_C,84
12801,myntra,Tier_C,41
12802,myntra,Tier_C,15
12803,myntra,Tier_C,280
12804,myntra,Tier_C,994
12805,myntra,Tier_C,494
12806,myntra,Tier_C,462
12807,myntra,Tier_C,11
12808,myntra,Tier_C,1302
12809,myntra,Tier_C,724
12810,myntra,Tier_C,26
12811,myntra,Tier_C,33
12812,myntra,Tier_C,3
12813,myntra,Tier_C,22
12814,myntra,Tier_C,128
12815,myntra,Tier_C,1011
12816,nagarro,Tier_C,3
12817,nagarro,Tier_C,2320
12818,nagarro,Tier_C,242
12819,nagarro,Tier_C,225
12820,nagarro,Tier_C,75
12821,nagarro,Tier_C,3852
12822,nagarro,Tier_C,141
12823,nagarro,Tier_C,2434
12824,nasdaq,Tier_C,121
12825,national-instruments,Tier_C,880
12826,national-payments-coorperation-india,Tier_C,3152
12827,national-payments-coorperation-india,Tier_C,3151
12828,natwest,Tier_C,796
12829,natwest,Tier_C,1953
12830,natwest,Tier_C,14
12831,navan,Tier_C,146
12832,navan,Tier_C,127
12833,navan,Tier_C,256
12834,naver,Tier_C,1
12835,navi,Tier_C,2616
12836,navi,Tier_C,42
12837,navi,Tier_C,55
12838,ncr,Tier_C,2327
12839,ncr,Tier_C,924
12840,ncr,Tier_C,1797
12841,nerdwallet,Tier_C,1581
12842,netapp,Tier_C,437
12843,netapp,Tier_C,283
12844,netapp,Tier_C,423
12845,netapp,Tier_C,49
12846,netapp,Tier_C,54
12847,netapp,Tier_C,91
12848,netapp,Tier_C,1
12849,netapp,Tier_C,39
12850,netapp,Tier_C,1124
12851,netcracker-technology,Tier_C,3556
12852,netease,Tier_C,826
12853,netease,Tier_C,664
12854,netflix,Tier_B,3
12855,netflix,Tier_B,41
12856,netflix,Tier_B,56
12857,netflix,Tier_B,146
12858,netflix,Tier_B,210
12859,netflix,Tier_B,228
12860,netflix,Tier_B,253
12861,netflix,Tier_B,332
12862,netflix,Tier_B,347
12863,netflix,Tier_B,359
12864,netflix,Tier_B,981
12865,netflix,Tier_B,219
12866,netflix,Tier_B,20
12867,netflix,Tier_B,2622
12868,netflix,Tier_B,322
12869,netflix,Tier_B,139
12870,netflix,Tier_B,79
12871,netflix,Tier_B,743
12872,netflix,Tier_B,875
12873,netflix,Tier_B,217
12874,netflix,Tier_B,220
12875,netflix,Tier_B,904
12876,netflix,Tier_B,169
12877,netflix,Tier_B,797
12878,netflix,Tier_B,1136
12879,netflix,Tier_B,8
12880,netflix,Tier_B,718
12881,netflix,Tier_B,1146
12882,netflix,Tier_B,460
12883,netflix,Tier_B,162
12884,netflix,Tier_B,242
12885,netskope,Tier_C,647
12886,netskope,Tier_C,460
12887,netskope,Tier_C,146
12888,netskope,Tier_C,3
12889,netskope,Tier_C,41
12890,netskope,Tier_C,588
12891,netskope,Tier_C,23
12892,netskope,Tier_C,10
12893,netsuite,Tier_C,577
12894,netsuite,Tier_C,1491
12895,newsbreak,Tier_C,33
12896,newsbreak,Tier_C,236
12897,nextdoor,Tier_C,165
12898,nextdoor,Tier_C,42
12899,nextdoor,Tier_C,56
12900,nextdoor,Tier_C,432
12901,nextjump,Tier_C,2273
12902,niantic,Tier_C,8
12903,niantic,Tier_C,1087
12904,niantic,Tier_C,287
12905,nielsen,Tier_C,56
12906,nielsen,Tier_C,49
12907,nielsen,Tier_C,5
12908,nielsen,Tier_C,188
12909,nielsen,Tier_C,1
12910,nielsen,Tier_C,32
12911,nielsen,Tier_C,43
12912,nielsen,Tier_C,55
12913,nike,Tier_C,3
12914,nike,Tier_C,202
12915,nike,Tier_C,498
12916,nike,Tier_C,20
12917,nike,Tier_C,53
12918,nike,Tier_C,2642
12919,nike,Tier_C,155
12920,nike,Tier_C,605
12921,nike,Tier_C,31
12922,nike,Tier_C,122
12923,nike,Tier_C,32
12924,nike,Tier_C,55
12925,nike,Tier_C,287
12926,nokia,Tier_C,146
12927,nokia,Tier_C,2144
12928,nokia,Tier_C,1250
12929,nokia,Tier_C,204
12930,nokia,Tier_C,14
12931,nokia,Tier_C,242
12932,nokia,Tier_C,20
12933,noon,Tier_C,2062
12934,nordstrom,Tier_C,146
12935,nordstrom,Tier_C,54
12936,nordstrom,Tier_C,1418
12937,nordstrom,Tier_C,207
12938,notion,Tier_C,68
12939,npci,Tier_C,20
12940,nuro,Tier_C,1476
12941,nuro,Tier_C,1293
12942,nuro,Tier_C,1610
12943,nuro,Tier_C,97
12944,nuro,Tier_C,399
12945,nuro,Tier_C,986
12946,nuro,Tier_C,735
12947,nuro,Tier_C,311
12948,nuro,Tier_C,56
12949,nuro,Tier_C,494
12950,nuro,Tier_C,269
12951,nuro,Tier_C,528
12952,nuro,Tier_C,1233
12953,nuro,Tier_C,529
12954,nutanix,Tier_B,991
12955,nutanix,Tier_B,1003
12956,nutanix,Tier_B,41
12957,nutanix,Tier_B,45
12958,nutanix,Tier_B,49
12959,nutanix,Tier_B,2895
12960,nutanix,Tier_B,1052
12961,nutanix,Tier_B,146
12962,nutanix,Tier_B,239
12963,nutanix,Tier_B,1156
12964,nutanix,Tier_B,1157
12965,nutanix,Tier_B,417
12966,nutanix,Tier_B,2428
12967,nutanix,Tier_B,545
12968,nutanix,Tier_B,1559
12969,nutanix,Tier_B,1687
12970,nutanix,Tier_B,1689
12971,nutanix,Tier_B,853
12972,nutanix,Tier_B,347
12973,nutanix,Tier_B,1584
12974,nutanix,Tier_B,139
12975,nutanix,Tier_B,103
12976,nutanix,Tier_B,200
12977,nutanix,Tier_B,54
12978,nutanix,Tier_B,124
12979,nutanix,Tier_B,23
12980,nutanix,Tier_B,895
12981,nutanix,Tier_B,65
12982,nutanix,Tier_B,334
12983,nutanix,Tier_B,394
12984,nutanix,Tier_B,74
12985,nutanix,Tier_B,253
12986,nutanix,Tier_B,56
12987,nutanix,Tier_B,33
12988,nutanix,Tier_B,92
12989,nutanix,Tier_B,133
12990,nutanix,Tier_B,130
12991,nutanix,Tier_B,516
12992,nutanix,Tier_B,73
12993,nutanix,Tier_B,42
12994,nutanix,Tier_B,189
12995,nutanix,Tier_B,297
12996,nutanix,Tier_B,2712
12997,nutanix,Tier_B,716
12998,nutanix,Tier_B,1290
12999,nutanix,Tier_B,2127
13000,nutanix,Tier_B,329
13001,nutanix,Tier_B,1014
13002,nutanix,Tier_B,132
13003,nutanix,Tier_B,1146
13004,nutanix,Tier_B,621
13005,nutanix,Tier_B,1631
13006,nutanix,Tier_B,210
13007,nutanix,Tier_B,48
13008,nutanix,Tier_B,410
13009,nutanix,Tier_B,1004
13010,nutanix,Tier_B,126
13011,nutanix,Tier_B,2074
13012,nutanix,Tier_B,543
13013,nutanix,Tier_B,15
13014,nutanix,Tier_B,605
13015,nutanix,Tier_B,3
13016,nutanix,Tier_B,460
13017,nutanix,Tier_B,968
13018,nutanix,Tier_B,1823
13019,nvidia,Tier_A,1
13020,nvidia,Tier_A,2
13021,nvidia,Tier_A,3
13022,nvidia,Tier_A,15
13023,nvidia,Tier_A,20
13024,nvidia,Tier_A,22
13025,nvidia,Tier_A,23
13026,nvidia,Tier_A,33
13027,nvidia,Tier_A,42
13028,nvidia,Tier_A,48
13029,nvidia,Tier_A,49
13030,nvidia,Tier_A,53
13031,nvidia,Tier_A,56
13032,nvidia,Tier_A,70
13033,nvidia,Tier_A,73
13034,nvidia,Tier_A,92
13035,nvidia,Tier_A,1046
13036,nvidia,Tier_A,1197
13037,nvidia,Tier_A,121
13038,nvidia,Tier_A,138
13039,nvidia,Tier_A,146
13040,nvidia,Tier_A,149
13041,nvidia,Tier_A,162
13042,nvidia,Tier_A,190
13043,nvidia,Tier_A,198
13044,nvidia,Tier_A,200
13045,nvidia,Tier_A,215
13046,nvidia,Tier_A,221
13047,nvidia,Tier_A,1328
13048,nvidia,Tier_A,237
13049,nvidia,Tier_A,268
13050,nvidia,Tier_A,274
13051,nvidia,Tier_A,283
13052,nvidia,Tier_A,287
13053,nvidia,Tier_A,295
13054,nvidia,Tier_A,338
13055,nvidia,Tier_A,349
13056,nvidia,Tier_A,382
13057,nvidia,Tier_A,2571
13058,nvidia,Tier_A,1570
13059,nvidia,Tier_A,1610
13060,nvidia,Tier_A,773
13061,nvidia,Tier_A,894
13062,nvidia,Tier_A,509
13063,nvidia,Tier_A,2461
13064,nvidia,Tier_A,2365
13065,nvidia,Tier_A,8
13066,nvidia,Tier_A,223
13067,nvidia,Tier_A,380
13068,nvidia,Tier_A,14
13069,nvidia,Tier_A,206
13070,nvidia,Tier_A,297
13071,nvidia,Tier_A,209
13072,nvidia,Tier_A,54
13073,nvidia,Tier_A,88
13074,nvidia,Tier_A,83
13075,nvidia,Tier_A,761
13076,nvidia,Tier_A,412
13077,nvidia,Tier_A,210
13078,nvidia,Tier_A,1948
13079,nvidia,Tier_A,2539
13080,nvidia,Tier_A,151
13081,nvidia,Tier_A,344
13082,nvidia,Tier_A,2592
13083,nvidia,Tier_A,191
13084,nvidia,Tier_A,1669
13085,nvidia,Tier_A,75
13086,nvidia,Tier_A,1962
13087,nvidia,Tier_A,64
13088,nvidia,Tier_A,63
13089,nvidia,Tier_A,443
13090,nvidia,Tier_A,490
13091,nvidia,Tier_A,735
13092,nvidia,Tier_A,18
13093,nvidia,Tier_A,55
13094,nvidia,Tier_A,273
13095,nvidia,Tier_A,93
13096,nvidia,Tier_A,621
13097,nvidia,Tier_A,231
13098,nvidia,Tier_A,2342
13099,nvidia,Tier_A,560
13100,nvidia,Tier_A,61
13101,nvidia,Tier_A,242
13102,nvidia,Tier_A,82
13103,nvidia,Tier_A,141
13104,nvidia,Tier_A,179
13105,nvidia,Tier_A,238
13106,nvidia,Tier_A,11
13107,nvidia,Tier_A,133
13108,nvidia,Tier_A,739
13109,nvidia,Tier_A,876
13110,nvidia,Tier_A,1353
13111,nvidia,Tier_A,21
13112,nvidia,Tier_A,347
13113,nvidia,Tier_A,387
13114,nvidia,Tier_A,239
13115,nvidia,Tier_A,143
13116,nvidia,Tier_A,1438
13117,nvidia,Tier_A,2433
13118,nvidia,Tier_A,2270
13119,nvidia,Tier_A,50
13120,nvidia,Tier_A,1535
13121,nvidia,Tier_A,628
13122,nvidia,Tier_A,994
13123,nvidia,Tier_A,69
13124,nvidia,Tier_A,277
13125,nvidia,Tier_A,207
13126,nvidia,Tier_A,300
13127,nvidia,Tier_A,62
13128,nvidia,Tier_A,1200
13129,nvidia,Tier_A,71
13130,nvidia,Tier_A,290
13131,nvidia,Tier_A,218
13132,nvidia,Tier_A,658
13133,nvidia,Tier_A,155
13134,nvidia,Tier_A,414
13135,nvidia,Tier_A,394
13136,nvidia,Tier_A,4
13137,nvidia,Tier_A,806
13138,nvidia,Tier_A,128
13139,nvidia,Tier_A,384
13140,nvidia,Tier_A,5
13141,nvidia,Tier_A,503
13142,nvidia,Tier_A,234
13143,nvidia,Tier_A,543
13144,nvidia,Tier_A,165
13145,nvidia,Tier_A,152
13146,nvidia,Tier_A,1944
13147,nvidia,Tier_A,204
13148,nvidia,Tier_A,863
13149,nvidia,Tier_A,445
13150,nvidia,Tier_A,217
13151,nvidia,Tier_A,2502
13152,nykaa,Tier_C,179
13153,nykaa,Tier_C,32
13154,nykaa,Tier_C,73
13155,nykaa,Tier_C,151
13156,observeai,Tier_C,2607
13157,observeai,Tier_C,588
13158,odoo,Tier_C,20
13159,odoo,Tier_C,155
13160,okta,Tier_C,56
13161,okta,Tier_C,739
13162,okta,Tier_C,380
13163,okta,Tier_C,295
13164,okta,Tier_C,146
13165,okta,Tier_C,863
13166,okta,Tier_C,128
13167,okta,Tier_C,4
13168,okta,Tier_C,11
13169,okta,Tier_C,200
13170,okta,Tier_C,2043
13171,okta,Tier_C,1487
13172,okta,Tier_C,304
13173,okta,Tier_C,1190
13174,okta,Tier_C,126
13175,okta,Tier_C,49
13176,okta,Tier_C,127
13177,okta,Tier_C,621
13178,okta,Tier_C,381
13179,okta,Tier_C,238
13180,okx,Tier_C,200
13181,olx,Tier_C,443
13182,olx,Tier_C,460
13183,openai,Tier_C,71
13184,openai,Tier_C,631
13185,openai,Tier_C,1242
13186,openai,Tier_C,2408
13187,openai,Tier_C,981
13188,openai,Tier_C,341
13189,openai,Tier_C,271
13190,openai,Tier_C,2502
13191,openai,Tier_C,2373
13192,openai,Tier_C,735
13193,openai,Tier_C,751
13194,openai,Tier_C,42
13195,openai,Tier_C,3484
13196,openai,Tier_C,994
13197,openai,Tier_C,362
13198,opentext,Tier_C,2264
13199,opentext,Tier_C,20
13200,opentext,Tier_C,3662
13201,opentext,Tier_C,14
13202,opentext,Tier_C,5
13203,oppo,Tier_C,221
13204,oppo,Tier_C,643
13205,optiver,Tier_C,146
13206,optiver,Tier_C,1360
13207,optiver,Tier_C,121
13208,optiver,Tier_C,622
13209,optiver,Tier_C,122
13210,optiver,Tier_C,3822
13211,optiver,Tier_C,1206
13212,optum,Tier_C,2000
13213,optum,Tier_C,1555
13214,optum,Tier_C,1143
13215,optum,Tier_C,53
13216,optum,Tier_C,1
13217,oracle,Tier_A,1
13218,oracle,Tier_A,2
13219,oracle,Tier_A,3
13220,oracle,Tier_A,4
13221,oracle,Tier_A,5
13222,oracle,Tier_A,6
13223,oracle,Tier_A,11
13224,oracle,Tier_A,12
13225,oracle,Tier_A,13
13226,oracle,Tier_A,14
13227,oracle,Tier_A,10
13228,oracle,Tier_A,17
13229,oracle,Tier_A,15
13230,oracle,Tier_A,21
13231,oracle,Tier_A,22
13232,oracle,Tier_A,23
13233,oracle,Tier_A,26
13234,oracle,Tier_A,32
13235,oracle,Tier_A,33
13236,oracle,Tier_A,34
13237,oracle,Tier_A,37
13238,oracle,Tier_A,39
13239,oracle,Tier_A,40
13240,oracle,Tier_A,41
13241,oracle,Tier_A,42
13242,oracle,Tier_A,45
13243,oracle,Tier_A,46
13244,oracle,Tier_A,49
13245,oracle,Tier_A,50
13246,oracle,Tier_A,48
13247,oracle,Tier_A,53
13248,oracle,Tier_A,54
13249,oracle,Tier_A,55
13250,oracle,Tier_A,56
13251,oracle,Tier_A,57
13252,oracle,Tier_A,61
13253,oracle,Tier_A,68
13254,oracle,Tier_A,73
13255,oracle,Tier_A,75
13256,oracle,Tier_A,76
13257,oracle,Tier_A,79
13258,oracle,Tier_A,83
13259,oracle,Tier_A,88
13260,oracle,Tier_A,91
13261,oracle,Tier_A,93
13262,oracle,Tier_A,98
13263,oracle,Tier_A,103
13264,oracle,Tier_A,113
13265,oracle,Tier_A,116
13266,oracle,Tier_A,121
13267,oracle,Tier_A,124
13268,oracle,Tier_A,128
13269,oracle,Tier_A,134
13270,oracle,Tier_A,138
13271,oracle,Tier_A,140
13272,oracle,Tier_A,141
13273,oracle,Tier_A,146
13274,oracle,Tier_A,148
13275,oracle,Tier_A,155
13276,oracle,Tier_A,162
13277,oracle,Tier_A,167
13278,oracle,Tier_A,169
13279,oracle,Tier_A,179
13280,oracle,Tier_A,189
13281,oracle,Tier_A,199
13282,oracle,Tier_A,200
13283,oracle,Tier_A,205
13284,oracle,Tier_A,206
13285,oracle,Tier_A,207
13286,oracle,Tier_A,209
13287,oracle,Tier_A,210
13288,oracle,Tier_A,215
13289,oracle,Tier_A,221
13290,oracle,Tier_A,224
13291,oracle,Tier_A,226
13292,oracle,Tier_A,230
13293,oracle,Tier_A,9
13294,oracle,Tier_A,234
13295,oracle,Tier_A,236
13296,oracle,Tier_A,237
13297,oracle,Tier_A,239
13298,oracle,Tier_A,240
13299,oracle,Tier_A,242
13300,oracle,Tier_A,238
13301,oracle,Tier_A,252
13302,oracle,Tier_A,253
13303,oracle,Tier_A,273
13304,oracle,Tier_A,283
13305,oracle,Tier_A,2251
13306,oracle,Tier_A,287
13307,oracle,Tier_A,295
13308,oracle,Tier_A,300
13309,oracle,Tier_A,322
13310,oracle,Tier_A,345
13311,oracle,Tier_A,347
13312,oracle,Tier_A,69
13313,oracle,Tier_A,359
13314,oracle,Tier_A,373
13315,oracle,Tier_A,74
13316,oracle,Tier_A,380
13317,oracle,Tier_A,387
13318,oracle,Tier_A,394
13319,oracle,Tier_A,415
13320,oracle,Tier_A,443
13321,oracle,Tier_A,450
13322,oracle,Tier_A,460
13323,oracle,Tier_A,463
13324,oracle,Tier_A,468
13325,oracle,Tier_A,19
13326,oracle,Tier_A,20
13327,oracle,Tier_A,2472
13328,oracle,Tier_A,2466
13329,oracle,Tier_A,102
13330,oracle,Tier_A,525
13331,oracle,Tier_A,540
13332,oracle,Tier_A,543
13333,oracle,Tier_A,2506
13334,oracle,Tier_A,560
13335,oracle,Tier_A,588
13336,oracle,Tier_A,2580
13337,oracle,Tier_A,621
13338,oracle,Tier_A,2549
13339,oracle,Tier_A,2561
13340,oracle,Tier_A,692
13341,oracle,Tier_A,694
13342,oracle,Tier_A,696
13343,oracle,Tier_A,697
13344,oracle,Tier_A,139
13345,oracle,Tier_A,735
13346,oracle,Tier_A,739
13347,oracle,Tier_A,767
13348,oracle,Tier_A,706
13349,oracle,Tier_A,622
13350,oracle,Tier_A,844
13351,oracle,Tier_A,2836
13352,oracle,Tier_A,969
13353,oracle,Tier_A,973
13354,oracle,Tier_A,981
13355,oracle,Tier_A,987
13356,oracle,Tier_A,992
13357,oracle,Tier_A,994
13358,oracle,Tier_A,1004
13359,oracle,Tier_A,1010
13360,oracle,Tier_A,1011
13361,oracle,Tier_A,1166
13362,oracle,Tier_A,1047
13363,oracle,Tier_A,3012
13364,oracle,Tier_A,3015
13365,oracle,Tier_A,1143
13366,oracle,Tier_A,3017
13367,oracle,Tier_A,1209
13368,oracle,Tier_A,1235
13369,oracle,Tier_A,1268
13370,oracle,Tier_A,2263
13371,oracle,Tier_A,2192
13372,oracle,Tier_A,1347
13373,oracle,Tier_A,1353
13374,oracle,Tier_A,1380
13375,oracle,Tier_A,1410
13376,oracle,Tier_A,1537
13377,oracle,Tier_A,1611
13378,oracle,Tier_A,1636
13379,oracle,Tier_A,378
13380,oracle,Tier_A,1797
13381,oracle,Tier_A,1839
13382,oracle,Tier_A,695
13383,oracle,Tier_A,1200
13384,oracle,Tier_A,1046
13385,oracle,Tier_A,96
13386,oracle,Tier_A,115
13387,oracle,Tier_A,435
13388,oracle,Tier_A,2151
13389,oracle,Tier_A,912
13390,oracle,Tier_A,114
13391,oracle,Tier_A,1721
13392,oracle,Tier_A,716
13393,oracle,Tier_A,217
13394,oracle,Tier_A,582
13395,oracle,Tier_A,151
13396,oracle,Tier_A,1823
13397,oracle,Tier_A,1507
13398,oracle,Tier_A,505
13399,oracle,Tier_A,496
13400,oracle,Tier_A,2291
13401,oracle,Tier_A,198
13402,oracle,Tier_A,567
13403,oracle,Tier_A,704
13404,oracle,Tier_A,82
13405,oracle,Tier_A,2062
13406,oracle,Tier_A,1547
13407,oracle,Tier_A,153
13408,oracle,Tier_A,227
13409,oracle,Tier_A,125
13410,oracle,Tier_A,31
13411,oracle,Tier_A,410
13412,oracle,Tier_A,407
13413,oracle,Tier_A,71
13414,oracle,Tier_A,78
13415,oracle,Tier_A,166
13416,oracle,Tier_A,2096
13417,oracle,Tier_A,327
13418,oracle,Tier_A,72
13419,oracle,Tier_A,2208
13420,oracle,Tier_A,1283
13421,oracle,Tier_A,340
13422,oracle,Tier_A,647
13423,oracle,Tier_A,1267
13424,oracle,Tier_A,2303
13425,oracle,Tier_A,51
13426,oracle,Tier_A,729
13427,oracle,Tier_A,3438
13428,oracle,Tier_A,1290
13429,oracle,Tier_A,863
13430,oracle,Tier_A,120
13431,oracle,Tier_A,1079
13432,oracle,Tier_A,1249
13433,oracle,Tier_A,2592
13434,oracle,Tier_A,142
13435,oracle,Tier_A,297
13436,oracle,Tier_A,1669
13437,oracle,Tier_A,713
13438,oracle,Tier_A,1944
13439,oracle,Tier_A,208
13440,oracle,Tier_A,2226
13441,oracle,Tier_A,605
13442,oracle,Tier_A,442
13443,oracle,Tier_A,772
13444,oracle,Tier_A,2622
13445,oracle,Tier_A,2127
13446,oracle,Tier_A,755
13447,oracle,Tier_A,1029
13448,oracle,Tier_A,2055
13449,oracle,Tier_A,875
13450,oracle,Tier_A,203
13451,oracle,Tier_A,321
13452,oracle,Tier_A,339
13453,oracle,Tier_A,2448
13454,oracle,Tier_A,133
13455,oracle,Tier_A,38
13456,oracle,Tier_A,7
13457,oracle,Tier_A,301
13458,oracle,Tier_A,127
13459,oracle,Tier_A,1824
13460,oracle,Tier_A,2008
13461,oracle,Tier_A,368
13462,oracle,Tier_A,212
13463,oracle,Tier_A,104
13464,oracle,Tier_A,841
13465,oracle,Tier_A,43
13466,oracle,Tier_A,29
13467,oracle,Tier_A,311
13468,oracle,Tier_A,556
13469,oracle,Tier_A,24
13470,oracle,Tier_A,498
13471,oracle,Tier_A,402
13472,oracle,Tier_A,176
13473,oracle,Tier_A,2439
13474,oracle,Tier_A,796
13475,oracle,Tier_A,1071
13476,oracle,Tier_A,130
13477,oracle,Tier_A,135
13478,oracle,Tier_A,2954
13479,oracle,Tier_A,1190
13480,oracle,Tier_A,36
13481,oracle,Tier_A,259
13482,oracle,Tier_A,3366
13483,oracle,Tier_A,70
13484,oracle,Tier_A,1768
13485,oracle,Tier_A,1248
13486,oracle,Tier_A,150
13487,oracle,Tier_A,2181
13488,oracle,Tier_A,403
13489,oracle,Tier_A,268
13490,oracle,Tier_A,92
13491,oracle,Tier_A,271
13492,oracle,Tier_A,1293
13493,oracle,Tier_A,1312
13494,oracle,Tier_A,211
13495,oracle,Tier_A,545
13496,oracle,Tier_A,365
13497,oracle,Tier_A,845
13498,oracle,Tier_A,2402
13499,oracle,Tier_A,2087
13500,oracle,Tier_A,1309
13501,oracle,Tier_A,829
13502,oracle,Tier_A,1492
13503,oracle,Tier_A,872
13504,oracle,Tier_A,143
13505,oracle,Tier_A,2047
13506,oracle,Tier_A,1254
13507,oracle,Tier_A,920
13508,oracle,Tier_A,1526
13509,oracle,Tier_A,2603
13510,oracle,Tier_A,1539
13511,oracle,Tier_A,325
13512,oracle,Tier_A,445
13513,oracle,Tier_A,1095
13514,oracle,Tier_A,366
13515,oracle,Tier_A,260
13516,oracle,Tier_A,84
13517,oracle,Tier_A,338
13518,oracle,Tier_A,2422
13519,oracle,Tier_A,2858
13520,oracle,Tier_A,44
13521,oracle,Tier_A,1481
13522,oracle,Tier_A,3799
13523,oracle,Tier_A,1169
13524,oracle,Tier_A,107
13525,oracle,Tier_A,684
13526,oracle,Tier_A,1197
13527,oracle,Tier_A,2204
13528,oracle,Tier_A,815
13529,oracle,Tier_A,3650
13530,oracle,Tier_A,1488
13531,oracle,Tier_A,752
13532,oracle,Tier_A,202
13533,oracle,Tier_A,3680
13534,oracle,Tier_A,129
13535,oracle,Tier_A,733
13536,oracle,Tier_A,1633
13537,oracle,Tier_A,25
13538,oracle,Tier_A,362
13539,oracle,Tier_A,2043
13540,oscar-health,Tier_C,1724
13541,oscar-health,Tier_C,362
13542,oscar-health,Tier_C,91
13543,otterai,Tier_C,407
13544,otterai,Tier_C,403
13545,otterai,Tier_C,139
13546,otterai,Tier_C,2625
13547,oyo,Tier_C,875
13548,oyo,Tier_C,138
13549,oyo,Tier_C,1642
13550,oyo,Tier_C,337
13551,oyo,Tier_C,23
13552,oyo,Tier_C,15
13553,oyo,Tier_C,14
13554,ozon,Tier_C,1
13555,ozon,Tier_C,20
13556,ozon,Tier_C,896
13557,ozon,Tier_C,56
13558,ozon,Tier_C,977
13559,ozon,Tier_C,185
13560,ozon,Tier_C,121
13561,ozon,Tier_C,394
13562,ozon,Tier_C,242
13563,ozon,Tier_C,3
13564,ozon,Tier_C,155
13565,palantir,Tier_C,23
13566,palantir,Tier_C,539
13567,palantir,Tier_C,56
13568,palantir,Tier_C,136
13569,palantir,Tier_C,146
13570,palantir,Tier_C,3006
13571,palantir,Tier_C,721
13572,palantir,Tier_C,217
13573,palantir,Tier_C,219
13574,palantir,Tier_C,220
13575,palantir,Tier_C,3008
13576,palantir,Tier_C,245
13577,palantir,Tier_C,427
13578,palantir,Tier_C,273
13579,palantir,Tier_C,303
13580,palantir,Tier_C,1232
13581,palantir,Tier_C,325
13582,palantir,Tier_C,2225
13583,palantir,Tier_C,2312
13584,palantir,Tier_C,2964
13585,palantir,Tier_C,2539
13586,palantir,Tier_C,981
13587,palantir,Tier_C,5
13588,palantir,Tier_C,1202
13589,palantir,Tier_C,718
13590,palantir,Tier_C,210
13591,palantir,Tier_C,3650
13592,palantir,Tier_C,244
13593,palantir,Tier_C,443
13594,palo-alto-networks,Tier_B,3
13595,palo-alto-networks,Tier_B,4
13596,palo-alto-networks,Tier_B,2831
13597,palo-alto-networks,Tier_B,49
13598,palo-alto-networks,Tier_B,102
13599,palo-alto-networks,Tier_B,146
13600,palo-alto-networks,Tier_B,155
13601,palo-alto-networks,Tier_B,443
13602,palo-alto-networks,Tier_B,252
13603,palo-alto-networks,Tier_B,64
13604,palo-alto-networks,Tier_B,139
13605,palo-alto-networks,Tier_B,706
13606,palo-alto-networks,Tier_B,1
13607,palo-alto-networks,Tier_B,21
13608,palo-alto-networks,Tier_B,12
13609,palo-alto-networks,Tier_B,239
13610,palo-alto-networks,Tier_B,692
13611,palo-alto-networks,Tier_B,380
13612,palo-alto-networks,Tier_B,93
13613,palo-alto-networks,Tier_B,33
13614,palo-alto-networks,Tier_B,224
13615,palo-alto-networks,Tier_B,226
13616,palo-alto-networks,Tier_B,14
13617,palo-alto-networks,Tier_B,2086
13618,palo-alto-networks,Tier_B,20
13619,palo-alto-networks,Tier_B,394
13620,palo-alto-networks,Tier_B,227
13621,palo-alto-networks,Tier_B,43
13622,palo-alto-networks,Tier_B,112
13623,palo-alto-networks,Tier_B,113
13624,palo-alto-networks,Tier_B,870
13625,palo-alto-networks,Tier_B,332
13626,palo-alto-networks,Tier_B,359
13627,palo-alto-networks,Tier_B,92
13628,palo-alto-networks,Tier_B,141
13629,palo-alto-networks,Tier_B,2
13630,palo-alto-networks,Tier_B,875
13631,palo-alto-networks,Tier_B,560
13632,palo-alto-networks,Tier_B,1239
13633,palo-alto-networks,Tier_B,88
13634,palo-alto-networks,Tier_B,5
13635,palo-alto-networks,Tier_B,56
13636,palo-alto-networks,Tier_B,103
13637,palo-alto-networks,Tier_B,355
13638,palo-alto-networks,Tier_B,1235
13639,park,Tier_C,49
13640,park,Tier_C,402
13641,patreon,Tier_C,71
13642,patreon,Tier_C,359
13643,patreon,Tier_C,56
13644,patreon,Tier_C,243
13645,paycom,Tier_C,217
13646,paycom,Tier_C,1200
13647,paypal,Tier_A,1
13648,paypal,Tier_A,3
13649,paypal,Tier_A,4
13650,paypal,Tier_A,6
13651,paypal,Tier_A,11
13652,paypal,Tier_A,15
13653,paypal,Tier_A,20
13654,paypal,Tier_A,33
13655,paypal,Tier_A,34
13656,paypal,Tier_A,42
13657,paypal,Tier_A,49
13658,paypal,Tier_A,1969
13659,paypal,Tier_A,56
13660,paypal,Tier_A,75
13661,paypal,Tier_A,79
13662,paypal,Tier_A,88
13663,paypal,Tier_A,1999
13664,paypal,Tier_A,2056
13665,paypal,Tier_A,121
13666,paypal,Tier_A,2062
13667,paypal,Tier_A,146
13668,paypal,Tier_A,152
13669,paypal,Tier_A,200
13670,paypal,Tier_A,238
13671,paypal,Tier_A,242
13672,paypal,Tier_A,2183
13673,paypal,Tier_A,300
13674,paypal,Tier_A,347
13675,paypal,Tier_A,2366
13676,paypal,Tier_A,2380
13677,paypal,Tier_A,560
13678,paypal,Tier_A,2554
13679,paypal,Tier_A,2586
13680,paypal,Tier_A,2524
13681,paypal,Tier_A,2559
13682,paypal,Tier_A,2557
13683,paypal,Tier_A,851
13684,paypal,Tier_A,1010
13685,paypal,Tier_A,1229
13686,paypal,Tier_A,1200
13687,paypal,Tier_A,1473
13688,paypal,Tier_A,1589
13689,paypal,Tier_A,1283
13690,paypal,Tier_A,198
13691,paypal,Tier_A,68
13692,paypal,Tier_A,355
13693,paypal,Tier_A,48
13694,paypal,Tier_A,215
13695,paypal,Tier_A,1671
13696,paypal,Tier_A,1963
13697,paypal,Tier_A,53
13698,paypal,Tier_A,945
13699,paypal,Tier_A,2491
13700,paypal,Tier_A,528
13701,paypal,Tier_A,322
13702,paypal,Tier_A,41
13703,paypal,Tier_A,1669
13704,paypal,Tier_A,162
13705,paypal,Tier_A,2697
13706,paypal,Tier_A,697
13707,paypal,Tier_A,2625
13708,paypal,Tier_A,55
13709,paypal,Tier_A,295
13710,paypal,Tier_A,54
13711,paypal,Tier_A,221
13712,paypal,Tier_A,1353
13713,paypal,Tier_A,1046
13714,paypal,Tier_A,875
13715,paypal,Tier_A,647
13716,paypal,Tier_A,128
13717,paypal,Tier_A,460
13718,paypal,Tier_A,36
13719,paypal,Tier_A,202
13720,paypal,Tier_A,207
13721,paypal,Tier_A,240
13722,paypal,Tier_A,1235
13723,paypal,Tier_A,259
13724,paypal,Tier_A,124
13725,paypal,Tier_A,735
13726,paypal,Tier_A,1160
13727,paypal,Tier_A,283
13728,paypal,Tier_A,780
13729,paypal,Tier_A,994
13730,paypal,Tier_A,78
13731,paypal,Tier_A,24
13732,paypal,Tier_A,1202
13733,paypal,Tier_A,1268
13734,paypal,Tier_A,1839
13735,paypal,Tier_A,297
13736,paypal,Tier_A,70
13737,paypal,Tier_A,1060
13738,paypal,Tier_A,412
13739,paypal,Tier_A,73
13740,paypal,Tier_A,1209
13741,paypal,Tier_A,692
13742,paypal,Tier_A,1926
13743,paypal,Tier_A,1251
13744,paypal,Tier_A,1854
13745,paypal,Tier_A,1048
13746,paypal,Tier_A,2858
13747,paypal,Tier_A,57
13748,paypal,Tier_A,123
13749,paypal,Tier_A,3820
13750,paypal,Tier_A,5
13751,paypal,Tier_A,387
13752,paypal,Tier_A,39
13753,paypay,Tier_C,2264
13754,paypay,Tier_C,6
13755,paypay,Tier_C,3161
13756,paypay,Tier_C,2300
13757,paypay,Tier_C,1584
13758,paytm,Tier_C,11
13759,paytm,Tier_C,42
13760,paytm,Tier_C,2903
13761,paytm,Tier_C,2905
13762,paytm,Tier_C,1047
13763,paytm,Tier_C,142
13764,paytm,Tier_C,155
13765,paytm,Tier_C,2401
13766,paytm,Tier_C,2439
13767,paytm,Tier_C,2475
13768,paytm,Tier_C,206
13769,paytm,Tier_C,2950
13770,paytm,Tier_C,1
13771,paytm,Tier_C,20
13772,paytm,Tier_C,5
13773,paytm,Tier_C,33
13774,paytm,Tier_C,3
13775,paytm,Tier_C,74
13776,paytm,Tier_C,316
13777,paytm,Tier_C,312
13778,paytm,Tier_C,3711
13779,paytm,Tier_C,1094
13780,paytm,Tier_C,128
13781,paytm,Tier_C,2721
13782,paytm,Tier_C,443
13783,paytm,Tier_C,3816
13784,paytm,Tier_C,264
13785,paytm,Tier_C,287
13786,paytm,Tier_C,121
13787,payu,Tier_C,2169
13788,payu,Tier_C,424
13789,peak6,Tier_C,1599
13790,peak6,Tier_C,1620
13791,pega,Tier_C,258
13792,peloton,Tier_C,381
13793,peloton,Tier_C,380
13794,persistent-systems,Tier_C,9
13795,persistent-systems,Tier_C,2220
13796,persistent-systems,Tier_C,20
13797,persistent-systems,Tier_C,49
13798,persistent-systems,Tier_C,53
13799,persistent-systems,Tier_C,1
13800,persistent-systems,Tier_C,3
13801,persistent-systems,Tier_C,5
13802,persistent-systems,Tier_C,88
13803,persistent-systems,Tier_C,14
13804,philips,Tier_C,982
13805,philips,Tier_C,151
13806,phonepe,Tier_A,5
13807,phonepe,Tier_A,1438
13808,phonepe,Tier_A,2517
13809,phonepe,Tier_A,42
13810,phonepe,Tier_A,45
13811,phonepe,Tier_A,56
13812,phonepe,Tier_A,75
13813,phonepe,Tier_A,2543
13814,phonepe,Tier_A,2043
13815,phonepe,Tier_A,121
13816,phonepe,Tier_A,127
13817,phonepe,Tier_A,135
13818,phonepe,Tier_A,198
13819,phonepe,Tier_A,721
13820,phonepe,Tier_A,1202
13821,phonepe,Tier_A,312
13822,phonepe,Tier_A,815
13823,phonepe,Tier_A,1235
13824,phonepe,Tier_A,337
13825,phonepe,Tier_A,875
13826,phonepe,Tier_A,402
13827,phonepe,Tier_A,880
13828,phonepe,Tier_A,406
13829,phonepe,Tier_A,410
13830,phonepe,Tier_A,1838
13831,phonepe,Tier_A,947
13832,phonepe,Tier_A,502
13833,phonepe,Tier_A,639
13834,phonepe,Tier_A,882
13835,phonepe,Tier_A,834
13836,phonepe,Tier_A,874
13837,phonepe,Tier_A,1130
13838,phonepe,Tier_A,994
13839,phonepe,Tier_A,2995
13840,phonepe,Tier_A,3008
13841,phonepe,Tier_A,632
13842,phonepe,Tier_A,378
13843,phonepe,Tier_A,2968
13844,phonepe,Tier_A,1590
13845,phonepe,Tier_A,221
13846,phonepe,Tier_A,3186
13847,phonepe,Tier_A,3405
13848,phonepe,Tier_A,239
13849,phonepe,Tier_A,3418
13850,phonepe,Tier_A,2948
13851,phonepe,Tier_A,3435
13852,phonepe,Tier_A,659
13853,phonepe,Tier_A,652
13854,phonepe,Tier_A,473
13855,phonepe,Tier_A,735
13856,phonepe,Tier_A,57
13857,phonepe,Tier_A,55
13858,phonepe,Tier_A,1383
13859,phonepe,Tier_A,41
13860,phonepe,Tier_A,475
13861,phonepe,Tier_A,1664
13862,phonepe,Tier_A,146
13863,phonepe,Tier_A,128
13864,phonepe,Tier_A,49
13865,phonepe,Tier_A,399
13866,phonepe,Tier_A,2251
13867,phonepe,Tier_A,1751
13868,phonepe,Tier_A,53
13869,phonepe,Tier_A,851
13870,phonepe,Tier_A,1657
13871,phonepe,Tier_A,2858
13872,phonepe,Tier_A,1482
13873,phonepe,Tier_A,2608
13874,phonepe,Tier_A,488
13875,phonepe,Tier_A,2929
13876,phonepe,Tier_A,1319
13877,phonepe,Tier_A,134
13878,phonepe,Tier_A,1642
13879,phonepe,Tier_A,2484
13880,phonepe,Tier_A,3608
13881,phonepe,Tier_A,2360
13882,phonepe,Tier_A,514
13883,phonepe,Tier_A,523
13884,phonepe,Tier_A,864
13885,phonepe,Tier_A,2603
13886,phonepe,Tier_A,546
13887,phonepe,Tier_A,10
13888,phonepe,Tier_A,15
13889,phonepe,Tier_A,542
13890,phonepe,Tier_A,2104
13891,phonepe,Tier_A,1035
13892,phonepe,Tier_A,20
13893,phonepe,Tier_A,322
13894,phonepe,Tier_A,1
13895,phonepe,Tier_A,853
13896,phonepe,Tier_A,741
13897,phonepe,Tier_A,329
13898,phonepe,Tier_A,17
13899,phonepe,Tier_A,803
13900,phonepe,Tier_A,200
13901,phonepe,Tier_A,54
13902,phonepe,Tier_A,1423
13903,phonepe,Tier_A,2385
13904,phonepe,Tier_A,394
13905,phonepe,Tier_A,305
13906,phonepe,Tier_A,14
13907,phonepe,Tier_A,862
13908,pickrr,Tier_C,2213
13909,pinterest,Tier_B,17
13910,pinterest,Tier_B,1055
13911,pinterest,Tier_B,38
13912,pinterest,Tier_B,63
13913,pinterest,Tier_B,1996
13914,pinterest,Tier_B,253
13915,pinterest,Tier_B,2232
13916,pinterest,Tier_B,282
13917,pinterest,Tier_B,295
13918,pinterest,Tier_B,311
13919,pinterest,Tier_B,322
13920,pinterest,Tier_B,1235
13921,pinterest,Tier_B,332
13922,pinterest,Tier_B,2302
13923,pinterest,Tier_B,1293
13924,pinterest,Tier_B,392
13925,pinterest,Tier_B,443
13926,pinterest,Tier_B,465
13927,pinterest,Tier_B,571
13928,pinterest,Tier_B,642
13929,pinterest,Tier_B,720
13930,pinterest,Tier_B,767
13931,pinterest,Tier_B,2402
13932,pinterest,Tier_B,347
13933,pinterest,Tier_B,43
13934,pinterest,Tier_B,490
13935,pinterest,Tier_B,34
13936,pinterest,Tier_B,815
13937,pinterest,Tier_B,759
13938,pinterest,Tier_B,200
13939,pinterest,Tier_B,494
13940,pinterest,Tier_B,723
13941,pinterest,Tier_B,1570
13942,pinterest,Tier_B,721
13943,pinterest,Tier_B,39
13944,pinterest,Tier_B,410
13945,pinterest,Tier_B,1723
13946,pinterest,Tier_B,1580
13947,pinterest,Tier_B,1564
13948,pinterest,Tier_B,68
13949,pinterest,Tier_B,1110
13950,pinterest,Tier_B,23
13951,pinterest,Tier_B,547
13952,pinterest,Tier_B,1244
13953,plaid,Tier_C,973
13954,playsimple,Tier_C,1
13955,pocket-gems,Tier_C,28
13956,pocket-gems,Tier_C,75
13957,pocket-gems,Tier_C,600
13958,pocket-gems,Tier_C,133
13959,pocket-gems,Tier_C,139
13960,pocket-gems,Tier_C,692
13961,pocket-gems,Tier_C,214
13962,pocket-gems,Tier_C,215
13963,pocket-gems,Tier_C,269
13964,pocket-gems,Tier_C,772
13965,pocket-gems,Tier_C,285
13966,pocket-gems,Tier_C,347
13967,pocket-gems,Tier_C,380
13968,pocket-gems,Tier_C,424
13969,pocket-gems,Tier_C,442
13970,point72,Tier_C,1407
13971,point72,Tier_C,1294
13972,point72,Tier_C,1440
13973,point72,Tier_C,1321
13974,point72,Tier_C,1378
13975,point72,Tier_C,2680
13976,polar,Tier_C,2771
13977,ponyai,Tier_C,786
13978,ponyai,Tier_C,1235
13979,ponyai,Tier_C,1824
13980,ponyai,Tier_C,1838
13981,pornhub,Tier_C,3
13982,pornhub,Tier_C,518
13983,pornhub,Tier_C,54
13984,pornhub,Tier_C,1907
13985,pornhub,Tier_C,678
13986,pornhub,Tier_C,9
13987,pornhub,Tier_C,169
13988,pornhub,Tier_C,11
13989,pornhub,Tier_C,5
13990,porter,Tier_C,71
13991,porter,Tier_C,1760
13992,poshmark,Tier_C,2257
13993,poshmark,Tier_C,1158
13994,poshmark,Tier_C,1159
13995,poshmark,Tier_C,769
13996,postman,Tier_C,1416
13997,postmates,Tier_C,2070
13998,postmates,Tier_C,2269
13999,postmates,Tier_C,1657
14000,poynt,Tier_C,655
14001,practo,Tier_C,3
14002,publicis-sapient,Tier_C,49
14003,publicis-sapient,Tier_C,42
14004,publicis-sapient,Tier_C,3
14005,publicis-sapient,Tier_C,14
14006,publicis-sapient,Tier_C,1824
14007,publicis-sapient,Tier_C,424
14008,pubmatic,Tier_C,14
14009,pubmatic,Tier_C,11
14010,pubmatic,Tier_C,188
14011,pure,Tier_C,39
14012,pure-storage,Tier_C,5
14013,pure-storage,Tier_C,1206
14014,pure-storage,Tier_C,593
14015,pure-storage,Tier_C,1668
14016,pure-storage,Tier_C,647
14017,pure-storage,Tier_C,380
14018,pure-storage,Tier_C,704
14019,pure-storage,Tier_C,2013
14020,purplle,Tier_C,2862
14021,pwc,Tier_C,14
14022,pwc,Tier_C,4
14023,pwc,Tier_C,13
14024,pwc,Tier_C,1
14025,qualcomm,Tier_B,9
14026,qualcomm,Tier_B,20
14027,qualcomm,Tier_B,24
14028,qualcomm,Tier_B,48
14029,qualcomm,Tier_B,70
14030,qualcomm,Tier_B,1183
14031,qualcomm,Tier_B,146
14032,qualcomm,Tier_B,206
14033,qualcomm,Tier_B,231
14034,qualcomm,Tier_B,3163
14035,qualcomm,Tier_B,297
14036,qualcomm,Tier_B,2502
14037,qualcomm,Tier_B,876
14038,qualcomm,Tier_B,190
14039,qualcomm,Tier_B,58
14040,qualcomm,Tier_B,26
14041,qualcomm,Tier_B,200
14042,qualcomm,Tier_B,232
14043,qualcomm,Tier_B,407
14044,qualcomm,Tier_B,19
14045,qualcomm,Tier_B,50
14046,qualcomm,Tier_B,1
14047,qualcomm,Tier_B,104
14048,qualcomm,Tier_B,7
14049,qualcomm,Tier_B,210
14050,qualcomm,Tier_B,8
14051,qualcomm,Tier_B,392
14052,qualcomm,Tier_B,836
14053,qualcomm,Tier_B,46
14054,qualcomm,Tier_B,342
14055,qualcomm,Tier_B,88
14056,qualcomm,Tier_B,3
14057,qualcomm,Tier_B,169
14058,qualcomm,Tier_B,622
14059,qualcomm,Tier_B,136
14060,qualcomm,Tier_B,141
14061,qualcomm,Tier_B,2563
14062,qualcomm,Tier_B,215
14063,qualcomm,Tier_B,42
14064,qualcomm,Tier_B,56
14065,qualcomm,Tier_B,2183
14066,qualcomm,Tier_B,560
14067,qualcomm,Tier_B,344
14068,qualcomm,Tier_B,4
14069,qualcomm,Tier_B,283
14070,qualcomm,Tier_B,72
14071,qualcomm,Tier_B,28
14072,qualcomm,Tier_B,15
14073,qualcomm,Tier_B,25
14074,qualcomm,Tier_B,22
14075,qualcomm,Tier_B,225
14076,qualcomm,Tier_B,1163
14077,qualcomm,Tier_B,23
14078,qualcomm,Tier_B,11
14079,qualcomm,Tier_B,21
14080,qualcomm,Tier_B,346
14081,qualcomm,Tier_B,14
14082,qualcomm,Tier_B,338
14083,qualcomm,Tier_B,852
14084,qualcomm,Tier_B,152
14085,qualcomm,Tier_B,191
14086,qualcomm,Tier_B,62
14087,qualtrics,Tier_C,735
14088,qualtrics,Tier_C,1925
14089,qualtrics,Tier_C,76
14090,qualtrics,Tier_C,221
14091,qualys,Tier_C,121
14092,quantcast,Tier_C,238
14093,quantiphi,Tier_C,1
14094,quantiphi,Tier_C,875
14095,quince,Tier_C,1911
14096,quince,Tier_C,875
14097,quora,Tier_C,1256
14098,quora,Tier_C,717
14099,quora,Tier_C,1329
14100,quora,Tier_C,1935
14101,quora,Tier_C,2080
14102,quora,Tier_C,855
14103,quora,Tier_C,1281
14104,quora,Tier_C,1295
14105,quora,Tier_C,2269
14106,quora,Tier_C,923
14107,quora,Tier_C,1876
14108,quora,Tier_C,1878
14109,quora,Tier_C,1354
14110,quora,Tier_C,1865
14111,quora,Tier_C,560
14112,quora,Tier_C,380
14113,quora,Tier_C,68
14114,quora,Tier_C,14
14115,quora,Tier_C,297
14116,rackspace,Tier_C,473
14117,radius,Tier_C,724
14118,rakuten,Tier_C,146
14119,rakuten,Tier_C,48
14120,rakuten,Tier_C,443
14121,rakuten,Tier_C,994
14122,rakuten,Tier_C,40
14123,rakuten,Tier_C,70
14124,rakuten,Tier_C,3
14125,rakuten,Tier_C,42
14126,rally-health,Tier_C,1
14127,ramp-2,Tier_C,631
14128,ramp-2,Tier_C,2043
14129,ramp-2,Tier_C,981
14130,razorpay,Tier_C,2499
14131,razorpay,Tier_C,56
14132,razorpay,Tier_C,2054
14133,razorpay,Tier_C,2070
14134,razorpay,Tier_C,171
14135,razorpay,Tier_C,1574
14136,razorpay,Tier_C,394
14137,razorpay,Tier_C,11
14138,razorpay,Tier_C,189
14139,razorpay,Tier_C,146
14140,razorpay,Tier_C,387
14141,razorpay,Tier_C,62
14142,rbc,Tier_C,121
14143,rbc,Tier_C,54
14144,redbus,Tier_C,42
14145,redbus,Tier_C,1653
14146,reddit,Tier_C,2240
14147,reddit,Tier_C,362
14148,reddit,Tier_C,127
14149,reddit,Tier_C,146
14150,reddit,Tier_C,359
14151,redfin,Tier_C,200
14152,redfin,Tier_C,692
14153,reliance-retails,Tier_C,1572
14154,remitly,Tier_C,205
14155,remitly,Tier_C,121
14156,remitly,Tier_C,210
14157,remitly,Tier_C,1807
14158,remitly,Tier_C,56
14159,retailmenot,Tier_C,2098
14160,revolut,Tier_C,14
14161,revolut,Tier_C,279
14162,revolut,Tier_C,92
14163,revolut,Tier_C,438
14164,revolut,Tier_C,528
14165,revolut,Tier_C,257
14166,revolut,Tier_C,268
14167,revolut,Tier_C,535
14168,revolut,Tier_C,2043
14169,revolut,Tier_C,1321
14170,riot-games,Tier_C,37
14171,riot-games,Tier_C,495
14172,riot-games,Tier_C,3167
14173,riot-games,Tier_C,289
14174,ripple,Tier_C,238
14175,ripple,Tier_C,560
14176,ripple,Tier_C,146
14177,ripple,Tier_C,443
14178,ripple,Tier_C,875
14179,ripple,Tier_C,56
14180,ripple,Tier_C,224
14181,ripple,Tier_C,853
14182,ripple,Tier_C,1047
14183,rippling,Tier_C,4
14184,rippling,Tier_C,399
14185,rippling,Tier_C,1258
14186,rippling,Tier_C,631
14187,rippling,Tier_C,1046
14188,rippling,Tier_C,465
14189,rippling,Tier_C,1944
14190,rippling,Tier_C,721
14191,rippling,Tier_C,460
14192,rippling,Tier_C,21
14193,rippling,Tier_C,3484
14194,rippling,Tier_C,3387
14195,rippling,Tier_C,2939
14196,rippling,Tier_C,1326
14197,rippling,Tier_C,1396
14198,rippling,Tier_C,23
14199,rippling,Tier_C,347
14200,rippling,Tier_C,737
14201,rippling,Tier_C,692
14202,rippling,Tier_C,146
14203,rippling,Tier_C,56
14204,rippling,Tier_C,2296
14205,rippling,Tier_C,3
14206,rivian,Tier_C,200
14207,rivian,Tier_C,2625
14208,rivian,Tier_C,443
14209,rivian,Tier_C,796
14210,rivian,Tier_C,23
14211,rivian,Tier_C,146
14212,rivian,Tier_C,807
14213,rivian,Tier_C,697
14214,rivian,Tier_C,227
14215,robinhood,Tier_C,2021
14216,robinhood,Tier_C,1711
14217,robinhood,Tier_C,1712
14218,robinhood,Tier_C,68
14219,robinhood,Tier_C,1743
14220,robinhood,Tier_C,121
14221,robinhood,Tier_C,1801
14222,robinhood,Tier_C,1391
14223,robinhood,Tier_C,1393
14224,robinhood,Tier_C,1684
14225,robinhood,Tier_C,692
14226,robinhood,Tier_C,1108
14227,robinhood,Tier_C,529
14228,robinhood,Tier_C,347
14229,robinhood,Tier_C,690
14230,roblox,Tier_B,14
14231,roblox,Tier_B,20
14232,roblox,Tier_B,1472
14233,roblox,Tier_B,48
14234,roblox,Tier_B,56
14235,roblox,Tier_B,621
14236,roblox,Tier_B,1552
14237,roblox,Tier_B,208
14238,roblox,Tier_B,767
14239,roblox,Tier_B,811
14240,roblox,Tier_B,1248
14241,roblox,Tier_B,362
14242,roblox,Tier_B,1282
14243,roblox,Tier_B,1290
14244,roblox,Tier_B,1280
14245,roblox,Tier_B,1297
14246,roblox,Tier_B,2817
14247,roblox,Tier_B,1364
14248,roblox,Tier_B,1419
14249,roblox,Tier_B,68
14250,roblox,Tier_B,2251
14251,roblox,Tier_B,273
14252,roblox,Tier_B,84
14253,roblox,Tier_B,849
14254,roblox,Tier_B,3043
14255,roblox,Tier_B,54
14256,roblox,Tier_B,1
14257,roblox,Tier_B,759
14258,roblox,Tier_B,994
14259,roblox,Tier_B,2021
14260,roblox,Tier_B,3161
14261,roblox,Tier_B,992
14262,roblox,Tier_B,3
14263,roblox,Tier_B,661
14264,roblox,Tier_B,128
14265,roblox,Tier_B,2672
14266,roblox,Tier_B,1861
14267,roblox,Tier_B,42
14268,roblox,Tier_B,723
14269,roblox,Tier_B,770
14270,roblox,Tier_B,933
14271,roblox,Tier_B,207
14272,roblox,Tier_B,210
14273,roblox,Tier_B,2537
14274,roblox,Tier_B,1743
14275,roblox,Tier_B,1434
14276,roblox,Tier_B,642
14277,roblox,Tier_B,2768
14278,roblox,Tier_B,3071
14279,roblox,Tier_B,1814
14280,roblox,Tier_B,3459
14281,roblox,Tier_B,380
14282,roblox,Tier_B,528
14283,roblox,Tier_B,2502
14284,roblox,Tier_B,359
14285,roblox,Tier_B,239
14286,rokt,Tier_C,408
14287,rokt,Tier_C,227
14288,rokt,Tier_C,224
14289,rokt,Tier_C,1472
14290,rokt,Tier_C,10
14291,rokt,Tier_C,20
14292,roku,Tier_C,394
14293,roku,Tier_C,146
14294,roku,Tier_C,844
14295,roku,Tier_C,43
14296,roku,Tier_C,628
14297,roku,Tier_C,1004
14298,roku,Tier_C,864
14299,roku,Tier_C,679
14300,roku,Tier_C,680
14301,roku,Tier_C,347
14302,roku,Tier_C,678
14303,roku,Tier_C,135
14304,roku,Tier_C,695
14305,roku,Tier_C,983
14306,roku,Tier_C,15
14307,roku,Tier_C,987
14308,roku,Tier_C,735
14309,rubrik,Tier_B,18
14310,rubrik,Tier_B,31
14311,rubrik,Tier_B,87
14312,rubrik,Tier_B,621
14313,rubrik,Tier_B,2928
14314,rubrik,Tier_B,2929
14315,rubrik,Tier_B,2927
14316,rubrik,Tier_B,146
14317,rubrik,Tier_B,2132
14318,rubrik,Tier_B,3021
14319,rubrik,Tier_B,211
14320,rubrik,Tier_B,723
14321,rubrik,Tier_B,3098
14322,rubrik,Tier_B,3083
14323,rubrik,Tier_B,2249
14324,rubrik,Tier_B,1242
14325,rubrik,Tier_B,380
14326,rubrik,Tier_B,528
14327,rubrik,Tier_B,1463
14328,rubrik,Tier_B,3207
14329,rubrik,Tier_B,2982
14330,rubrik,Tier_B,301
14331,rubrik,Tier_B,3410
14332,rubrik,Tier_B,3426
14333,rubrik,Tier_B,1236
14334,rubrik,Tier_B,1146
14335,rubrik,Tier_B,3525
14336,rubrik,Tier_B,3524
14337,rubrik,Tier_B,2502
14338,rubrik,Tier_B,2365
14339,rubrik,Tier_B,622
14340,rubrik,Tier_B,761
14341,rubrik,Tier_B,2193
14342,rubrik,Tier_B,2747
14343,rubrik,Tier_B,276
14344,rubrik,Tier_B,1202
14345,salesforce,Tier_A,3
14346,salesforce,Tier_A,5
14347,salesforce,Tier_A,11
14348,salesforce,Tier_A,12
14349,salesforce,Tier_A,13
14350,salesforce,Tier_A,15
14351,salesforce,Tier_A,20
14352,salesforce,Tier_A,23
14353,salesforce,Tier_A,33
14354,salesforce,Tier_A,39
14355,salesforce,Tier_A,41
14356,salesforce,Tier_A,42
14357,salesforce,Tier_A,49
14358,salesforce,Tier_A,56
14359,salesforce,Tier_A,75
14360,salesforce,Tier_A,76
14361,salesforce,Tier_A,98
14362,salesforce,Tier_A,115
14363,salesforce,Tier_A,124
14364,salesforce,Tier_A,121
14365,salesforce,Tier_A,2068
14366,salesforce,Tier_A,139
14367,salesforce,Tier_A,146
14368,salesforce,Tier_A,155
14369,salesforce,Tier_A,200
14370,salesforce,Tier_A,210
14371,salesforce,Tier_A,215
14372,salesforce,Tier_A,221
14373,salesforce,Tier_A,238
14374,salesforce,Tier_A,253
14375,salesforce,Tier_A,283
14376,salesforce,Tier_A,295
14377,salesforce,Tier_A,322
14378,salesforce,Tier_A,2296
14379,salesforce,Tier_A,347
14380,salesforce,Tier_A,370
14381,salesforce,Tier_A,394
14382,salesforce,Tier_A,410
14383,salesforce,Tier_A,443
14384,salesforce,Tier_A,460
14385,salesforce,Tier_A,2484
14386,salesforce,Tier_A,621
14387,salesforce,Tier_A,628
14388,salesforce,Tier_A,647
14389,salesforce,Tier_A,2563
14390,salesforce,Tier_A,696
14391,salesforce,Tier_A,713
14392,salesforce,Tier_A,735
14393,salesforce,Tier_A,895
14394,salesforce,Tier_A,994
14395,salesforce,Tier_A,2866
14396,salesforce,Tier_A,2865
14397,salesforce,Tier_A,1150
14398,salesforce,Tier_A,1051
14399,salesforce,Tier_A,2946
14400,salesforce,Tier_A,2957
14401,salesforce,Tier_A,2992
14402,salesforce,Tier_A,3125
14403,salesforce,Tier_A,3171
14404,salesforce,Tier_A,3135
14405,salesforce,Tier_A,1268
14406,salesforce,Tier_A,3193
14407,salesforce,Tier_A,3197
14408,salesforce,Tier_A,3195
14409,salesforce,Tier_A,3200
14410,salesforce,Tier_A,1326
14411,salesforce,Tier_A,1659
14412,salesforce,Tier_A,1701
14413,salesforce,Tier_A,127
14414,salesforce,Tier_A,1315
14415,salesforce,Tier_A,494
14416,salesforce,Tier_A,831
14417,salesforce,Tier_A,2966
14418,salesforce,Tier_A,233
14419,salesforce,Tier_A,1
14420,salesforce,Tier_A,152
14421,salesforce,Tier_A,1552
14422,salesforce,Tier_A,924
14423,salesforce,Tier_A,2025
14424,salesforce,Tier_A,1710
14425,salesforce,Tier_A,2472
14426,salesforce,Tier_A,3313
14427,salesforce,Tier_A,2231
14428,salesforce,Tier_A,2964
14429,salesforce,Tier_A,79
14430,salesforce,Tier_A,532
14431,salesforce,Tier_A,53
14432,salesforce,Tier_A,1297
14433,salesforce,Tier_A,692
14434,salesforce,Tier_A,255
14435,salesforce,Tier_A,25
14436,salesforce,Tier_A,329
14437,salesforce,Tier_A,366
14438,salesforce,Tier_A,224
14439,salesforce,Tier_A,973
14440,salesforce,Tier_A,636
14441,salesforce,Tier_A,1200
14442,salesforce,Tier_A,134
14443,salesforce,Tier_A,300
14444,salesforce,Tier_A,2515
14445,salesforce,Tier_A,239
14446,salesforce,Tier_A,6
14447,salesforce,Tier_A,863
14448,salesforce,Tier_A,289
14449,salesforce,Tier_A,767
14450,salesforce,Tier_A,3398
14451,salesforce,Tier_A,3399
14452,salesforce,Tier_A,1944
14453,salesforce,Tier_A,1046
14454,salesforce,Tier_A,437
14455,salesforce,Tier_A,1004
14456,salesforce,Tier_A,4
14457,salesforce,Tier_A,135
14458,salesforce,Tier_A,2008
14459,salesforce,Tier_A,1481
14460,salesforce,Tier_A,844
14461,salesforce,Tier_A,875
14462,salesforce,Tier_A,1221
14463,salesforce,Tier_A,1335
14464,salesforce,Tier_A,3488
14465,salesforce,Tier_A,2571
14466,salesforce,Tier_A,1143
14467,salesforce,Tier_A,353
14468,salesforce,Tier_A,3540
14469,salesforce,Tier_A,724
14470,salesforce,Tier_A,2488
14471,salesforce,Tier_A,465
14472,salesforce,Tier_A,3295
14473,salesforce,Tier_A,535
14474,salesforce,Tier_A,21
14475,salesforce,Tier_A,3607
14476,salesforce,Tier_A,125
14477,salesforce,Tier_A,3613
14478,salesforce,Tier_A,768
14479,salesforce,Tier_A,740
14480,salesforce,Tier_A,894
14481,salesforce,Tier_A,815
14482,salesforce,Tier_A,2918
14483,salesforce,Tier_A,85
14484,salesforce,Tier_A,545
14485,salesforce,Tier_A,2451
14486,salesforce,Tier_A,337
14487,salesforce,Tier_A,2345
14488,salesforce,Tier_A,1319
14489,salesforce,Tier_A,703
14490,salesforce,Tier_A,992
14491,salesforce,Tier_A,652
14492,salesforce,Tier_A,1209
14493,salesforce,Tier_A,630
14494,salesforce,Tier_A,743
14495,salesforce,Tier_A,332
14496,salesforce,Tier_A,268
14497,salesforce,Tier_A,213
14498,salesforce,Tier_A,2380
14499,salesforce,Tier_A,1219
14500,salesforce,Tier_A,355
14501,salesforce,Tier_A,1522
14502,salesforce,Tier_A,2065
14503,salesforce,Tier_A,1438
14504,salesforce,Tier_A,416
14505,salesforce,Tier_A,678
14506,salesforce,Tier_A,1245
14507,salesforce,Tier_A,144
14508,salesforce,Tier_A,2434
14509,salesforce,Tier_A,3170
14510,salesforce,Tier_A,934
14511,salesforce,Tier_A,2062
14512,salesforce,Tier_A,54
14513,salesforce,Tier_A,1839
14514,salesforce,Tier_A,207
14515,salesforce,Tier_A,287
14516,salesforce,Tier_A,3366
14517,salesforce,Tier_A,2603
14518,salesforce,Tier_A,105
14519,salesforce,Tier_A,3035
14520,salesforce,Tier_A,22
14521,salesforce,Tier_A,3634
14522,salesforce,Tier_A,312
14523,salesforce,Tier_A,2534
14524,salesforce,Tier_A,658
14525,salesforce,Tier_A,664
14526,salesforce,Tier_A,518
14527,salesforce,Tier_A,451
14528,salesforce,Tier_A,981
14529,salesforce,Tier_A,987
14530,salesforce,Tier_A,727
14531,salesforce,Tier_A,480
14532,sambanova,Tier_C,1669
14533,samsara,Tier_C,3206
14534,samsara,Tier_C,3208
14535,samsara,Tier_C,68
14536,samsara,Tier_C,3006
14537,samsara,Tier_C,36
14538,samsung,Tier_B,1
14539,samsung,Tier_B,15
14540,samsung,Tier_B,20
14541,samsung,Tier_B,33
14542,samsung,Tier_B,42
14543,samsung,Tier_B,53
14544,samsung,Tier_B,56
14545,samsung,Tier_B,987
14546,samsung,Tier_B,2029
14547,samsung,Tier_B,2035
14548,samsung,Tier_B,121
14549,samsung,Tier_B,141
14550,samsung,Tier_B,146
14551,samsung,Tier_B,200
14552,samsung,Tier_B,1301
14553,samsung,Tier_B,1139
14554,samsung,Tier_B,300
14555,samsung,Tier_B,312
14556,samsung,Tier_B,322
14557,samsung,Tier_B,1691
14558,samsung,Tier_B,1464
14559,samsung,Tier_B,1519
14560,samsung,Tier_B,2639
14561,samsung,Tier_B,2642
14562,samsung,Tier_B,2662
14563,samsung,Tier_B,653
14564,samsung,Tier_B,1675
14565,samsung,Tier_B,785
14566,samsung,Tier_B,2810
14567,samsung,Tier_B,1830
14568,samsung,Tier_B,1590
14569,samsung,Tier_B,402
14570,samsung,Tier_B,849
14571,samsung,Tier_B,79
14572,samsung,Tier_B,3045
14573,samsung,Tier_B,3080
14574,samsung,Tier_B,994
14575,samsung,Tier_B,127
14576,samsung,Tier_B,14
14577,samsung,Tier_B,189
14578,samsung,Tier_B,886
14579,samsung,Tier_B,23
14580,samsung,Tier_B,713
14581,samsung,Tier_B,30
14582,samsung,Tier_B,374
14583,samsung,Tier_B,162
14584,samsung,Tier_B,46
14585,samsung,Tier_B,407
14586,samsung,Tier_B,75
14587,samsung,Tier_B,29
14588,samsung,Tier_B,22
14589,samsung,Tier_B,160
14590,samsung,Tier_B,1514
14591,samsung,Tier_B,88
14592,samsung,Tier_B,283
14593,samsung,Tier_B,31
14594,samsung,Tier_B,45
14595,samsung,Tier_B,410
14596,samsung,Tier_B,3796
14597,samsung,Tier_B,4
14598,samsung,Tier_B,5
14599,samsung,Tier_B,48
14600,samsung,Tier_B,72
14601,samsung,Tier_B,855
14602,samsung,Tier_B,502
14603,samsung,Tier_B,1391
14604,sap,Tier_B,1
14605,sap,Tier_B,11
14606,sap,Tier_B,14
14607,sap,Tier_B,20
14608,sap,Tier_B,121
14609,sap,Tier_B,2065
14610,sap,Tier_B,2954
14611,sap,Tier_B,200
14612,sap,Tier_B,206
14613,sap,Tier_B,215
14614,sap,Tier_B,1349
14615,sap,Tier_B,1341
14616,sap,Tier_B,2552
14617,sap,Tier_B,53
14618,sap,Tier_B,221
14619,sap,Tier_B,125
14620,sap,Tier_B,367
14621,sap,Tier_B,42
14622,sap,Tier_B,5
14623,sap,Tier_B,146
14624,sap,Tier_B,1428
14625,sap,Tier_B,1038
14626,sap,Tier_B,322
14627,sap,Tier_B,49
14628,sap,Tier_B,283
14629,sap,Tier_B,3
14630,sap,Tier_B,9
14631,sap,Tier_B,135
14632,sap,Tier_B,56
14633,sap,Tier_B,238
14634,sap,Tier_B,100
14635,sap,Tier_B,33
14636,sap,Tier_B,204
14637,sap,Tier_B,2
14638,sap,Tier_B,232
14639,sap,Tier_B,141
14640,sap,Tier_B,236
14641,sap,Tier_B,234
14642,sap,Tier_B,74
14643,sap,Tier_B,383
14644,sap,Tier_B,739
14645,sap,Tier_B,443
14646,sap,Tier_B,76
14647,scale-ai,Tier_C,560
14648,scale-ai,Tier_C,134
14649,scaler,Tier_C,132
14650,scaler,Tier_C,131
14651,scaler,Tier_C,56
14652,schlumberger,Tier_C,695
14653,schneider-electric,Tier_C,3352
14654,schrodinger,Tier_C,1642
14655,sentry,Tier_C,68
14656,sentry,Tier_C,362
14657,servicenow,Tier_B,1
14658,servicenow,Tier_B,3
14659,servicenow,Tier_B,4
14660,servicenow,Tier_B,5
14661,servicenow,Tier_B,6
14662,servicenow,Tier_B,11
14663,servicenow,Tier_B,20
14664,servicenow,Tier_B,22
14665,servicenow,Tier_B,41
14666,servicenow,Tier_B,42
14667,servicenow,Tier_B,49
14668,servicenow,Tier_B,53
14669,servicenow,Tier_B,56
14670,servicenow,Tier_B,121
14671,servicenow,Tier_B,2063
14672,servicenow,Tier_B,146
14673,servicenow,Tier_B,152
14674,servicenow,Tier_B,179
14675,servicenow,Tier_B,200
14676,servicenow,Tier_B,206
14677,servicenow,Tier_B,215
14678,servicenow,Tier_B,3106
14679,servicenow,Tier_B,283
14680,servicenow,Tier_B,1944
14681,servicenow,Tier_B,322
14682,servicenow,Tier_B,2318
14683,servicenow,Tier_B,3203
14684,servicenow,Tier_B,692
14685,servicenow,Tier_B,739
14686,servicenow,Tier_B,706
14687,servicenow,Tier_B,735
14688,servicenow,Tier_B,994
14689,servicenow,Tier_B,186
14690,servicenow,Tier_B,460
14691,servicenow,Tier_B,73
14692,servicenow,Tier_B,443
14693,servicenow,Tier_B,1611
14694,servicenow,Tier_B,50
14695,servicenow,Tier_B,2385
14696,servicenow,Tier_B,2380
14697,servicenow,Tier_B,239
14698,servicenow,Tier_B,199
14699,servicenow,Tier_B,417
14700,servicenow,Tier_B,17
14701,servicenow,Tier_B,234
14702,servicenow,Tier_B,18
14703,servicenow,Tier_B,227
14704,servicenow,Tier_B,694
14705,servicenow,Tier_B,31
14706,servicenow,Tier_B,134
14707,servicenow,Tier_B,162
14708,servicenow,Tier_B,494
14709,servicenow,Tier_B,540
14710,servicenow,Tier_B,2116
14711,servicenow,Tier_B,347
14712,servicenow,Tier_B,1963
14713,servicenow,Tier_B,45
14714,servicenow,Tier_B,992
14715,servicenow,Tier_B,213
14716,servicenow,Tier_B,2291
14717,servicenow,Tier_B,424
14718,servicenow,Tier_B,21
14719,servicenow,Tier_B,560
14720,servicenow,Tier_B,122
14721,servicenow,Tier_B,503
14722,servicenow,Tier_B,127
14723,servicenow,Tier_B,71
14724,servicenow,Tier_B,904
14725,servicenow,Tier_B,1143
14726,servicenow,Tier_B,39
14727,servicenow,Tier_B,1192
14728,servicenow,Tier_B,151
14729,servicenow,Tier_B,75
14730,sharechat,Tier_C,2529
14731,sharechat,Tier_C,2385
14732,shift-technology,Tier_C,20
14733,shift-technology,Tier_C,22
14734,shipsy,Tier_C,15
14735,shopback,Tier_C,3868
14736,shopee,Tier_C,55
14737,shopee,Tier_C,146
14738,shopee,Tier_C,1885
14739,shopee,Tier_C,528
14740,shopee,Tier_C,125
14741,shopee,Tier_C,449
14742,shopee,Tier_C,5
14743,shopify,Tier_C,146
14744,shopify,Tier_C,2296
14745,shopify,Tier_C,874
14746,shopify,Tier_C,588
14747,shopify,Tier_C,535
14748,shopify,Tier_C,256
14749,shopup,Tier_C,537
14750,siemens,Tier_C,1
14751,siemens,Tier_C,20
14752,siemens,Tier_C,21
14753,siemens,Tier_C,41
14754,siemens,Tier_C,56
14755,siemens,Tier_C,3187
14756,siemens,Tier_C,2064
14757,siemens,Tier_C,200
14758,siemens,Tier_C,206
14759,siemens,Tier_C,242
14760,siemens,Tier_C,628
14761,siemens,Tier_C,1344
14762,siemens,Tier_C,26
14763,siemens,Tier_C,49
14764,siemens,Tier_C,218
14765,siemens,Tier_C,921
14766,siemens,Tier_C,146
14767,siemens,Tier_C,5
14768,siemens,Tier_C,152
14769,siemens,Tier_C,260
14770,siemens,Tier_C,347
14771,siemens,Tier_C,189
14772,siemens,Tier_C,9
14773,siemens,Tier_C,133
14774,siemens,Tier_C,420
14775,sig,Tier_C,68
14776,sig,Tier_C,54
14777,sig,Tier_C,3161
14778,sig,Tier_C,2768
14779,sig,Tier_C,48
14780,sig,Tier_C,1861
14781,sig,Tier_C,1743
14782,sig,Tier_C,3043
14783,sig,Tier_C,2817
14784,sig,Tier_C,2502
14785,sigmoid,Tier_C,103
14786,sigmoid,Tier_C,238
14787,sigmoid,Tier_C,25
14788,sigmoid,Tier_C,881
14789,sigmoid,Tier_C,20
14790,sigmoid,Tier_C,3
14791,sigmoid,Tier_C,155
14792,sigmoid,Tier_C,122
14793,sigmoid,Tier_C,121
14794,sigmoid,Tier_C,283
14795,sigmoid,Tier_C,49
14796,sigmoid,Tier_C,14
14797,sigmoid,Tier_C,322
14798,singlestore,Tier_C,15
14799,singlestore,Tier_C,18
14800,sixt,Tier_C,33
14801,slice,Tier_C,75
14802,smartnews,Tier_C,146
14803,smartnews,Tier_C,1647
14804,smartsheet,Tier_C,347
14805,snapchat,Tier_B,36
14806,snapchat,Tier_B,37
14807,snapchat,Tier_B,39
14808,snapchat,Tier_B,40
14809,snapchat,Tier_B,44
14810,snapchat,Tier_B,56
14811,snapchat,Tier_B,76
14812,snapchat,Tier_B,79
14813,snapchat,Tier_B,96
14814,snapchat,Tier_B,123
14815,snapchat,Tier_B,124
14816,snapchat,Tier_B,127
14817,snapchat,Tier_B,140
14818,snapchat,Tier_B,146
14819,snapchat,Tier_B,151
14820,snapchat,Tier_B,2097
14821,snapchat,Tier_B,155
14822,snapchat,Tier_B,161
14823,snapchat,Tier_B,200
14824,snapchat,Tier_B,206
14825,snapchat,Tier_B,207
14826,snapchat,Tier_B,210
14827,snapchat,Tier_B,227
14828,snapchat,Tier_B,231
14829,snapchat,Tier_B,253
14830,snapchat,Tier_B,269
14831,snapchat,Tier_B,270
14832,snapchat,Tier_B,289
14833,snapchat,Tier_B,312
14834,snapchat,Tier_B,314
14835,snapchat,Tier_B,347
14836,snapchat,Tier_B,1249
14837,snapchat,Tier_B,1268
14838,snapchat,Tier_B,377
14839,snapchat,Tier_B,1293
14840,snapchat,Tier_B,399
14841,snapchat,Tier_B,402
14842,snapchat,Tier_B,403
14843,snapchat,Tier_B,439
14844,snapchat,Tier_B,443
14845,snapchat,Tier_B,527
14846,snapchat,Tier_B,635
14847,snapchat,Tier_B,721
14848,snapchat,Tier_B,772
14849,snapchat,Tier_B,787
14850,snapchat,Tier_B,1754
14851,snapchat,Tier_B,856
14852,snapchat,Tier_B,964
14853,snapchat,Tier_B,528
14854,snapchat,Tier_B,1472
14855,snapchat,Tier_B,49
14856,snapchat,Tier_B,939
14857,snapchat,Tier_B,827
14858,snapchat,Tier_B,973
14859,snapchat,Tier_B,815
14860,snapchat,Tier_B,91
14861,snapchat,Tier_B,694
14862,snapchat,Tier_B,803
14863,snapchat,Tier_B,490
14864,snapchat,Tier_B,238
14865,snapchat,Tier_B,33
14866,snapchat,Tier_B,143
14867,snapchat,Tier_B,1091
14868,snapchat,Tier_B,3014
14869,snapchat,Tier_B,17
14870,snapchat,Tier_B,1146
14871,snapchat,Tier_B,212
14872,snapchat,Tier_B,296
14873,snapchat,Tier_B,67
14874,snapchat,Tier_B,1639
14875,snapchat,Tier_B,211
14876,snapchat,Tier_B,460
14877,snapchat,Tier_B,780
14878,snapchat,Tier_B,224
14879,snapchat,Tier_B,3
14880,snapchat,Tier_B,752
14881,snapchat,Tier_B,64
14882,snapchat,Tier_B,1074
14883,snapchat,Tier_B,393
14884,snapchat,Tier_B,2316
14885,snapchat,Tier_B,2258
14886,snapchat,Tier_B,875
14887,snapchat,Tier_B,480
14888,snapchat,Tier_B,886
14889,snapchat,Tier_B,947
14890,snapchat,Tier_B,166
14891,snapchat,Tier_B,362
14892,snapdeal,Tier_C,1027
14893,snapdeal,Tier_C,543
14894,snowflake,Tier_B,2856
14895,snowflake,Tier_B,10
14896,snowflake,Tier_B,21
14897,snowflake,Tier_B,981
14898,snowflake,Tier_B,545
14899,snowflake,Tier_B,588
14900,snowflake,Tier_B,116
14901,snowflake,Tier_B,117
14902,snowflake,Tier_B,2050
14903,snowflake,Tier_B,146
14904,snowflake,Tier_B,202
14905,snowflake,Tier_B,1639
14906,snowflake,Tier_B,212
14907,snowflake,Tier_B,210
14908,snowflake,Tier_B,224
14909,snowflake,Tier_B,227
14910,snowflake,Tier_B,2742
14911,snowflake,Tier_B,253
14912,snowflake,Tier_B,271
14913,snowflake,Tier_B,273
14914,snowflake,Tier_B,787
14915,snowflake,Tier_B,1235
14916,snowflake,Tier_B,2303
14917,snowflake,Tier_B,362
14918,snowflake,Tier_B,380
14919,snowflake,Tier_B,3177
14920,snowflake,Tier_B,3176
14921,snowflake,Tier_B,3155
14922,snowflake,Tier_B,438
14923,snowflake,Tier_B,2851
14924,snowflake,Tier_B,706
14925,snowflake,Tier_B,1898
14926,snowflake,Tier_B,2265
14927,snowflake,Tier_B,42
14928,snowflake,Tier_B,872
14929,snowflake,Tier_B,76
14930,snowflake,Tier_B,11
14931,snowflake,Tier_B,207
14932,snowflake,Tier_B,2062
14933,snowflake,Tier_B,155
14934,snowflake,Tier_B,528
14935,snowflake,Tier_B,139
14936,snowflake,Tier_B,295
14937,snowflake,Tier_B,23
14938,snowflake,Tier_B,105
14939,snowflake,Tier_B,621
14940,snowflake,Tier_B,138
14941,snowflake,Tier_B,2467
14942,snowflake,Tier_B,52
14943,snowflake,Tier_B,1146
14944,snowflake,Tier_B,849
14945,snowflake,Tier_B,687
14946,snowflake,Tier_B,1600
14947,snowflake,Tier_B,408
14948,snowflake,Tier_B,2096
14949,snowflake,Tier_B,208
14950,snowflake,Tier_B,695
14951,snowflake,Tier_B,1
14952,snowflake,Tier_B,286
14953,snowflake,Tier_B,540
14954,snowflake,Tier_B,1353
14955,snowflake,Tier_B,1631
14956,snowflake,Tier_B,211
14957,snowflake,Tier_B,1233
14958,snowflake,Tier_B,402
14959,snowflake,Tier_B,121
14960,snowflake,Tier_B,13
14961,snowflake,Tier_B,71
14962,snowflake,Tier_B,347
14963,snowflake,Tier_B,827
14964,snowflake,Tier_B,435
14965,snowflake,Tier_B,1136
14966,snowflake,Tier_B,917
14967,snowflake,Tier_B,947
14968,snowflake,Tier_B,841
14969,snowflake,Tier_B,1242
14970,snowflake,Tier_B,1751
14971,snowflake,Tier_B,635
14972,snowflake,Tier_B,881
14973,snowflake,Tier_B,79
14974,snowflake,Tier_B,729
14975,snowflake,Tier_B,1604
14976,snowflake,Tier_B,1236
14977,snowflake,Tier_B,622
14978,snowflake,Tier_B,1166
14979,snowflake,Tier_B,994
14980,snowflake,Tier_B,276
14981,snowflake,Tier_B,2
14982,snowflake,Tier_B,1494
14983,snowflake,Tier_B,45
14984,snowflake,Tier_B,490
14985,snowflake,Tier_B,1057
14986,snowflake,Tier_B,261
14987,snowflake,Tier_B,243
14988,snowflake,Tier_B,2458
14989,snowflake,Tier_B,641
14990,snowflake,Tier_B,1472
14991,snowflake,Tier_B,3880
14992,snowflake,Tier_B,3092
14993,societe-generale,Tier_C,1864
14994,societe-generale,Tier_C,121
14995,societe-generale,Tier_C,17
14996,sofi,Tier_C,13
14997,sofi,Tier_C,200
14998,sofi,Tier_C,76
14999,sofi,Tier_C,735
15000,sofi,Tier_C,845
15001,sofi,Tier_C,697
15002,sofi,Tier_C,1347
15003,sofi,Tier_C,380
15004,sofi,Tier_C,146
15005,sofi,Tier_C,23
15006,sofi,Tier_C,2472
15007,sofi,Tier_C,347
15008,sofi,Tier_C,1229
15009,sofi,Tier_C,2861
15010,sofi,Tier_C,127
15011,sofi,Tier_C,68
15012,softwire,Tier_C,1796
15013,softwire,Tier_C,5
15014,sonatus,Tier_C,165
15015,sony,Tier_C,2005
15016,sony,Tier_C,528
15017,sony,Tier_C,1512
15018,sony,Tier_C,20
15019,sony,Tier_C,1
15020,soti,Tier_C,605
15021,soundhound,Tier_C,1367
15022,soundhound,Tier_C,1752
15023,soundhound,Tier_C,41
15024,spacex,Tier_C,64
15025,spinny,Tier_C,1942
15026,spinny,Tier_C,1943
15027,spinny,Tier_C,1011
15028,spinny,Tier_C,688
15029,spinny,Tier_C,792
15030,spinny,Tier_C,146
15031,spinny,Tier_C,1104
15032,splunk,Tier_C,694
15033,splunk,Tier_C,253
15034,splunk,Tier_C,146
15035,splunk,Tier_C,300
15036,splunk,Tier_C,295
15037,splunk,Tier_C,42
15038,splunk,Tier_C,34
15039,splunk,Tier_C,310
15040,splunk,Tier_C,438
15041,splunk,Tier_C,20
15042,splunk,Tier_C,1
15043,splunk,Tier_C,622
15044,splunk,Tier_C,200
15045,splunk,Tier_C,3
15046,spotify,Tier_C,1
15047,spotify,Tier_C,3
15048,spotify,Tier_C,1917
15049,spotify,Tier_C,1919
15050,spotify,Tier_C,20
15051,spotify,Tier_C,1152
15052,spotify,Tier_C,215
15053,spotify,Tier_C,346
15054,spotify,Tier_C,383
15055,spotify,Tier_C,286
15056,spotify,Tier_C,480
15057,spotify,Tier_C,509
15058,spotify,Tier_C,295
15059,spotify,Tier_C,104
15060,spotify,Tier_C,125
15061,sprinklr,Tier_B,2846
15062,sprinklr,Tier_B,2518
15063,sprinklr,Tier_B,2546
15064,sprinklr,Tier_B,2897
15065,sprinklr,Tier_B,2048
15066,sprinklr,Tier_B,149
15067,sprinklr,Tier_B,2999
15068,sprinklr,Tier_B,2955
15069,sprinklr,Tier_B,735
15070,sprinklr,Tier_B,3031
15071,sprinklr,Tier_B,3029
15072,sprinklr,Tier_B,1755
15073,sprinklr,Tier_B,1746
15074,sprinklr,Tier_B,1799
15075,sprinklr,Tier_B,2378
15076,sprinklr,Tier_B,2440
15077,sprinklr,Tier_B,41
15078,sprinklr,Tier_B,3414
15079,sprinklr,Tier_B,907
15080,sprinklr,Tier_B,975
15081,sprinklr,Tier_B,10
15082,sprinklr,Tier_B,205
15083,sprinklr,Tier_B,552
15084,sprinklr,Tier_B,1129
15085,sprinklr,Tier_B,1463
15086,sprinklr,Tier_B,560
15087,sprinklr,Tier_B,687
15088,sprinklr,Tier_B,918
15089,sprinklr,Tier_B,85
15090,sprinklr,Tier_B,32
15091,sprinklr,Tier_B,546
15092,sprinklr,Tier_B,403
15093,sprinklr,Tier_B,295
15094,sprinklr,Tier_B,456
15095,sprinklr,Tier_B,946
15096,sprinklr,Tier_B,337
15097,sprinklr,Tier_B,239
15098,sprinklr,Tier_B,72
15099,sprinklr,Tier_B,1423
15100,square,Tier_C,999
15101,square,Tier_C,573
15102,square,Tier_C,2069
15103,square,Tier_C,139
15104,square,Tier_C,699
15105,square,Tier_C,2768
15106,square,Tier_C,1814
15107,square,Tier_C,1861
15108,square,Tier_C,490
15109,square,Tier_C,969
15110,square,Tier_C,300
15111,square,Tier_C,271
15112,squarepoint-capital,Tier_C,200
15113,squarepoint-capital,Tier_C,121
15114,squarepoint-capital,Tier_C,713
15115,squarepoint-capital,Tier_C,1268
15116,squarepoint-capital,Tier_C,53
15117,squarepoint-capital,Tier_C,300
15118,squarepoint-capital,Tier_C,49
15119,squarepoint-capital,Tier_C,403
15120,squarepoint-capital,Tier_C,146
15121,squarepoint-capital,Tier_C,64
15122,squarepoint-capital,Tier_C,1605
15123,squarepoint-capital,Tier_C,2771
15124,squarepoint-capital,Tier_C,224
15125,squarepoint-capital,Tier_C,2939
15126,squarepoint-capital,Tier_C,2466
15127,squarepoint-capital,Tier_C,3649
15128,squarepoint-capital,Tier_C,3035
15129,squarepoint-capital,Tier_C,1669
15130,squarepoint-capital,Tier_C,2918
15131,squarepoint-capital,Tier_C,765
15132,squarepoint-capital,Tier_C,322
15133,squarepoint-capital,Tier_C,1824
15134,squarepoint-capital,Tier_C,42
15135,squarepoint-capital,Tier_C,1326
15136,squarepoint-capital,Tier_C,992
15137,squarepoint-capital,Tier_C,746
15138,squarespace,Tier_C,146
15139,squarespace,Tier_C,88
15140,squarespace,Tier_C,21
15141,squarespace,Tier_C,1893
15142,squarespace,Tier_C,56
15143,stackadapt,Tier_C,295
15144,stackadapt,Tier_C,1146
15145,stackadapt,Tier_C,146
15146,stackline,Tier_C,310
15147,stackline,Tier_C,502
15148,starbucks,Tier_C,1174
15149,starbucks,Tier_C,1352
15150,state-farm,Tier_C,207
15151,strava,Tier_C,1990
15152,stripe,Tier_C,2483
15153,stripe,Tier_C,2050
15154,stripe,Tier_C,161
15155,stripe,Tier_C,787
15156,stripe,Tier_C,2303
15157,stripe,Tier_C,2768
15158,stripe,Tier_C,1604
15159,stripe,Tier_C,399
15160,stripe,Tier_C,1087
15161,stripe,Tier_C,1169
15162,stripe,Tier_C,2043
15163,sumologic,Tier_C,990
15164,sumologic,Tier_C,1722
15165,sumologic,Tier_C,1438
15166,swiggy,Tier_B,20
15167,swiggy,Tier_B,21
15168,swiggy,Tier_B,75
15169,swiggy,Tier_B,88
15170,swiggy,Tier_B,2943
15171,swiggy,Tier_B,1235
15172,swiggy,Tier_B,1413
15173,swiggy,Tier_B,41
15174,swiggy,Tier_B,560
15175,swiggy,Tier_B,4
15176,swiggy,Tier_B,496
15177,swiggy,Tier_B,12
15178,swiggy,Tier_B,1711
15179,swiggy,Tier_B,739
15180,swiggy,Tier_B,1174
15181,swiggy,Tier_B,202
15182,swiggy,Tier_B,888
15183,swiggy,Tier_B,1717
15184,swiggy,Tier_B,207
15185,swiggy,Tier_B,973
15186,swiggy,Tier_B,1986
15187,swiggy,Tier_B,1029
15188,swiggy,Tier_B,72
15189,swiggy,Tier_B,523
15190,swiggy,Tier_B,42
15191,swiggy,Tier_B,76
15192,swiggy,Tier_B,152
15193,swiggy,Tier_B,371
15194,swiggy,Tier_B,146
15195,swiggy,Tier_B,53
15196,swiggy,Tier_B,1
15197,swiggy,Tier_B,875
15198,swiggy,Tier_B,3
15199,swiggy,Tier_B,115
15200,swiggy,Tier_B,96
15201,swiggy,Tier_B,121
15202,swiggy,Tier_B,3169
15203,swiggy,Tier_B,5
15204,swiggy,Tier_B,355
15205,swiggy,Tier_B,128
15206,syfe,Tier_C,1560
15207,symantec,Tier_C,19
15208,synopsys,Tier_C,1
15209,ta-digital,Tier_C,2959
15210,tableau,Tier_C,11
15211,tanium,Tier_C,1306
15212,tanium,Tier_C,917
15213,target,Tier_C,2246
15214,target,Tier_C,1352
15215,target,Tier_C,53
15216,target,Tier_C,75
15217,target,Tier_C,14
15218,target,Tier_C,184
15219,target,Tier_C,451
15220,tcs,Tier_A,1
15221,tcs,Tier_A,2
15222,tcs,Tier_A,3
15223,tcs,Tier_A,5
15224,tcs,Tier_A,7
15225,tcs,Tier_A,9
15226,tcs,Tier_A,11
15227,tcs,Tier_A,13
15228,tcs,Tier_A,14
15229,tcs,Tier_A,18
15230,tcs,Tier_A,15
15231,tcs,Tier_A,21
15232,tcs,Tier_A,22
15233,tcs,Tier_A,26
15234,tcs,Tier_A,28
15235,tcs,Tier_A,20
15236,tcs,Tier_A,31
15237,tcs,Tier_A,34
15238,tcs,Tier_A,42
15239,tcs,Tier_A,50
15240,tcs,Tier_A,53
15241,tcs,Tier_A,54
15242,tcs,Tier_A,55
15243,tcs,Tier_A,58
15244,tcs,Tier_A,62
15245,tcs,Tier_A,66
15246,tcs,Tier_A,70
15247,tcs,Tier_A,73
15248,tcs,Tier_A,75
15249,tcs,Tier_A,69
15250,tcs,Tier_A,78
15251,tcs,Tier_A,80
15252,tcs,Tier_A,84
15253,tcs,Tier_A,88
15254,tcs,Tier_A,118
15255,tcs,Tier_A,121
15256,tcs,Tier_A,122
15257,tcs,Tier_A,128
15258,tcs,Tier_A,136
15259,tcs,Tier_A,151
15260,tcs,Tier_A,152
15261,tcs,Tier_A,169
15262,tcs,Tier_A,176
15263,tcs,Tier_A,179
15264,tcs,Tier_A,185
15265,tcs,Tier_A,189
15266,tcs,Tier_A,202
15267,tcs,Tier_A,204
15268,tcs,Tier_A,206
15269,tcs,Tier_A,217
15270,tcs,Tier_A,231
15271,tcs,Tier_A,239
15272,tcs,Tier_A,242
15273,tcs,Tier_A,268
15274,tcs,Tier_A,283
15275,tcs,Tier_A,67
15276,tcs,Tier_A,344
15277,tcs,Tier_A,349
15278,tcs,Tier_A,387
15279,tcs,Tier_A,412
15280,tcs,Tier_A,2423
15281,tcs,Tier_A,2481
15282,tcs,Tier_A,532
15283,tcs,Tier_A,540
15284,tcs,Tier_A,2520
15285,tcs,Tier_A,560
15286,tcs,Tier_A,577
15287,tcs,Tier_A,584
15288,tcs,Tier_A,595
15289,tcs,Tier_A,766
15290,tcs,Tier_A,704
15291,tcs,Tier_A,852
15292,tcs,Tier_A,898
15293,tcs,Tier_A,509
15294,tcs,Tier_A,1148
15295,tcs,Tier_A,3065
15296,tcs,Tier_A,3066
15297,tcs,Tier_A,1636
15298,tcs,Tier_A,1745
15299,tcs,Tier_A,1752
15300,tcs,Tier_A,1800
15301,tcs,Tier_A,912
15302,tcs,Tier_A,3190
15303,tcs,Tier_A,125
15304,tcs,Tier_A,63
15305,tcs,Tier_A,1492
15306,tcs,Tier_A,543
15307,tcs,Tier_A,273
15308,tcs,Tier_A,287
15309,tcs,Tier_A,35
15310,tcs,Tier_A,196
15311,tcs,Tier_A,1757
15312,tcs,Tier_A,85
15313,tcs,Tier_A,162
15314,tcs,Tier_A,485
15315,tcs,Tier_A,416
15316,tcs,Tier_A,1025
15317,tcs,Tier_A,2993
15318,tcs,Tier_A,1075
15319,tcs,Tier_A,805
15320,tcs,Tier_A,2006
15321,tcs,Tier_A,49
15322,tcs,Tier_A,1512
15323,tcs,Tier_A,51
15324,tcs,Tier_A,45
15325,tcs,Tier_A,670
15326,tcs,Tier_A,229
15327,tcs,Tier_A,219
15328,tcs,Tier_A,3163
15329,tcs,Tier_A,1455
15330,tcs,Tier_A,124
15331,tcs,Tier_A,2461
15332,tcs,Tier_A,23
15333,tcs,Tier_A,141
15334,tcs,Tier_A,374
15335,tcs,Tier_A,1480
15336,tcs,Tier_A,3417
15337,tcs,Tier_A,4
15338,tcs,Tier_A,1368
15339,tcs,Tier_A,1378
15340,tcs,Tier_A,19
15341,tcs,Tier_A,198
15342,tcs,Tier_A,956
15343,tcs,Tier_A,263
15344,tcs,Tier_A,628
15345,tcs,Tier_A,567
15346,tcs,Tier_A,155
15347,tcs,Tier_A,1497
15348,tcs,Tier_A,875
15349,tcs,Tier_A,876
15350,tcs,Tier_A,182
15351,tcs,Tier_A,48
15352,tcs,Tier_A,1125
15353,tcs,Tier_A,658
15354,tcs,Tier_A,462
15355,tcs,Tier_A,442
15356,tcs,Tier_A,297
15357,tcs,Tier_A,146
15358,tcs,Tier_A,2563
15359,tcs,Tier_A,56
15360,tcs,Tier_A,2703
15361,tcs,Tier_A,643
15362,tcs,Tier_A,2095
15363,tcs,Tier_A,1910
15364,tcs,Tier_A,414
15365,tcs,Tier_A,41
15366,tcs,Tier_A,2099
15367,tcs,Tier_A,459
15368,tcs,Tier_A,3330
15369,tcs,Tier_A,164
15370,tcs,Tier_A,1751
15371,tcs,Tier_A,328
15372,tcs,Tier_A,109
15373,tcs,Tier_A,713
15374,tcs,Tier_A,81
15375,tcs,Tier_A,3136
15376,tcs,Tier_A,1068
15377,tcs,Tier_A,1614
15378,tcs,Tier_A,312
15379,tcs,Tier_A,90
15380,tcs,Tier_A,1493
15381,tcs,Tier_A,142
15382,tcs,Tier_A,33
15383,tcs,Tier_A,1518
15384,tcs,Tier_A,495
15385,tcs,Tier_A,979
15386,tcs,Tier_A,209
15387,tcs,Tier_A,17
15388,tcs,Tier_A,621
15389,tcs,Tier_A,496
15390,tcs,Tier_A,94
15391,tcs,Tier_A,455
15392,tcs,Tier_A,153
15393,tcs,Tier_A,1015
15394,tcs,Tier_A,184
15395,tcs,Tier_A,977
15396,tcs,Tier_A,1365
15397,tcs,Tier_A,143
15398,tcs,Tier_A,319
15399,tcs,Tier_A,27
15400,tcs,Tier_A,8
15401,tcs,Tier_A,10
15402,tcs,Tier_A,516
15403,tcs,Tier_A,570
15404,tcs,Tier_A,350
15405,tcs,Tier_A,2054
15406,tcs,Tier_A,167
15407,tcs,Tier_A,994
15408,tcs,Tier_A,181
15409,tcs,Tier_A,435
15410,tcs,Tier_A,303
15411,tcs,Tier_A,83
15412,tcs,Tier_A,3714
15413,tcs,Tier_A,38
15414,tcs,Tier_A,12
15415,tcs,Tier_A,238
15416,tcs,Tier_A,200
15417,tcs,Tier_A,739
15418,tcs,Tier_A,405
15419,tcs,Tier_A,523
15420,tcs,Tier_A,1143
15421,tcs,Tier_A,566
15422,tcs,Tier_A,46
15423,tcs,Tier_A,6
15424,tcs,Tier_A,409
15425,tcs,Tier_A,74
15426,tcs,Tier_A,1823
15427,tcs,Tier_A,160
15428,tcs,Tier_A,127
15429,tcs,Tier_A,1581
15430,tcs,Tier_A,1021
15431,tcs,Tier_A,746
15432,tcs,Tier_A,2667
15433,tcs,Tier_A,796
15434,tcs,Tier_A,24
15435,tcs,Tier_A,300
15436,tech-mahindra,Tier_C,7
15437,tech-mahindra,Tier_C,121
15438,tech-mahindra,Tier_C,1
15439,tech-mahindra,Tier_C,53
15440,tekion,Tier_C,42
15441,tekion,Tier_C,2954
15442,tekion,Tier_C,947
15443,tekion,Tier_C,162
15444,tekion,Tier_C,123
15445,tekion,Tier_C,1712
15446,tekion,Tier_C,253
15447,tekion,Tier_C,410
15448,tekion,Tier_C,1
15449,tekion,Tier_C,53
15450,tekion,Tier_C,34
15451,tekion,Tier_C,1352
15452,tekion,Tier_C,127
15453,tekion,Tier_C,678
15454,tekion,Tier_C,11
15455,tekion,Tier_C,994
15456,tekion,Tier_C,739
15457,tekion,Tier_C,713
15458,tekion,Tier_C,1048
15459,tekion,Tier_C,1366
15460,tekion,Tier_C,967
15461,tekion,Tier_C,1574
15462,tekion,Tier_C,3
15463,tencent,Tier_C,546
15464,tencent,Tier_C,625
15465,tencent,Tier_C,470
15466,tencent,Tier_C,184
15467,tencent,Tier_C,56
15468,tencent,Tier_C,394
15469,tencent,Tier_C,146
15470,tencent,Tier_C,20
15471,teradata,Tier_C,1885
15472,teradata,Tier_C,546
15473,teradata,Tier_C,3766
15474,tesco,Tier_C,56
15475,tesco,Tier_C,57
15476,tesla,Tier_B,3
15477,tesla,Tier_B,11
15478,tesla,Tier_B,17
15479,tesla,Tier_B,15
15480,tesla,Tier_B,20
15481,tesla,Tier_B,121
15482,tesla,Tier_B,146
15483,tesla,Tier_B,200
15484,tesla,Tier_B,227
15485,tesla,Tier_B,347
15486,tesla,Tier_B,348
15487,tesla,Tier_B,767
15488,tesla,Tier_B,1729
15489,tesla,Tier_B,622
15490,tesla,Tier_B,1758
15491,tesla,Tier_B,242
15492,tesla,Tier_B,1117
15493,tesla,Tier_B,56
15494,tesla,Tier_B,346
15495,tesla,Tier_B,41
15496,tesla,Tier_B,42
15497,tesla,Tier_B,53
15498,tesla,Tier_B,128
15499,tesla,Tier_B,207
15500,tesla,Tier_B,48
15501,tesla,Tier_B,1
15502,tesla,Tier_B,150
15503,tesla,Tier_B,934
15504,tesla,Tier_B,202
15505,tesla,Tier_B,393
15506,tesla,Tier_B,399
15507,tesla,Tier_B,1603
15508,tesla,Tier_B,126
15509,tesla,Tier_B,127
15510,tesla,Tier_B,2502
15511,tesla,Tier_B,223
15512,tesla,Tier_B,2115
15513,tesla,Tier_B,909
15514,tesla,Tier_B,4
15515,texas-instruments,Tier_C,22
15516,texas-instruments,Tier_C,2035
15517,texas-instruments,Tier_C,64
15518,texas-instruments,Tier_C,30
15519,the-trade-desk,Tier_C,3043
15520,the-trade-desk,Tier_C,227
15521,the-trade-desk,Tier_C,127
15522,the-trade-desk,Tier_C,54
15523,the-trade-desk,Tier_C,2043
15524,the-trade-desk,Tier_C,443
15525,thomson-reuters,Tier_C,1974
15526,thomson-reuters,Tier_C,1839
15527,thoughtspot,Tier_C,97
15528,thoughtspot,Tier_C,76
15529,thoughtspot,Tier_C,2791
15530,thoughtspot,Tier_C,3067
15531,thoughtspot,Tier_C,84
15532,thoughtworks,Tier_C,3226
15533,thoughtworks,Tier_C,2941
15534,thoughtworks,Tier_C,3003
15535,thoughtworks,Tier_C,5
15536,thoughtworks,Tier_C,3036
15537,thoughtworks,Tier_C,1
15538,thousandeyes,Tier_C,146
15539,thousandeyes,Tier_C,42
15540,thousandeyes,Tier_C,238
15541,thumbtack,Tier_C,966
15542,tiaa,Tier_C,1979
15543,tiger-analytics,Tier_C,2239
15544,tiger-analytics,Tier_C,121
15545,tiger-analytics,Tier_C,1
15546,tiktok,Tier_A,1
15547,tiktok,Tier_A,2
15548,tiktok,Tier_A,3
15549,tiktok,Tier_A,4
15550,tiktok,Tier_A,5
15551,tiktok,Tier_A,10
15552,tiktok,Tier_A,11
15553,tiktok,Tier_A,12
15554,tiktok,Tier_A,14
15555,tiktok,Tier_A,15
15556,tiktok,Tier_A,20
15557,tiktok,Tier_A,21
15558,tiktok,Tier_A,22
15559,tiktok,Tier_A,23
15560,tiktok,Tier_A,24
15561,tiktok,Tier_A,25
15562,tiktok,Tier_A,31
15563,tiktok,Tier_A,32
15564,tiktok,Tier_A,33
15565,tiktok,Tier_A,34
15566,tiktok,Tier_A,36
15567,tiktok,Tier_A,39
15568,tiktok,Tier_A,40
15569,tiktok,Tier_A,42
15570,tiktok,Tier_A,43
15571,tiktok,Tier_A,45
15572,tiktok,Tier_A,46
15573,tiktok,Tier_A,47
15574,tiktok,Tier_A,49
15575,tiktok,Tier_A,50
15576,tiktok,Tier_A,51
15577,tiktok,Tier_A,53
15578,tiktok,Tier_A,54
15579,tiktok,Tier_A,55
15580,tiktok,Tier_A,56
15581,tiktok,Tier_A,59
15582,tiktok,Tier_A,57
15583,tiktok,Tier_A,62
15584,tiktok,Tier_A,64
15585,tiktok,Tier_A,66
15586,tiktok,Tier_A,68
15587,tiktok,Tier_A,69
15588,tiktok,Tier_A,70
15589,tiktok,Tier_A,71
15590,tiktok,Tier_A,72
15591,tiktok,Tier_A,75
15592,tiktok,Tier_A,76
15593,tiktok,Tier_A,78
15594,tiktok,Tier_A,80
15595,tiktok,Tier_A,79
15596,tiktok,Tier_A,88
15597,tiktok,Tier_A,92
15598,tiktok,Tier_A,93
15599,tiktok,Tier_A,91
15600,tiktok,Tier_A,96
15601,tiktok,Tier_A,103
15602,tiktok,Tier_A,105
15603,tiktok,Tier_A,112
15604,tiktok,Tier_A,113
15605,tiktok,Tier_A,121
15606,tiktok,Tier_A,122
15607,tiktok,Tier_A,123
15608,tiktok,Tier_A,124
15609,tiktok,Tier_A,125
15610,tiktok,Tier_A,126
15611,tiktok,Tier_A,127
15612,tiktok,Tier_A,128
15613,tiktok,Tier_A,2050
15614,tiktok,Tier_A,140
15615,tiktok,Tier_A,143
15616,tiktok,Tier_A,139
15617,tiktok,Tier_A,146
15618,tiktok,Tier_A,148
15619,tiktok,Tier_A,151
15620,tiktok,Tier_A,152
15621,tiktok,Tier_A,153
15622,tiktok,Tier_A,159
15623,tiktok,Tier_A,160
15624,tiktok,Tier_A,162
15625,tiktok,Tier_A,165
15626,tiktok,Tier_A,2096
15627,tiktok,Tier_A,2115
15628,tiktok,Tier_A,2104
15629,tiktok,Tier_A,179
15630,tiktok,Tier_A,188
15631,tiktok,Tier_A,189
15632,tiktok,Tier_A,198
15633,tiktok,Tier_A,199
15634,tiktok,Tier_A,200
15635,tiktok,Tier_A,2145
15636,tiktok,Tier_A,202
15637,tiktok,Tier_A,206
15638,tiktok,Tier_A,207
15639,tiktok,Tier_A,209
15640,tiktok,Tier_A,210
15641,tiktok,Tier_A,208
15642,tiktok,Tier_A,213
15643,tiktok,Tier_A,215
15644,tiktok,Tier_A,218
15645,tiktok,Tier_A,221
15646,tiktok,Tier_A,224
15647,tiktok,Tier_A,226
15648,tiktok,Tier_A,227
15649,tiktok,Tier_A,236
15650,tiktok,Tier_A,238
15651,tiktok,Tier_A,239
15652,tiktok,Tier_A,240
15653,tiktok,Tier_A,252
15654,tiktok,Tier_A,253
15655,tiktok,Tier_A,259
15656,tiktok,Tier_A,261
15657,tiktok,Tier_A,269
15658,tiktok,Tier_A,282
15659,tiktok,Tier_A,283
15660,tiktok,Tier_A,286
15661,tiktok,Tier_A,295
15662,tiktok,Tier_A,297
15663,tiktok,Tier_A,300
15664,tiktok,Tier_A,301
15665,tiktok,Tier_A,305
15666,tiktok,Tier_A,316
15667,tiktok,Tier_A,317
15668,tiktok,Tier_A,322
15669,tiktok,Tier_A,329
15670,tiktok,Tier_A,340
15671,tiktok,Tier_A,347
15672,tiktok,Tier_A,348
15673,tiktok,Tier_A,358
15674,tiktok,Tier_A,74
15675,tiktok,Tier_A,378
15676,tiktok,Tier_A,380
15677,tiktok,Tier_A,381
15678,tiktok,Tier_A,394
15679,tiktok,Tier_A,395
15680,tiktok,Tier_A,399
15681,tiktok,Tier_A,402
15682,tiktok,Tier_A,403
15683,tiktok,Tier_A,415
15684,tiktok,Tier_A,416
15685,tiktok,Tier_A,417
15686,tiktok,Tier_A,424
15687,tiktok,Tier_A,2402
15688,tiktok,Tier_A,435
15689,tiktok,Tier_A,443
15690,tiktok,Tier_A,2414
15691,tiktok,Tier_A,445
15692,tiktok,Tier_A,456
15693,tiktok,Tier_A,460
15694,tiktok,Tier_A,468
15695,tiktok,Tier_A,475
15696,tiktok,Tier_A,2456
15697,tiktok,Tier_A,498
15698,tiktok,Tier_A,2468
15699,tiktok,Tier_A,2422
15700,tiktok,Tier_A,518
15701,tiktok,Tier_A,525
15702,tiktok,Tier_A,2506
15703,tiktok,Tier_A,556
15704,tiktok,Tier_A,560
15705,tiktok,Tier_A,2523
15706,tiktok,Tier_A,588
15707,tiktok,Tier_A,621
15708,tiktok,Tier_A,2640
15709,tiktok,Tier_A,642
15710,tiktok,Tier_A,658
15711,tiktok,Tier_A,662
15712,tiktok,Tier_A,670
15713,tiktok,Tier_A,673
15714,tiktok,Tier_A,678
15715,tiktok,Tier_A,680
15716,tiktok,Tier_A,691
15717,tiktok,Tier_A,694
15718,tiktok,Tier_A,695
15719,tiktok,Tier_A,714
15720,tiktok,Tier_A,726
15721,tiktok,Tier_A,735
15722,tiktok,Tier_A,739
15723,tiktok,Tier_A,752
15724,tiktok,Tier_A,426
15725,tiktok,Tier_A,767
15726,tiktok,Tier_A,772
15727,tiktok,Tier_A,785
15728,tiktok,Tier_A,2799
15729,tiktok,Tier_A,799
15730,tiktok,Tier_A,706
15731,tiktok,Tier_A,815
15732,tiktok,Tier_A,827
15733,tiktok,Tier_A,856
15734,tiktok,Tier_A,875
15735,tiktok,Tier_A,528
15736,tiktok,Tier_A,886
15737,tiktok,Tier_A,907
15738,tiktok,Tier_A,924
15739,tiktok,Tier_A,945
15740,tiktok,Tier_A,974
15741,tiktok,Tier_A,987
15742,tiktok,Tier_A,992
15743,tiktok,Tier_A,993
15744,tiktok,Tier_A,994
15745,tiktok,Tier_A,1004
15746,tiktok,Tier_A,1010
15747,tiktok,Tier_A,1011
15748,tiktok,Tier_A,1091
15749,tiktok,Tier_A,1257
15750,tiktok,Tier_A,1143
15751,tiktok,Tier_A,3086
15752,tiktok,Tier_A,1405
15753,tiktok,Tier_A,1944
15754,tiktok,Tier_A,1209
15755,tiktok,Tier_A,1249
15756,tiktok,Tier_A,1268
15757,tiktok,Tier_A,1293
15758,tiktok,Tier_A,1335
15759,tiktok,Tier_A,1423
15760,tiktok,Tier_A,1539
15761,tiktok,Tier_A,1541
15762,tiktok,Tier_A,1530
15763,tiktok,Tier_A,1570
15764,tiktok,Tier_A,1642
15765,tiktok,Tier_A,1802
15766,tiktok,Tier_A,1860
15767,tiktok,Tier_A,19
15768,tiktok,Tier_A,3043
15769,tiktok,Tier_A,2850
15770,tiktok,Tier_A,77
15771,tiktok,Tier_A,2334
15772,tiktok,Tier_A,472
15773,tiktok,Tier_A,2134
15774,tiktok,Tier_A,1151
15775,tiktok,Tier_A,408
15776,tiktok,Tier_A,473
15777,tiktok,Tier_A,1094
15778,tiktok,Tier_A,1245
15779,tiktok,Tier_A,134
15780,tiktok,Tier_A,442
15781,tiktok,Tier_A,212
15782,tiktok,Tier_A,729
15783,tiktok,Tier_A,377
15784,tiktok,Tier_A,628
15785,tiktok,Tier_A,1071
15786,tiktok,Tier_A,365
15787,tiktok,Tier_A,1882
15788,tiktok,Tier_A,909
15789,tiktok,Tier_A,2530
15790,tiktok,Tier_A,323
15791,tiktok,Tier_A,567
15792,tiktok,Tier_A,1584
15793,tiktok,Tier_A,277
15794,tiktok,Tier_A,708
15795,tiktok,Tier_A,650
15796,tiktok,Tier_A,1769
15797,tiktok,Tier_A,648
15798,tiktok,Tier_A,138
15799,tiktok,Tier_A,135
15800,tiktok,Tier_A,934
15801,tiktok,Tier_A,1466
15802,tiktok,Tier_A,1813
15803,tiktok,Tier_A,505
15804,tiktok,Tier_A,692
15805,tiktok,Tier_A,740
15806,tiktok,Tier_A,716
15807,tiktok,Tier_A,337
15808,tiktok,Tier_A,1216
15809,tiktok,Tier_A,981
15810,tiktok,Tier_A,543
15811,tiktok,Tier_A,962
15812,tiktok,Tier_A,287
15813,tiktok,Tier_A,413
15814,tiktok,Tier_A,63
15815,tiktok,Tier_A,3389
15816,tiktok,Tier_A,1237
15817,tiktok,Tier_A,2931
15818,tiktok,Tier_A,440
15819,tiktok,Tier_A,863
15820,tiktok,Tier_A,902
15821,tiktok,Tier_A,211
15822,tiktok,Tier_A,3441
15823,tiktok,Tier_A,309
15824,tiktok,Tier_A,2673
15825,tiktok,Tier_A,2561
15826,tiktok,Tier_A,1136
15827,tiktok,Tier_A,983
15828,tiktok,Tier_A,784
15829,tiktok,Tier_A,108
15830,tiktok,Tier_A,452
15831,tiktok,Tier_A,1383
15832,tiktok,Tier_A,167
15833,tiktok,Tier_A,1235
15834,tiktok,Tier_A,3474
15835,tiktok,Tier_A,230
15836,tiktok,Tier_A,606
15837,tiktok,Tier_A,44
15838,tiktok,Tier_A,2235
15839,tiktok,Tier_A,2551
15840,tiktok,Tier_A,82
15841,tiktok,Tier_A,941
15842,tiktok,Tier_A,616
15843,tiktok,Tier_A,601
15844,tiktok,Tier_A,1044
15845,tiktok,Tier_A,298
15846,tiktok,Tier_A,311
15847,tiktok,Tier_A,2694
15848,tiktok,Tier_A,1146
15849,tiktok,Tier_A,13
15850,tiktok,Tier_A,1302
15851,tiktok,Tier_A,529
15852,tiktok,Tier_A,593
15853,tiktok,Tier_A,1248
15854,tiktok,Tier_A,101
15855,tiktok,Tier_A,2945
15856,tiktok,Tier_A,84
15857,tiktok,Tier_A,2080
15858,tiktok,Tier_A,723
15859,tiktok,Tier_A,2021
15860,tiktok,Tier_A,1574
15861,tiktok,Tier_A,959
15862,tiktok,Tier_A,2502
15863,tiktok,Tier_A,2537
15864,tiktok,Tier_A,829
15865,tiktok,Tier_A,99
15866,tiktok,Tier_A,581
15867,tiktok,Tier_A,489
15868,tiktok,Tier_A,280
15869,tiktok,Tier_A,3071
15870,tiktok,Tier_A,232
15871,tiktok,Tier_A,496
15872,tiktok,Tier_A,887
15873,tiktok,Tier_A,271
15874,tiktok,Tier_A,255
15875,tiktok,Tier_A,2672
15876,tiktok,Tier_A,1462
15877,tiktok,Tier_A,679
15878,tiktok,Tier_A,2625
15879,tiktok,Tier_A,1669
15880,tiktok,Tier_A,696
15881,tiktok,Tier_A,325
15882,tiktok,Tier_A,721
15883,tiktok,Tier_A,845
15884,tiktok,Tier_A,759
15885,tiktok,Tier_A,1827
15886,tiktok,Tier_A,400
15887,tiktok,Tier_A,794
15888,tiktok,Tier_A,1041
15889,tiktok,Tier_A,438
15890,tiktok,Tier_A,291
15891,tiktok,Tier_A,787
15892,tiktok,Tier_A,1352
15893,tiktok,Tier_A,698
15894,tiktok,Tier_A,2817
15895,tiktok,Tier_A,185
15896,tiktok,Tier_A,106
15897,tiktok,Tier_A,904
15898,tiktok,Tier_A,470
15899,tiktok,Tier_A,48
15900,tiktok,Tier_A,294
15901,tiktok,Tier_A,1676
15902,tiktok,Tier_A,437
15903,tiktok,Tier_A,428
15904,tiktok,Tier_A,130
15905,tinder,Tier_C,295
15906,tinder,Tier_C,703
15907,tinder,Tier_C,68
15908,tinkoff,Tier_C,1
15909,tinkoff,Tier_C,3
15910,tinkoff,Tier_C,5
15911,tinkoff,Tier_C,34
15912,tinkoff,Tier_C,71
15913,tinkoff,Tier_C,392
15914,tinkoff,Tier_C,155
15915,tinkoff,Tier_C,419
15916,tinkoff,Tier_C,448
15917,tinkoff,Tier_C,2694
15918,tinkoff,Tier_C,33
15919,tinkoff,Tier_C,394
15920,tinkoff,Tier_C,200
15921,tinkoff,Tier_C,2605
15922,tinkoff,Tier_C,1984
15923,tinkoff,Tier_C,125
15924,tinkoff,Tier_C,2609
15925,tinkoff,Tier_C,19
15926,toast,Tier_C,277
15927,toast,Tier_C,125
15928,toast,Tier_C,121
15929,toast,Tier_C,122
15930,toast,Tier_C,20
15931,toast,Tier_C,1
15932,tokopedia,Tier_C,2645
15933,tomtom,Tier_C,55
15934,tomtom,Tier_C,20
15935,tomtom,Tier_C,1429
15936,tomtom,Tier_C,45
15937,toptal,Tier_C,1531
15938,toptal,Tier_C,1227
15939,tower-research,Tier_C,2434
15940,tower-research,Tier_C,934
15941,tower-research,Tier_C,399
15942,tracxn,Tier_C,179
15943,traveloka,Tier_C,3468
15944,trend-micro,Tier_C,1488
15945,trexquant,Tier_C,1432
15946,trexquant,Tier_C,17
15947,trexquant,Tier_C,15
15948,trexquant,Tier_C,875
15949,trilogy,Tier_C,2564
15950,trilogy,Tier_C,2569
15951,trilogy,Tier_C,2425
15952,trilogy,Tier_C,2403
15953,trilogy,Tier_C,115
15954,trilogy,Tier_C,592
15955,trilogy,Tier_C,2438
15956,tripactions,Tier_C,706
15957,tripadvisor,Tier_C,1002
15958,tripadvisor,Tier_C,146
15959,tripadvisor,Tier_C,20
15960,tripadvisor,Tier_C,383
15961,tripadvisor,Tier_C,240
15962,tripadvisor,Tier_C,155
15963,triplebyte,Tier_C,712
15964,turing,Tier_B,983
15965,turing,Tier_B,3
15966,turing,Tier_B,14
15967,turing,Tier_B,997
15968,turing,Tier_B,20
15969,turing,Tier_B,53
15970,turing,Tier_B,56
15971,turing,Tier_B,682
15972,turing,Tier_B,697
15973,turing,Tier_B,200
15974,turing,Tier_B,238
15975,turing,Tier_B,468
15976,turing,Tier_B,5
15977,turing,Tier_B,1668
15978,turing,Tier_B,1013
15979,turing,Tier_B,875
15980,turing,Tier_B,215
15981,turing,Tier_B,121
15982,turing,Tier_B,3138
15983,turing,Tier_B,917
15984,turing,Tier_B,34
15985,turing,Tier_B,818
15986,turing,Tier_B,55
15987,turing,Tier_B,3137
15988,turing,Tier_B,49
15989,turing,Tier_B,3153
15990,turing,Tier_B,15
15991,turing,Tier_B,3091
15992,turing,Tier_B,3122
15993,turing,Tier_B,4
15994,turing,Tier_B,1
15995,turing,Tier_B,2261
15996,turing,Tier_B,1925
15997,turing,Tier_B,1027
15998,turing,Tier_B,1703
15999,turing,Tier_B,665
16000,turing,Tier_B,3108
16001,turvo,Tier_C,1335
16002,turvo,Tier_C,1534
16003,tusimple,Tier_C,2585
16004,tusimple,Tier_C,2539
16005,tusimple,Tier_C,2121
16006,tusimple,Tier_C,2151
16007,twilio,Tier_C,2592
16008,twilio,Tier_C,1507
16009,twilio,Tier_C,965
16010,twilio,Tier_C,347
16011,twilio,Tier_C,1664
16012,twilio,Tier_C,2559
16013,twilio,Tier_C,49
16014,twilio,Tier_C,1642
16015,twilio,Tier_C,1268
16016,twitch,Tier_C,1435
16017,twitch,Tier_C,1500
16018,twitch,Tier_C,1230
16019,twitch,Tier_C,146
16020,twitch,Tier_C,345
16021,twitch,Tier_C,295
16022,twitch,Tier_C,56
16023,twitter,Tier_B,10
16024,twitter,Tier_B,12
16025,twitter,Tier_B,20
16026,twitter,Tier_B,23
16027,twitter,Tier_B,42
16028,twitter,Tier_B,43
16029,twitter,Tier_B,44
16030,twitter,Tier_B,56
16031,twitter,Tier_B,60
16032,twitter,Tier_B,118
16033,twitter,Tier_B,140
16034,twitter,Tier_B,146
16035,twitter,Tier_B,2073
16036,twitter,Tier_B,149
16037,twitter,Tier_B,161
16038,twitter,Tier_B,202
16039,twitter,Tier_B,206
16040,twitter,Tier_B,208
16041,twitter,Tier_B,218
16042,twitter,Tier_B,235
16043,twitter,Tier_B,251
16044,twitter,Tier_B,269
16045,twitter,Tier_B,296
16046,twitter,Tier_B,1206
16047,twitter,Tier_B,323
16048,twitter,Tier_B,341
16049,twitter,Tier_B,355
16050,twitter,Tier_B,378
16051,twitter,Tier_B,380
16052,twitter,Tier_B,407
16053,twitter,Tier_B,433
16054,twitter,Tier_B,1347
16055,twitter,Tier_B,1348
16056,twitter,Tier_B,468
16057,twitter,Tier_B,580
16058,twitter,Tier_B,1459
16059,twitter,Tier_B,585
16060,twitter,Tier_B,586
16061,twitter,Tier_B,608
16062,twitter,Tier_B,1683
16063,twitter,Tier_B,2768
16064,twitter,Tier_B,831
16065,twitter,Tier_B,1797
16066,twitter,Tier_B,1785
16067,twitter,Tier_B,868
16068,twitter,Tier_B,1817
16069,twitter,Tier_B,1882
16070,twitter,Tier_B,1910
16071,twitter,Tier_B,1905
16072,twitter,Tier_B,764
16073,twitter,Tier_B,1167
16074,two-sigma,Tier_C,23
16075,two-sigma,Tier_C,547
16076,two-sigma,Tier_C,43
16077,two-sigma,Tier_C,44
16078,two-sigma,Tier_C,1048
16079,two-sigma,Tier_C,2050
16080,two-sigma,Tier_C,212
16081,two-sigma,Tier_C,1186
16082,two-sigma,Tier_C,289
16083,two-sigma,Tier_C,342
16084,two-sigma,Tier_C,349
16085,two-sigma,Tier_C,528
16086,two-sigma,Tier_C,918
16087,two-sigma,Tier_C,1889
16088,two-sigma,Tier_C,2502
16089,two-sigma,Tier_C,253
16090,two-sigma,Tier_C,200
16091,two-sigma,Tier_C,20
16092,two-sigma,Tier_C,337
16093,uber,Tier_A,1
16094,uber,Tier_A,2
16095,uber,Tier_A,3
16096,uber,Tier_A,4
16097,uber,Tier_A,5
16098,uber,Tier_A,7
16099,uber,Tier_A,8
16100,uber,Tier_A,10
16101,uber,Tier_A,11
16102,uber,Tier_A,13
16103,uber,Tier_A,14
16104,uber,Tier_A,17
16105,uber,Tier_A,20
16106,uber,Tier_A,22
16107,uber,Tier_A,23
16108,uber,Tier_A,24
16109,uber,Tier_A,26
16110,uber,Tier_A,27
16111,uber,Tier_A,31
16112,uber,Tier_A,32
16113,uber,Tier_A,33
16114,uber,Tier_A,34
16115,uber,Tier_A,36
16116,uber,Tier_A,37
16117,uber,Tier_A,39
16118,uber,Tier_A,42
16119,uber,Tier_A,46
16120,uber,Tier_A,48
16121,uber,Tier_A,49
16122,uber,Tier_A,53
16123,uber,Tier_A,54
16124,uber,Tier_A,56
16125,uber,Tier_A,57
16126,uber,Tier_A,64
16127,uber,Tier_A,68
16128,uber,Tier_A,69
16129,uber,Tier_A,70
16130,uber,Tier_A,73
16131,uber,Tier_A,76
16132,uber,Tier_A,78
16133,uber,Tier_A,79
16134,uber,Tier_A,81
16135,uber,Tier_A,84
16136,uber,Tier_A,91
16137,uber,Tier_A,104
16138,uber,Tier_A,121
16139,uber,Tier_A,124
16140,uber,Tier_A,125
16141,uber,Tier_A,127
16142,uber,Tier_A,128
16143,uber,Tier_A,133
16144,uber,Tier_A,135
16145,uber,Tier_A,138
16146,uber,Tier_A,139
16147,uber,Tier_A,140
16148,uber,Tier_A,146
16149,uber,Tier_A,153
16150,uber,Tier_A,155
16151,uber,Tier_A,161
16152,uber,Tier_A,162
16153,uber,Tier_A,171
16154,uber,Tier_A,174
16155,uber,Tier_A,186
16156,uber,Tier_A,198
16157,uber,Tier_A,199
16158,uber,Tier_A,200
16159,uber,Tier_A,202
16160,uber,Tier_A,206
16161,uber,Tier_A,207
16162,uber,Tier_A,208
16163,uber,Tier_A,210
16164,uber,Tier_A,212
16165,uber,Tier_A,214
16166,uber,Tier_A,215
16167,uber,Tier_A,218
16168,uber,Tier_A,224
16169,uber,Tier_A,230
16170,uber,Tier_A,238
16171,uber,Tier_A,239
16172,uber,Tier_A,240
16173,uber,Tier_A,242
16174,uber,Tier_A,249
16175,uber,Tier_A,253
16176,uber,Tier_A,254
16177,uber,Tier_A,262
16178,uber,Tier_A,266
16179,uber,Tier_A,269
16180,uber,Tier_A,283
16181,uber,Tier_A,286
16182,uber,Tier_A,290
16183,uber,Tier_A,291
16184,uber,Tier_A,295
16185,uber,Tier_A,297
16186,uber,Tier_A,300
16187,uber,Tier_A,305
16188,uber,Tier_A,322
16189,uber,Tier_A,329
16190,uber,Tier_A,330
16191,uber,Tier_A,332
16192,uber,Tier_A,337
16193,uber,Tier_A,347
16194,uber,Tier_A,362
16195,uber,Tier_A,373
16196,uber,Tier_A,380
16197,uber,Tier_A,384
16198,uber,Tier_A,399
16199,uber,Tier_A,410
16200,uber,Tier_A,417
16201,uber,Tier_A,424
16202,uber,Tier_A,432
16203,uber,Tier_A,450
16204,uber,Tier_A,460
16205,uber,Tier_A,465
16206,uber,Tier_A,473
16207,uber,Tier_A,486
16208,uber,Tier_A,490
16209,uber,Tier_A,496
16210,uber,Tier_A,514
16211,uber,Tier_A,516
16212,uber,Tier_A,535
16213,uber,Tier_A,542
16214,uber,Tier_A,560
16215,uber,Tier_A,564
16216,uber,Tier_A,588
16217,uber,Tier_A,621
16218,uber,Tier_A,636
16219,uber,Tier_A,648
16220,uber,Tier_A,658
16221,uber,Tier_A,690
16222,uber,Tier_A,692
16223,uber,Tier_A,699
16224,uber,Tier_A,723
16225,uber,Tier_A,729
16226,uber,Tier_A,733
16227,uber,Tier_A,735
16228,uber,Tier_A,741
16229,uber,Tier_A,752
16230,uber,Tier_A,427
16231,uber,Tier_A,773
16232,uber,Tier_A,778
16233,uber,Tier_A,785
16234,uber,Tier_A,787
16235,uber,Tier_A,791
16236,uber,Tier_A,792
16237,uber,Tier_A,802
16238,uber,Tier_A,815
16239,uber,Tier_A,827
16240,uber,Tier_A,855
16241,uber,Tier_A,710
16242,uber,Tier_A,875
16243,uber,Tier_A,528
16244,uber,Tier_A,886
16245,uber,Tier_A,934
16246,uber,Tier_A,953
16247,uber,Tier_A,959
16248,uber,Tier_A,977
16249,uber,Tier_A,981
16250,uber,Tier_A,983
16251,uber,Tier_A,986
16252,uber,Tier_A,992
16253,uber,Tier_A,994
16254,uber,Tier_A,1011
16255,uber,Tier_A,1064
16256,uber,Tier_A,1136
16257,uber,Tier_A,1152
16258,uber,Tier_A,1039
16259,uber,Tier_A,1140
16260,uber,Tier_A,1171
16261,uber,Tier_A,1428
16262,uber,Tier_A,1326
16263,uber,Tier_A,1334
16264,uber,Tier_A,1385
16265,uber,Tier_A,1400
16266,uber,Tier_A,1438
16267,uber,Tier_A,1462
16268,uber,Tier_A,1519
16269,uber,Tier_A,1579
16270,uber,Tier_A,1584
16271,uber,Tier_A,1603
16272,uber,Tier_A,1642
16273,uber,Tier_A,1635
16274,uber,Tier_A,1645
16275,uber,Tier_A,1651
16276,uber,Tier_A,1719
16277,uber,Tier_A,1705
16278,uber,Tier_A,1768
16279,uber,Tier_A,1814
16280,uber,Tier_A,1829
16281,uber,Tier_A,1818
16282,uber,Tier_A,1838
16283,uber,Tier_A,1856
16284,uber,Tier_A,1926
16285,uber,Tier_A,2307
16286,uber,Tier_A,1968
16287,uber,Tier_A,1961
16288,uber,Tier_A,1967
16289,uber,Tier_A,2008
16290,uber,Tier_A,2009
16291,uber,Tier_A,2043
16292,uber,Tier_A,2073
16293,uber,Tier_A,2115
16294,uber,Tier_A,2187
16295,uber,Tier_A,2158
16296,uber,Tier_A,2196
16297,uber,Tier_A,2248
16298,uber,Tier_A,2251
16299,uber,Tier_A,2261
16300,uber,Tier_A,2258
16301,uber,Tier_A,2243
16302,uber,Tier_A,2333
16303,uber,Tier_A,2282
16304,uber,Tier_A,2385
16305,uber,Tier_A,2402
16306,uber,Tier_A,2444
16307,uber,Tier_A,2468
16308,uber,Tier_A,2493
16309,uber,Tier_A,2508
16310,uber,Tier_A,2537
16311,uber,Tier_A,2555
16312,uber,Tier_A,2551
16313,uber,Tier_A,2603
16314,uber,Tier_A,2762
16315,uber,Tier_A,2828
16316,uber,Tier_A,2848
16317,uber,Tier_A,2858
16318,uber,Tier_A,2912
16319,uber,Tier_A,3043
16320,uber,Tier_A,3023
16321,uber,Tier_A,3071
16322,uber,Tier_A,3037
16323,uber,Tier_A,3073
16324,uber,Tier_A,3078
16325,uber,Tier_A,3191
16326,uber,Tier_A,3192
16327,uber,Tier_A,213
16328,uber,Tier_A,2817
16329,uber,Tier_A,256
16330,uber,Tier_A,1202
16331,uber,Tier_A,1673
16332,uber,Tier_A,3027
16333,uber,Tier_A,1472
16334,uber,Tier_A,404
16335,uber,Tier_A,126
16336,uber,Tier_A,974
16337,uber,Tier_A,1878
16338,uber,Tier_A,3161
16339,uber,Tier_A,252
16340,uber,Tier_A,642
16341,uber,Tier_A,3341
16342,uber,Tier_A,3342
16343,uber,Tier_A,1229
16344,uber,Tier_A,258
16345,uber,Tier_A,1166
16346,uber,Tier_A,1861
16347,uber,Tier_A,668
16348,uber,Tier_A,545
16349,uber,Tier_A,2502
16350,uber,Tier_A,3387
16351,uber,Tier_A,895
16352,uber,Tier_A,3235
16353,uber,Tier_A,2246
16354,uber,Tier_A,277
16355,uber,Tier_A,730
16356,uber,Tier_A,885
16357,uber,Tier_A,2296
16358,uber,Tier_A,365
16359,uber,Tier_A,722
16360,uber,Tier_A,924
16361,uber,Tier_A,928
16362,uber,Tier_A,2467
16363,uber,Tier_A,130
16364,uber,Tier_A,2768
16365,uber,Tier_A,2021
16366,uber,Tier_A,3466
16367,uber,Tier_A,2484
16368,uber,Tier_A,788
16369,uber,Tier_A,3045
16370,uber,Tier_A,1698
16371,uber,Tier_A,2672
16372,uber,Tier_A,3034
16373,uber,Tier_A,2622
16374,uber,Tier_A,547
16375,uber,Tier_A,227
16376,uber,Tier_A,679
16377,uber,Tier_A,1429
16378,uber,Tier_A,505
16379,uber,Tier_A,415
16380,uber,Tier_A,2101
16381,uber,Tier_A,1423
16382,uber,Tier_A,312
16383,uber,Tier_A,2636
16384,uber,Tier_A,3443
16385,uber,Tier_A,1293
16386,uber,Tier_A,680
16387,uber,Tier_A,1005
16388,uber,Tier_A,1139
16389,uber,Tier_A,795
16390,uber,Tier_A,1627
16391,uber,Tier_A,353
16392,uber,Tier_A,1368
16393,uber,Tier_A,71
16394,uber,Tier_A,3652
16395,uber,Tier_A,1091
16396,uber,Tier_A,1489
16397,uber,Tier_A,489
16398,uber,Tier_A,2197
16399,uber,Tier_A,497
16400,uber,Tier_A,25
16401,uber,Tier_A,3202
16402,uber,Tier_A,397
16403,uber,Tier_A,650
16404,uber,Tier_A,549
16405,uber,Tier_A,643
16406,uber,Tier_A,474
16407,uber,Tier_A,1235
16408,uber,Tier_A,1475
16409,uber,Tier_A,2571
16410,uber,Tier_A,2276
16411,uber,Tier_A,601
16412,uber,Tier_A,686
16413,uber,Tier_A,1353
16414,uber,Tier_A,381
16415,uber,Tier_A,2791
16416,uber,Tier_A,1101
16417,uber,Tier_A,2812
16418,uber,Tier_A,270
16419,uber,Tier_A,721
16420,uber,Tier_A,2163
16421,uber,Tier_A,204
16422,uber,Tier_A,817
16423,uber,Tier_A,696
16424,uber,Tier_A,361
16425,uber,Tier_A,2092
16426,uber,Tier_A,1552
16427,uber,Tier_A,2561
16428,uber,Tier_A,502
16429,uber,Tier_A,2503
16430,uber,Tier_A,1244
16431,uber,Tier_A,3629
16432,uber,Tier_A,2076
16433,uber,Tier_A,864
16434,uber,Tier_A,1197
16435,uber,Tier_A,2389
16436,uber,Tier_A,2861
16437,uber,Tier_A,987
16438,uber,Tier_A,1697
16439,uber,Tier_A,719
16440,uber,Tier_A,3868
16441,uber,Tier_A,317
16442,uber,Tier_A,1931
16443,uber,Tier_A,438
16444,uber,Tier_A,3419
16445,uber,Tier_A,412
16446,uber,Tier_A,2954
16447,uber,Tier_A,1901
16448,uber,Tier_A,503
16449,uber,Tier_A,1966
16450,uber,Tier_A,261
16451,uber,Tier_A,117
16452,uber,Tier_A,2477
16453,uber,Tier_A,1639
16454,uber,Tier_A,74
16455,uber,Tier_A,1268
16456,uber,Tier_A,3356
16457,uber,Tier_A,209
16458,uber,Tier_A,1233
16459,ubisoft,Tier_C,409
16460,ubs,Tier_C,1268
16461,ubs,Tier_C,3067
16462,ubs,Tier_C,20
16463,ubs,Tier_C,49
16464,udemy,Tier_C,4
16465,udemy,Tier_C,36
16466,udemy,Tier_C,20
16467,udemy,Tier_C,21
16468,udemy,Tier_C,26
16469,udemy,Tier_C,3477
16470,udemy,Tier_C,271
16471,uipath,Tier_C,1036
16472,uipath,Tier_C,2826
16473,uipath,Tier_C,1162
16474,uipath,Tier_C,5
16475,uipath,Tier_C,12
16476,uipath,Tier_C,827
16477,uipath,Tier_C,881
16478,uipath,Tier_C,990
16479,uipath,Tier_C,424
16480,uipath,Tier_C,2603
16481,uipath,Tier_C,312
16482,uipath,Tier_C,155
16483,ukg,Tier_C,761
16484,ukg,Tier_C,3138
16485,ukg,Tier_C,1
16486,ukg,Tier_C,3380
16487,ukg,Tier_C,3382
16488,ukg,Tier_C,2539
16489,ukg,Tier_C,3136
16490,ukg,Tier_C,3511
16491,ukg,Tier_C,2592
16492,ukg,Tier_C,125
16493,ukg,Tier_C,146
16494,unbxd,Tier_C,2492
16495,unity,Tier_C,2470
16496,unity,Tier_C,2038
16497,unstop,Tier_C,3115
16498,upstart,Tier_C,53
16499,upstart,Tier_C,71
16500,upstart,Tier_C,304
16501,upstart,Tier_C,120
16502,upstart,Tier_C,36
16503,upstart,Tier_C,49
16504,urban-company,Tier_C,135
16505,urban-company,Tier_C,42
16506,urban-company,Tier_C,162
16507,urban-company,Tier_C,417
16508,urban-company,Tier_C,1653
16509,urban-company,Tier_C,399
16510,valve,Tier_C,649
16511,valve,Tier_C,2755
16512,valve,Tier_C,1603
16513,valve,Tier_C,8
16514,veeva,Tier_C,3
16515,veeva,Tier_C,38
16516,veeva,Tier_C,155
16517,verily,Tier_C,202
16518,verily,Tier_C,2007
16519,verily,Tier_C,843
16520,verily,Tier_C,1048
16521,verily,Tier_C,963
16522,verily,Tier_C,2115
16523,verily,Tier_C,49
16524,verily,Tier_C,1197
16525,verily,Tier_C,55
16526,verily,Tier_C,1024
16527,verily,Tier_C,215
16528,verily,Tier_C,939
16529,verily,Tier_C,146
16530,verily,Tier_C,359
16531,verily,Tier_C,354
16532,veritas,Tier_C,2381
16533,verizon,Tier_C,2759
16534,verizon,Tier_C,739
16535,verizon,Tier_C,3446
16536,verizon,Tier_C,1646
16537,verizon,Tier_C,1756
16538,verizon,Tier_C,283
16539,verkada,Tier_C,986
16540,verkada,Tier_C,1235
16541,verkada,Tier_C,1146
16542,verkada,Tier_C,843
16543,verkada,Tier_C,435
16544,verkada,Tier_C,227
16545,verkada,Tier_C,1233
16546,verkada,Tier_C,772
16547,verkada,Tier_C,867
16548,verkada,Tier_C,146
16549,verkada,Tier_C,543
16550,verkada,Tier_C,191
16551,verkada,Tier_C,981
16552,verkada,Tier_C,88
16553,verkada,Tier_C,36
16554,verkada,Tier_C,12
16555,verkada,Tier_C,460
16556,verkada,Tier_C,56
16557,verkada,Tier_C,23
16558,viasat,Tier_C,146
16559,viasat,Tier_C,110
16560,vimeo,Tier_C,1803
16561,vimeo,Tier_C,1042
16562,vimeo,Tier_C,53
16563,vimeo,Tier_C,15
16564,vimeo,Tier_C,146
16565,vimeo,Tier_C,155
16566,vimeo,Tier_C,20
16567,virtu,Tier_C,1243
16568,virtu,Tier_C,1759
16569,virtu,Tier_C,1180
16570,virtu,Tier_C,1271
16571,virtu,Tier_C,1196
16572,virtusa,Tier_C,3039
16573,virtusa,Tier_C,118
16574,virtusa,Tier_C,3
16575,virtusa,Tier_C,1
16576,virtusa,Tier_C,13
16577,virtusa,Tier_C,189
16578,virtusa,Tier_C,14
16579,visa,Tier_A,1
16580,visa,Tier_A,3
16581,visa,Tier_A,4
16582,visa,Tier_A,5
16583,visa,Tier_A,14
16584,visa,Tier_A,15
16585,visa,Tier_A,20
16586,visa,Tier_A,42
16587,visa,Tier_A,49
16588,visa,Tier_A,53
16589,visa,Tier_A,1025
16590,visa,Tier_A,66
16591,visa,Tier_A,68
16592,visa,Tier_A,121
16593,visa,Tier_A,2049
16594,visa,Tier_A,2078
16595,visa,Tier_A,151
16596,visa,Tier_A,2136
16597,visa,Tier_A,214
16598,visa,Tier_A,3046
16599,visa,Tier_A,3078
16600,visa,Tier_A,1353
16601,visa,Tier_A,1389
16602,visa,Tier_A,2451
16603,visa,Tier_A,739
16604,visa,Tier_A,286
16605,visa,Tier_A,207
16606,visa,Tier_A,2593
16607,visa,Tier_A,25
16608,visa,Tier_A,1497
16609,visa,Tier_A,54
16610,visa,Tier_A,543
16611,visa,Tier_A,661
16612,visa,Tier_A,1861
16613,visa,Tier_A,146
16614,visa,Tier_A,3043
16615,visa,Tier_A,3161
16616,visa,Tier_A,200
16617,visa,Tier_A,1438
16618,visa,Tier_A,189
16619,visa,Tier_A,347
16620,visa,Tier_A,127
16621,visa,Tier_A,242
16622,visa,Tier_A,123
16623,visa,Tier_A,93
16624,visa,Tier_A,3459
16625,visa,Tier_A,539
16626,visa,Tier_A,162
16627,visa,Tier_A,11
16628,visa,Tier_A,239
16629,visa,Tier_A,723
16630,visa,Tier_A,71
16631,visa,Tier_A,416
16632,visa,Tier_A,2672
16633,visa,Tier_A,3071
16634,visa,Tier_A,206
16635,visa,Tier_A,2768
16636,visa,Tier_A,1876
16637,visa,Tier_A,56
16638,visa,Tier_A,21
16639,visa,Tier_A,3034
16640,visa,Tier_A,213
16641,visa,Tier_A,792
16642,visa,Tier_A,72
16643,visa,Tier_A,2021
16644,visa,Tier_A,217
16645,visa,Tier_A,129
16646,visa,Tier_A,460
16647,visa,Tier_A,300
16648,visa,Tier_A,110
16649,visa,Tier_A,295
16650,visa,Tier_A,451
16651,visa,Tier_A,32
16652,visa,Tier_A,199
16653,visa,Tier_A,122
16654,visa,Tier_A,75
16655,visa,Tier_A,2817
16656,visa,Tier_A,238
16657,visa,Tier_A,1752
16658,visa,Tier_A,84
16659,visa,Tier_A,202
16660,visa,Tier_A,215
16661,visa,Tier_A,345
16662,visa,Tier_A,680
16663,visa,Tier_A,167
16664,visa,Tier_A,264
16665,visa,Tier_A,62
16666,visa,Tier_A,3552
16667,visa,Tier_A,1743
16668,visa,Tier_A,1314
16669,visa,Tier_A,134
16670,visa,Tier_A,17
16671,visa,Tier_A,560
16672,visa,Tier_A,332
16673,visa,Tier_A,67
16674,visa,Tier_A,415
16675,visa,Tier_A,2502
16676,visa,Tier_A,48
16677,visa,Tier_A,1046
16678,visa,Tier_A,3433
16679,visa,Tier_A,3019
16680,visa,Tier_A,3652
16681,visa,Tier_A,85
16682,visa,Tier_A,258
16683,visa,Tier_A,135
16684,visa,Tier_A,2544
16685,visa,Tier_A,503
16686,visa,Tier_A,79
16687,visa,Tier_A,88
16688,visa,Tier_A,994
16689,visa,Tier_A,974
16690,visa,Tier_A,128
16691,visa,Tier_A,3651
16692,visa,Tier_A,125
16693,visa,Tier_A,387
16694,visa,Tier_A,2964
16695,visa,Tier_A,3649
16696,visa,Tier_A,1648
16697,visa,Tier_A,2491
16698,visa,Tier_A,1922
16699,visa,Tier_A,846
16700,visa,Tier_A,435
16701,visa,Tier_A,131
16702,visa,Tier_A,2530
16703,visa,Tier_A,733
16704,visa,Tier_A,253
16705,visa,Tier_A,139
16706,visa,Tier_A,140
16707,visa,Tier_A,3035
16708,visa,Tier_A,2680
16709,visa,Tier_A,1696
16710,visa,Tier_A,1631
16711,visa,Tier_A,526
16712,visa,Tier_A,2484
16713,visa,Tier_A,1963
16714,visa,Tier_A,636
16715,visa,Tier_A,1011
16716,visa,Tier_A,1529
16717,visa,Tier_A,3915
16718,vk,Tier_C,283
16719,vk,Tier_C,849
16720,vk,Tier_C,20
16721,vk,Tier_C,125
16722,vk,Tier_C,228
16723,vk,Tier_C,1493
16724,vk,Tier_C,1
16725,vk,Tier_C,3
16726,vk,Tier_C,165
16727,vk,Tier_C,56
16728,vk,Tier_C,101
16729,vk,Tier_C,121
16730,vk,Tier_C,567
16731,vmware,Tier_C,1328
16732,vmware,Tier_C,2217
16733,vmware,Tier_C,2263
16734,vmware,Tier_C,875
16735,vmware,Tier_C,994
16736,vmware,Tier_C,142
16737,vmware,Tier_C,146
16738,vmware,Tier_C,981
16739,walmart-labs,Tier_A,1
16740,walmart-labs,Tier_A,3
16741,walmart-labs,Tier_A,4
16742,walmart-labs,Tier_A,5
16743,walmart-labs,Tier_A,11
16744,walmart-labs,Tier_A,14
16745,walmart-labs,Tier_A,15
16746,walmart-labs,Tier_A,20
16747,walmart-labs,Tier_A,22
16748,walmart-labs,Tier_A,23
16749,walmart-labs,Tier_A,25
16750,walmart-labs,Tier_A,33
16751,walmart-labs,Tier_A,36
16752,walmart-labs,Tier_A,39
16753,walmart-labs,Tier_A,41
16754,walmart-labs,Tier_A,42
16755,walmart-labs,Tier_A,1977
16756,walmart-labs,Tier_A,49
16757,walmart-labs,Tier_A,50
16758,walmart-labs,Tier_A,53
16759,walmart-labs,Tier_A,54
16760,walmart-labs,Tier_A,56
16761,walmart-labs,Tier_A,67
16762,walmart-labs,Tier_A,74
16763,walmart-labs,Tier_A,75
16764,walmart-labs,Tier_A,76
16765,walmart-labs,Tier_A,79
16766,walmart-labs,Tier_A,84
16767,walmart-labs,Tier_A,91
16768,walmart-labs,Tier_A,103
16769,walmart-labs,Tier_A,116
16770,walmart-labs,Tier_A,121
16771,walmart-labs,Tier_A,122
16772,walmart-labs,Tier_A,128
16773,walmart-labs,Tier_A,138
16774,walmart-labs,Tier_A,139
16775,walmart-labs,Tier_A,146
16776,walmart-labs,Tier_A,155
16777,walmart-labs,Tier_A,2072
16778,walmart-labs,Tier_A,189
16779,walmart-labs,Tier_A,198
16780,walmart-labs,Tier_A,199
16781,walmart-labs,Tier_A,200
16782,walmart-labs,Tier_A,207
16783,walmart-labs,Tier_A,210
16784,walmart-labs,Tier_A,215
16785,walmart-labs,Tier_A,44
16786,walmart-labs,Tier_A,2179
16787,walmart-labs,Tier_A,238
16788,walmart-labs,Tier_A,283
16789,walmart-labs,Tier_A,322
16790,walmart-labs,Tier_A,341
16791,walmart-labs,Tier_A,347
16792,walmart-labs,Tier_A,387
16793,walmart-labs,Tier_A,416
16794,walmart-labs,Tier_A,2406
16795,walmart-labs,Tier_A,460
16796,walmart-labs,Tier_A,2449
16797,walmart-labs,Tier_A,2541
16798,walmart-labs,Tier_A,560
16799,walmart-labs,Tier_A,716
16800,walmart-labs,Tier_A,2071
16801,walmart-labs,Tier_A,739
16802,walmart-labs,Tier_A,876
16803,walmart-labs,Tier_A,3005
16804,walmart-labs,Tier_A,1143
16805,walmart-labs,Tier_A,3090
16806,walmart-labs,Tier_A,1238
16807,walmart-labs,Tier_A,3179
16808,walmart-labs,Tier_A,1486
16809,walmart-labs,Tier_A,48
16810,walmart-labs,Tier_A,451
16811,walmart-labs,Tier_A,90
16812,walmart-labs,Tier_A,227
16813,walmart-labs,Tier_A,55
16814,walmart-labs,Tier_A,525
16815,walmart-labs,Tier_A,300
16816,walmart-labs,Tier_A,57
16817,walmart-labs,Tier_A,6
16818,walmart-labs,Tier_A,2461
16819,walmart-labs,Tier_A,162
16820,walmart-labs,Tier_A,1249
16821,walmart-labs,Tier_A,373
16822,walmart-labs,Tier_A,665
16823,walmart-labs,Tier_A,407
16824,walmart-labs,Tier_A,81
16825,walmart-labs,Tier_A,120
16826,walmart-labs,Tier_A,7
16827,walmart-labs,Tier_A,40
16828,walmart-labs,Tier_A,730
16829,walmart-labs,Tier_A,92
16830,walmart-labs,Tier_A,12
16831,walmart-labs,Tier_A,647
16832,walmart-labs,Tier_A,295
16833,walmart-labs,Tier_A,152
16834,walmart-labs,Tier_A,362
16835,walmart-labs,Tier_A,2423
16836,walmart-labs,Tier_A,153
16837,walmart-labs,Tier_A,490
16838,walmart-labs,Tier_A,994
16839,walmart-labs,Tier_A,1209
16840,walmart-labs,Tier_A,1823
16841,walmart-labs,Tier_A,253
16842,walmart-labs,Tier_A,735
16843,walmart-labs,Tier_A,78
16844,walmart-labs,Tier_A,543
16845,walmart-labs,Tier_A,305
16846,walmart-labs,Tier_A,498
16847,walmart-labs,Tier_A,19
16848,walmart-labs,Tier_A,73
16849,walmart-labs,Tier_A,13
16850,walmart-labs,Tier_A,1329
16851,walmart-labs,Tier_A,115
16852,walmart-labs,Tier_A,106
16853,walmart-labs,Tier_A,125
16854,walmart-labs,Tier_A,197
16855,walmart-labs,Tier_A,1011
16856,walmart-labs,Tier_A,402
16857,walmart-labs,Tier_A,72
16858,walmart-labs,Tier_A,556
16859,walmart-labs,Tier_A,442
16860,walmart-labs,Tier_A,52
16861,walmart-labs,Tier_A,31
16862,walmart-labs,Tier_A,1122
16863,walmart-labs,Tier_A,3696
16864,walmart-labs,Tier_A,694
16865,walmart-labs,Tier_A,438
16866,walmart-labs,Tier_A,395
16867,walmart-labs,Tier_A,141
16868,walmart-labs,Tier_A,2402
16869,walmart-labs,Tier_A,332
16870,walmart-labs,Tier_A,567
16871,walmart-labs,Tier_A,135
16872,walmart-labs,Tier_A,692
16873,walmart-labs,Tier_A,394
16874,walmart-labs,Tier_A,1926
16875,walmart-labs,Tier_A,1642
16876,walmart-labs,Tier_A,26
16877,walmart-labs,Tier_A,815
16878,walmart-labs,Tier_A,870
16879,walmart-labs,Tier_A,287
16880,walmart-labs,Tier_A,279
16881,walmart-labs,Tier_A,713
16882,warnermedia,Tier_C,273
16883,warnermedia,Tier_C,23
16884,warnermedia,Tier_C,289
16885,warnermedia,Tier_C,238
16886,warnermedia,Tier_C,2020
16887,warnermedia,Tier_C,341
16888,warnermedia,Tier_C,15
16889,warnermedia,Tier_C,13
16890,warnermedia,Tier_C,1
16891,wayfair,Tier_C,1014
16892,wayfair,Tier_C,125
16893,wayfair,Tier_C,1244
16894,wayfair,Tier_C,152
16895,wayfair,Tier_C,1604
16896,wayfair,Tier_C,1189
16897,wayfair,Tier_C,1957
16898,wayfair,Tier_C,2139
16899,wayfair,Tier_C,1405
16900,wayfair,Tier_C,1895
16901,wayfair,Tier_C,1194
16902,wayfair,Tier_C,1212
16903,wayfair,Tier_C,415
16904,wayfair,Tier_C,49
16905,wayfair,Tier_C,780
16906,wayfair,Tier_C,2950
16907,wayfair,Tier_C,844
16908,wayfair,Tier_C,1204
16909,wayfair,Tier_C,239
16910,wayfair,Tier_C,2380
16911,waymo,Tier_C,200
16912,waymo,Tier_C,1296
16913,waymo,Tier_C,348
16914,waymo,Tier_C,317
16915,waymo,Tier_C,149
16916,waymo,Tier_C,1197
16917,waymo,Tier_C,162
16918,waymo,Tier_C,253
16919,waymo,Tier_C,68
16920,waymo,Tier_C,84
16921,waymo,Tier_C,631
16922,waymo,Tier_C,939
16923,waymo,Tier_C,359
16924,waymo,Tier_C,1631
16925,waymo,Tier_C,10
16926,waymo,Tier_C,871
16927,waymo,Tier_C,1944
16928,waymo,Tier_C,269
16929,waymo,Tier_C,528
16930,waymo,Tier_C,2008
16931,waymo,Tier_C,304
16932,waymo,Tier_C,489
16933,waymo,Tier_C,305
16934,waymo,Tier_C,853
16935,wayve,Tier_C,2121
16936,wealthfront,Tier_C,2186
16937,wells-fargo,Tier_C,2904
16938,wells-fargo,Tier_C,2892
16939,wells-fargo,Tier_C,1953
16940,wells-fargo,Tier_C,238
16941,wells-fargo,Tier_C,796
16942,wells-fargo,Tier_C,1307
16943,wells-fargo,Tier_C,1768
16944,wells-fargo,Tier_C,703
16945,wells-fargo,Tier_C,54
16946,wells-fargo,Tier_C,14
16947,wells-fargo,Tier_C,2696
16948,wells-fargo,Tier_C,53
16949,wells-fargo,Tier_C,200
16950,wells-fargo,Tier_C,2062
16951,wells-fargo,Tier_C,460
16952,wells-fargo,Tier_C,253
16953,wells-fargo,Tier_C,844
16954,wells-fargo,Tier_C,160
16955,wells-fargo,Tier_C,20
16956,wells-fargo,Tier_C,146
16957,wells-fargo,Tier_C,2008
16958,wells-fargo,Tier_C,696
16959,wells-fargo,Tier_C,93
16960,wells-fargo,Tier_C,56
16961,weride,Tier_C,1235
16962,weride,Tier_C,3123
16963,weride,Tier_C,329
16964,weride,Tier_C,2592
16965,weride,Tier_C,778
16966,weride,Tier_C,68
16967,weride,Tier_C,2791
16968,weride,Tier_C,696
16969,weride,Tier_C,353
16970,weride,Tier_C,1559
16971,western-digital,Tier_C,1
16972,whatfix,Tier_C,146
16973,whatnot,Tier_C,49
16974,whatnot,Tier_C,200
16975,whatnot,Tier_C,680
16976,whatnot,Tier_C,1047
16977,whatnot,Tier_C,240
16978,whatnot,Tier_C,79
16979,whatnot,Tier_C,977
16980,whatnot,Tier_C,1152
16981,whatnot,Tier_C,221
16982,whatnot,Tier_C,253
16983,whatnot,Tier_C,935
16984,whatnot,Tier_C,973
16985,whatnot,Tier_C,278
16986,winzo,Tier_C,632
16987,wipro,Tier_C,1
16988,wipro,Tier_C,3
16989,wipro,Tier_C,9
16990,wipro,Tier_C,20
16991,wipro,Tier_C,7
16992,wipro,Tier_C,189
16993,wipro,Tier_C,3001
16994,wipro,Tier_C,451
16995,wipro,Tier_C,2667
16996,wipro,Tier_C,242
16997,wipro,Tier_C,14
16998,wipro,Tier_C,56
16999,wipro,Tier_C,67
17000,wipro,Tier_C,766
17001,wipro,Tier_C,118
17002,wipro,Tier_C,88
17003,wipro,Tier_C,49
17004,wise,Tier_C,713
17005,wise,Tier_C,221
17006,wise,Tier_C,348
17007,wise,Tier_C,3649
17008,wise,Tier_C,2451
17009,wish,Tier_C,1606
17010,wish,Tier_C,781
17011,wish,Tier_C,1193
17012,wish,Tier_C,1205
17013,wish,Tier_C,33
17014,wissen,Tier_C,128
17015,wissen,Tier_C,74
17016,wix,Tier_B,2
17017,wix,Tier_B,4
17018,wix,Tier_B,5
17019,wix,Tier_B,11
17020,wix,Tier_B,12
17021,wix,Tier_B,269
17022,wix,Tier_B,15
17023,wix,Tier_B,21
17024,wix,Tier_B,283
17025,wix,Tier_B,543
17026,wix,Tier_B,783
17027,wix,Tier_B,42
17028,wix,Tier_B,705
17029,wix,Tier_B,50
17030,wix,Tier_B,53
17031,wix,Tier_B,804
17032,wix,Tier_B,56
17033,wix,Tier_B,811
17034,wix,Tier_B,336
17035,wix,Tier_B,342
17036,wix,Tier_B,349
17037,wix,Tier_B,98
17038,wix,Tier_B,1048
17039,wix,Tier_B,1268
17040,wix,Tier_B,124
17041,wix,Tier_B,863
17042,wix,Tier_B,133
17043,wix,Tier_B,392
17044,wix,Tier_B,138
17045,wix,Tier_B,423
17046,wix,Tier_B,181
17047,wix,Tier_B,929
17048,wix,Tier_B,199
17049,wix,Tier_B,200
17050,wix,Tier_B,953
17051,wix,Tier_B,236
17052,wix,Tier_B,243
17053,wix,Tier_B,973
17054,wix,Tier_B,1169
17055,wix,Tier_B,249
17056,wix,Tier_B,2814
17057,wix,Tier_B,394
17058,wix,Tier_B,212
17059,wix,Tier_B,79
17060,wix,Tier_B,13
17061,wix,Tier_B,162
17062,wix,Tier_B,78
17063,wix,Tier_B,38
17064,wix,Tier_B,994
17065,wix,Tier_B,789
17066,wix,Tier_B,20
17067,wix,Tier_B,1650
17068,wix,Tier_B,420
17069,wix,Tier_B,317
17070,wix,Tier_B,1162
17071,wix,Tier_B,509
17072,workday,Tier_C,297
17073,workday,Tier_C,49
17074,workday,Tier_C,1328
17075,workday,Tier_C,11
17076,workday,Tier_C,713
17077,workday,Tier_C,75
17078,workday,Tier_C,347
17079,workday,Tier_C,46
17080,works-applications,Tier_C,15
17081,works-applications,Tier_C,630
17082,works-applications,Tier_C,629
17083,works-applications,Tier_C,179
17084,worldquant,Tier_C,10
17085,worldquant,Tier_C,2617
17086,worldquant,Tier_C,295
17087,worldquant,Tier_C,253
17088,woven-by-toyota,Tier_C,716
17089,xing,Tier_C,1901
17090,yahoo,Tier_B,1
17091,yahoo,Tier_B,4
17092,yahoo,Tier_B,9
17093,yahoo,Tier_B,13
17094,yahoo,Tier_B,14
17095,yahoo,Tier_B,20
17096,yahoo,Tier_B,33
17097,yahoo,Tier_B,39
17098,yahoo,Tier_B,54
17099,yahoo,Tier_B,98
17100,yahoo,Tier_B,104
17101,yahoo,Tier_B,139
17102,yahoo,Tier_B,141
17103,yahoo,Tier_B,146
17104,yahoo,Tier_B,200
17105,yahoo,Tier_B,206
17106,yahoo,Tier_B,217
17107,yahoo,Tier_B,284
17108,yahoo,Tier_B,297
17109,yahoo,Tier_B,347
17110,yahoo,Tier_B,394
17111,yahoo,Tier_B,424
17112,yahoo,Tier_B,479
17113,yahoo,Tier_B,491
17114,yahoo,Tier_B,560
17115,yahoo,Tier_B,624
17116,yahoo,Tier_B,693
17117,yahoo,Tier_B,1030
17118,yahoo,Tier_B,1091
17119,yahoo,Tier_B,93
17120,yahoo,Tier_B,399
17121,yahoo,Tier_B,341
17122,yahoo,Tier_B,162
17123,yahoo,Tier_B,79
17124,yahoo,Tier_B,253
17125,yandex,Tier_A,1
17126,yandex,Tier_A,2
17127,yandex,Tier_A,3
17128,yandex,Tier_A,4
17129,yandex,Tier_A,5
17130,yandex,Tier_A,7
17131,yandex,Tier_A,11
17132,yandex,Tier_A,20
17133,yandex,Tier_A,21
17134,yandex,Tier_A,22
17135,yandex,Tier_A,23
17136,yandex,Tier_A,27
17137,yandex,Tier_A,33
17138,yandex,Tier_A,42
17139,yandex,Tier_A,49
17140,yandex,Tier_A,56
17141,yandex,Tier_A,71
17142,yandex,Tier_A,76
17143,yandex,Tier_A,88
17144,yandex,Tier_A,98
17145,yandex,Tier_A,101
17146,yandex,Tier_A,103
17147,yandex,Tier_A,124
17148,yandex,Tier_A,121
17149,yandex,Tier_A,125
17150,yandex,Tier_A,136
17151,yandex,Tier_A,1004
17152,yandex,Tier_A,146
17153,yandex,Tier_A,153
17154,yandex,Tier_A,155
17155,yandex,Tier_A,161
17156,yandex,Tier_A,167
17157,yandex,Tier_A,169
17158,yandex,Tier_A,199
17159,yandex,Tier_A,200
17160,yandex,Tier_A,205
17161,yandex,Tier_A,206
17162,yandex,Tier_A,228
17163,yandex,Tier_A,234
17164,yandex,Tier_A,236
17165,yandex,Tier_A,235
17166,yandex,Tier_A,238
17167,yandex,Tier_A,242
17168,yandex,Tier_A,986
17169,yandex,Tier_A,279
17170,yandex,Tier_A,283
17171,yandex,Tier_A,300
17172,yandex,Tier_A,2241
17173,yandex,Tier_A,332
17174,yandex,Tier_A,340
17175,yandex,Tier_A,349
17176,yandex,Tier_A,350
17177,yandex,Tier_A,356
17178,yandex,Tier_A,362
17179,yandex,Tier_A,380
17180,yandex,Tier_A,387
17181,yandex,Tier_A,392
17182,yandex,Tier_A,395
17183,yandex,Tier_A,424
17184,yandex,Tier_A,438
17185,yandex,Tier_A,443
17186,yandex,Tier_A,485
17187,yandex,Tier_A,523
17188,yandex,Tier_A,1436
17189,yandex,Tier_A,560
17190,yandex,Tier_A,1493
17191,yandex,Tier_A,567
17192,yandex,Tier_A,605
17193,yandex,Tier_A,652
17194,yandex,Tier_A,658
17195,yandex,Tier_A,680
17196,yandex,Tier_A,2657
17197,yandex,Tier_A,771
17198,yandex,Tier_A,849
17199,yandex,Tier_A,896
17200,yandex,Tier_A,933
17201,yandex,Tier_A,1868
17202,yandex,Tier_A,977
17203,yandex,Tier_A,68
17204,yandex,Tier_A,674
17205,yandex,Tier_A,3105
17206,yandex,Tier_A,938
17207,yandex,Tier_A,17
17208,yandex,Tier_A,227
17209,yandex,Tier_A,26
17210,yandex,Tier_A,18
17211,yandex,Tier_A,322
17212,yandex,Tier_A,2743
17213,yandex,Tier_A,13
17214,yandex,Tier_A,2570
17215,yandex,Tier_A,470
17216,yandex,Tier_A,232
17217,yandex,Tier_A,1656
17218,yandex,Tier_A,19
17219,yandex,Tier_A,739
17220,yandex,Tier_A,102
17221,yandex,Tier_A,295
17222,yandex,Tier_A,415
17223,yandex,Tier_A,24
17224,yandex,Tier_A,1650
17225,yandex,Tier_A,53
17226,yandex,Tier_A,141
17227,yandex,Tier_A,2667
17228,yandex,Tier_A,1572
17229,yandex,Tier_A,1386
17230,yandex,Tier_A,239
17231,yandex,Tier_A,2665
17232,yandex,Tier_A,35
17233,yandex,Tier_A,2666
17234,yandex,Tier_A,1496
17235,yandex,Tier_A,994
17236,yandex,Tier_A,181
17237,yandex,Tier_A,643
17238,yandex,Tier_A,2215
17239,yandex,Tier_A,2956
17240,yandex,Tier_A,974
17241,yandex,Tier_A,2629
17242,yandex,Tier_A,209
17243,yandex,Tier_A,74
17244,yandex,Tier_A,1438
17245,yandex,Tier_A,150
17246,yandex,Tier_A,1464
17247,yandex,Tier_A,54
17248,yandex,Tier_A,281
17249,yandex,Tier_A,704
17250,yandex,Tier_A,1229
17251,yandex,Tier_A,347
17252,yandex,Tier_A,48
17253,yandex,Tier_A,9
17254,yatra,Tier_C,713
17255,yelp,Tier_C,1
17256,yelp,Tier_C,3
17257,yelp,Tier_C,14
17258,yelp,Tier_C,49
17259,yelp,Tier_C,56
17260,yelp,Tier_C,126
17261,yelp,Tier_C,127
17262,yelp,Tier_C,151
17263,yelp,Tier_C,1126
17264,yelp,Tier_C,206
17265,yelp,Tier_C,207
17266,yelp,Tier_C,218
17267,yelp,Tier_C,242
17268,yelp,Tier_C,347
17269,yelp,Tier_C,380
17270,yelp,Tier_C,381
17271,yelp,Tier_C,394
17272,yelp,Tier_C,1333
17273,yelp,Tier_C,443
17274,yelp,Tier_C,1436
17275,yelp,Tier_C,1455
17276,yelp,Tier_C,564
17277,yelp,Tier_C,599
17278,yelp,Tier_C,692
17279,yelp,Tier_C,784
17280,yelp,Tier_C,2904
17281,yelp,Tier_C,2038
17282,yugabyte,Tier_C,882
17283,yugabyte,Tier_C,410
17284,zalando,Tier_C,984
17285,zalando,Tier_C,860
17286,zalando,Tier_C,56
17287,zappos,Tier_C,557
17288,zemoso,Tier_C,5
17289,zemoso,Tier_C,300
17290,zendesk,Tier_C,2525
17291,zendesk,Tier_C,2591
17292,zenefits,Tier_C,4
17293,zenefits,Tier_C,20
17294,zenefits,Tier_C,22
17295,zenefits,Tier_C,42
17296,zenefits,Tier_C,52
17297,zenefits,Tier_C,109
17298,zenefits,Tier_C,125
17299,zenefits,Tier_C,146
17300,zenefits,Tier_C,155
17301,zenefits,Tier_C,168
17302,zenefits,Tier_C,169
17303,zenefits,Tier_C,200
17304,zenefits,Tier_C,206
17305,zenefits,Tier_C,207
17306,zenefits,Tier_C,210
17307,zenefits,Tier_C,229
17308,zenefits,Tier_C,239
17309,zenefits,Tier_C,251
17310,zenefits,Tier_C,255
17311,zenefits,Tier_C,261
17312,zenefits,Tier_C,317
17313,zepto,Tier_C,1094
17314,zepto,Tier_C,437
17315,zepto,Tier_C,1385
17316,zepto,Tier_C,2659
17317,zepto,Tier_C,1905
17318,zepto,Tier_C,781
17319,zepto,Tier_C,875
17320,zepto,Tier_C,33
17321,zepto,Tier_C,63
17322,zepto,Tier_C,128
17323,zepto,Tier_C,983
17324,zepto,Tier_C,424
17325,zepto,Tier_C,56
17326,zepto,Tier_C,162
17327,zepto,Tier_C,962
17328,zepto,Tier_C,29
17329,zepto,Tier_C,994
17330,zepto,Tier_C,687
17331,zepto,Tier_C,200
17332,zepto,Tier_C,31
17333,zepto,Tier_C,239
17334,zepto,Tier_C,3026
17335,zepto,Tier_C,215
17336,zepto,Tier_C,3
17337,zeta,Tier_B,621
17338,zeta,Tier_B,2896
17339,zeta,Tier_B,502
17340,zeta,Tier_B,503
17341,zeta,Tier_B,25
17342,zeta,Tier_B,3
17343,zeta,Tier_B,1011
17344,zeta,Tier_B,42
17345,zeta,Tier_B,250
17346,zeta,Tier_B,380
17347,zeta,Tier_B,76
17348,zeta,Tier_B,410
17349,zeta,Tier_B,402
17350,zeta,Tier_B,85
17351,zeta,Tier_B,132
17352,zeta,Tier_B,475
17353,zeta,Tier_B,546
17354,zeta,Tier_B,53
17355,zeta,Tier_B,2115
17356,zeta,Tier_B,239
17357,zeta,Tier_B,2616
17358,zeta,Tier_B,968
17359,zeta,Tier_B,698
17360,zeta,Tier_B,375
17361,zeta,Tier_B,2381
17362,zeta,Tier_B,56
17363,zeta,Tier_B,4
17364,zeta,Tier_B,979
17365,zeta,Tier_B,139
17366,zeta,Tier_B,3607
17367,zeta,Tier_B,198
17368,zeta-suite,Tier_C,2176
17369,zeta-suite,Tier_C,121
17370,zillow,Tier_C,48
17371,zip,Tier_C,752
17372,zip,Tier_C,1642
17373,zip,Tier_C,337
17374,zip,Tier_C,913
17375,ziprecruiter,Tier_C,3071
17376,ziprecruiter,Tier_C,3043
17377,ziprecruiter,Tier_C,994
17378,ziprecruiter,Tier_C,1366
17379,zluri,Tier_C,3205
17380,zluri,Tier_C,3221
17381,zocdoc,Tier_C,146
17382,zoho,Tier_A,1
17383,zoho,Tier_A,3
17384,zoho,Tier_A,5
17385,zoho,Tier_A,6
17386,zoho,Tier_A,9
17387,zoho,Tier_A,11
17388,zoho,Tier_A,12
17389,zoho,Tier_A,13
17390,zoho,Tier_A,14
17391,zoho,Tier_A,10
17392,zoho,Tier_A,16
17393,zoho,Tier_A,17
17394,zoho,Tier_A,15
17395,zoho,Tier_A,20
17396,zoho,Tier_A,22
17397,zoho,Tier_A,26
17398,zoho,Tier_A,28
17399,zoho,Tier_A,4
17400,zoho,Tier_A,33
17401,zoho,Tier_A,35
17402,zoho,Tier_A,36
17403,zoho,Tier_A,39
17404,zoho,Tier_A,38
17405,zoho,Tier_A,42
17406,zoho,Tier_A,44
17407,zoho,Tier_A,48
17408,zoho,Tier_A,49
17409,zoho,Tier_A,51
17410,zoho,Tier_A,53
17411,zoho,Tier_A,54
17412,zoho,Tier_A,55
17413,zoho,Tier_A,56
17414,zoho,Tier_A,59
17415,zoho,Tier_A,70
17416,zoho,Tier_A,72
17417,zoho,Tier_A,75
17418,zoho,Tier_A,78
17419,zoho,Tier_A,79
17420,zoho,Tier_A,88
17421,zoho,Tier_A,91
17422,zoho,Tier_A,93
17423,zoho,Tier_A,121
17424,zoho,Tier_A,122
17425,zoho,Tier_A,128
17426,zoho,Tier_A,139
17427,zoho,Tier_A,151
17428,zoho,Tier_A,165
17429,zoho,Tier_A,171
17430,zoho,Tier_A,189
17431,zoho,Tier_A,198
17432,zoho,Tier_A,200
17433,zoho,Tier_A,202
17434,zoho,Tier_A,205
17435,zoho,Tier_A,1299
17436,zoho,Tier_A,2164
17437,zoho,Tier_A,238
17438,zoho,Tier_A,273
17439,zoho,Tier_A,2221
17440,zoho,Tier_A,283
17441,zoho,Tier_A,287
17442,zoho,Tier_A,290
17443,zoho,Tier_A,322
17444,zoho,Tier_A,345
17445,zoho,Tier_A,1275
17446,zoho,Tier_A,394
17447,zoho,Tier_A,416
17448,zoho,Tier_A,435
17449,zoho,Tier_A,498
17450,zoho,Tier_A,735
17451,zoho,Tier_A,1768
17452,zoho,Tier_A,1823
17453,zoho,Tier_A,1854
17454,zoho,Tier_A,1910
17455,zoho,Tier_A,84
17456,zoho,Tier_A,227
17457,zoho,Tier_A,212
17458,zoho,Tier_A,1047
17459,zoho,Tier_A,539
17460,zoho,Tier_A,32
17461,zoho,Tier_A,179
17462,zoho,Tier_A,829
17463,zoho,Tier_A,37
17464,zoho,Tier_A,8
17465,zoho,Tier_A,217
17466,zoho,Tier_A,85
17467,zoho,Tier_A,518
17468,zoho,Tier_A,69
17469,zoho,Tier_A,488
17470,zoho,Tier_A,166
17471,zoho,Tier_A,739
17472,zoho,Tier_A,443
17473,zoho,Tier_A,451
17474,zoho,Tier_A,118
17475,zoho,Tier_A,169
17476,zoho,Tier_A,125
17477,zoho,Tier_A,43
17478,zoho,Tier_A,949
17479,zoho,Tier_A,73
17480,zoho,Tier_A,162
17481,zoho,Tier_A,916
17482,zoho,Tier_A,97
17483,zoho,Tier_A,994
17484,zoho,Tier_A,2305
17485,zoho,Tier_A,2133
17486,zoho,Tier_A,1512
17487,zoho,Tier_A,560
17488,zoho,Tier_A,2
17489,zoho,Tier_A,859
17490,zoho,Tier_A,349
17491,zoho,Tier_A,1353
17492,zoho,Tier_A,21
17493,zoho,Tier_A,174
17494,zoho,Tier_A,76
17495,zoho,Tier_A,328
17496,zoho,Tier_A,1781
17497,zoho,Tier_A,215
17498,zoho,Tier_A,64
17499,zoho,Tier_A,1963
17500,zoho,Tier_A,796
17501,zoho,Tier_A,45
17502,zoho,Tier_A,1636
17503,zoho,Tier_A,316
17504,zoho,Tier_A,542
17505,zoho,Tier_A,767
17506,zoho,Tier_A,18
17507,zoho,Tier_A,1108
17508,zoho,Tier_A,494
17509,zoho,Tier_A,463
17510,zoho,Tier_A,452
17511,zoho,Tier_A,516
17512,zoho,Tier_A,347
17513,zoho,Tier_A,540
17514,zoho,Tier_A,134
17515,zoho,Tier_A,2824
17516,zoho,Tier_A,1732
17517,zoho,Tier_A,925
17518,zoho,Tier_A,420
17519,zoho,Tier_A,149
17520,zoho,Tier_A,167
17521,zoho,Tier_A,904
17522,zoho,Tier_A,503
17523,zoho,Tier_A,279
17524,zoho,Tier_A,213
17525,zoho,Tier_A,695
17526,zoho,Tier_A,219
17527,zoho,Tier_A,1394
17528,zoho,Tier_A,1678
17529,zoho,Tier_A,40
17530,zoho,Tier_A,387
17531,zoho,Tier_A,961
17532,zoho,Tier_A,392
17533,zoho,Tier_A,239
17534,zoho,Tier_A,455
17535,zoho,Tier_A,2965
17536,zoho,Tier_A,557
17537,zoho,Tier_A,115
17538,zoho,Tier_A,62
17539,zoho,Tier_A,168
17540,zoho,Tier_A,146
17541,zoho,Tier_A,747
17542,zoho,Tier_A,66
17543,zoho,Tier_A,3827
17544,zoho,Tier_A,268
17545,zoho,Tier_A,242
17546,zoho,Tier_A,34
17547,zoho,Tier_A,1689
17548,zoho,Tier_A,704
17549,zoho,Tier_A,860
17550,zoho,Tier_A,402
17551,zoho,Tier_A,3853
17552,zoho,Tier_A,2114
17553,zoho,Tier_A,207
17554,zoho,Tier_A,1185
17555,zomato,Tier_C,2931
17556,zomato,Tier_C,2584
17557,zomato,Tier_C,2505
17558,zomato,Tier_C,2608
17559,zomato,Tier_C,2147
17560,zomato,Tier_C,15
17561,zomato,Tier_C,41
17562,zomato,Tier_C,460
17563,zomato,Tier_C,200
17564,zomato,Tier_C,335
17565,zomato,Tier_C,2145
17566,zomato,Tier_C,909
17567,zomato,Tier_C,53
17568,zomato,Tier_C,3
17569,zomato,Tier_C,260
17570,zomato,Tier_C,221
17571,zomato,Tier_C,540
17572,zomato,Tier_C,205
17573,zomato,Tier_C,207
17574,zomato,Tier_C,358
17575,zomato,Tier_C,218
17576,zomato,Tier_C,626
17577,zomato,Tier_C,46
17578,zomato,Tier_C,283
17579,zomato,Tier_C,39
17580,zomato,Tier_C,240
17581,zomato,Tier_C,56
17582,zoom,Tier_C,1141
17583,zoom,Tier_C,1142
17584,zoom,Tier_C,212
17585,zoom,Tier_C,146
17586,zoox,Tier_C,121
17587,zoox,Tier_C,1419
17588,zoox,Tier_C,227
17589,zoox,Tier_C,994
17590,zoox,Tier_C,443
17591,zoox,Tier_C,149
17592,zopsmart,Tier_C,6
17593,zopsmart,Tier_C,2074
17594,zopsmart,Tier_C,42
17595,zopsmart,Tier_C,49
17596,zopsmart,Tier_C,76
17597,zopsmart,Tier_C,592
17598,zopsmart,Tier_C,15
17599,zopsmart,Tier_C,11
17600,zopsmart,Tier_C,402
17601,zopsmart,Tier_C,299
17602,zopsmart,Tier_C,17
17603,zopsmart,Tier_C,151
17604,zopsmart,Tier_C,25
17605,zopsmart,Tier_C,5
17606,zopsmart,Tier_C,3602
17607,zopsmart,Tier_C,242
17608,zopsmart,Tier_C,991
17609,zopsmart,Tier_C,394
17610,zopsmart,Tier_C,14
17611,zs-associates,Tier_C,594
17612,zs-associates,Tier_C,1139
17613,zs-associates,Tier_C,177
17614,zs-associates,Tier_C,238
17615,zs-associates,Tier_C,176
17616,zs-associates,Tier_C,20
17617,zs-associates,Tier_C,5
17618,zs-associates,Tier_C,3
17619,zs-associates,Tier_C,570
17620,zs-associates,Tier_C,907
17621,zscaler,Tier_C,1041
17622,zscaler,Tier_C,2932
17623,zscaler,Tier_C,2935
17624,zscaler,Tier_C,1154
17625,zscaler,Tier_C,3091
17626,zscaler,Tier_C,2231
17627,zscaler,Tier_C,1283
17628,zscaler,Tier_C,465
17629,zscaler,Tier_C,33
17630,zscaler,Tier_C,2964
17631,zscaler,Tier_C,945
17632,zscaler,Tier_C,127
17633,zscaler,Tier_C,2366
17634,zscaler,Tier_C,73
17635,zscaler,Tier_C,146
17636,zscaler,Tier_C,273
17637,zulily,Tier_C,20
17638,zulily,Tier_C,45
17639,zynga,Tier_C,206
17640,zynga,Tier_C,692
